insert into continent(continent_id, continent_name) values (1, 'America');
insert into continent(continent_id, continent_name) values (2, 'Europe');

--inserted 2 continents

insert into country (continent_id, country_name) values (2, 'Albania');
insert into country (continent_id, country_name) values (1, 'Argentina');
insert into country (continent_id, country_name) values (2, 'Belgium');
insert into country (continent_id, country_name) values (1, 'Brazil');
insert into country (continent_id, country_name) values (2, 'Bulgaria');
insert into country (continent_id, country_name) values (1, 'Canada');
insert into country (continent_id, country_name) values (1, 'Chile');
insert into country (continent_id, country_name) values (1, 'Colombia');
insert into country (continent_id, country_name) values (1, 'Costa Rica');
insert into country (continent_id, country_name) values (2, 'Croatia');
insert into country (continent_id, country_name) values (2, 'Cyprus');
insert into country (continent_id, country_name) values (2, 'Denmark');
insert into country (continent_id, country_name) values (1, 'Ecuador');
insert into country (continent_id, country_name) values (1, 'El Salvador');
insert into country (continent_id, country_name) values (2, 'Estonia');
insert into country (continent_id, country_name) values (2, 'Finland');
insert into country (continent_id, country_name) values (2, 'France');
insert into country (continent_id, country_name) values (2, 'Georgia');
insert into country (continent_id, country_name) values (2, 'Germany');
insert into country (continent_id, country_name) values (2, 'Greece');
insert into country (continent_id, country_name) values (1, 'Guatemala');
insert into country (continent_id, country_name) values (2, 'Iceland');
insert into country (continent_id, country_name) values (2, 'Ireland');
insert into country (continent_id, country_name) values (2, 'Italy');
insert into country (continent_id, country_name) values (2, 'Malta');
insert into country (continent_id, country_name) values (1, 'Mexico');
insert into country (continent_id, country_name) values (2, 'Monaco');
insert into country (continent_id, country_name) values (2, 'Netherlands');
insert into country (continent_id, country_name) values (2, 'Norway');
insert into country (continent_id, country_name) values (1, 'Panama');
insert into country (continent_id, country_name) values (1, 'Peru');
insert into country (continent_id, country_name) values (2, 'Poland');
insert into country (continent_id, country_name) values (2, 'Portugal');
insert into country (continent_id, country_name) values (2, 'Romania');
insert into country (continent_id, country_name) values (2, 'Russia');
insert into country (continent_id, country_name) values (2, 'Slovenia');
insert into country (continent_id, country_name) values (2, 'Spain');
insert into country (continent_id, country_name) values (2, 'Sweden');
insert into country (continent_id, country_name) values (2, 'Turkey');
insert into country (continent_id, country_name) values (2, 'Ukraine');
insert into country (continent_id, country_name) values (2, 'United Kingdom');
insert into country (continent_id, country_name) values (1, 'United States');
insert into country (continent_id, country_name) values (1, 'Uruguay');

 --inserted 43 countries

insert into PlaceLocation (location_id, locationlatitude, locationLongitude, country) values (4251, 34.91666667, 33.65, 'Cyprus');
insert into PlaceLocation (location_id, locationlatitude, locationLongitude, country) values (3463, 35.84194, 14.54306, 'Malta');
insert into PlaceLocation (location_id, locationlatitude, locationLongitude, country) values (3485, 56.15, 10.21666667, 'Denmark');
insert into PlaceLocation (location_id, locationlatitude, locationLongitude, country) values (1153, 55.7, 12.61666667, 'Denmark');
insert into PlaceLocation (location_id, locationlatitude, locationLongitude, country) values (2736, -17, -72.1, 'Peru');
insert into PlaceLocation (location_id, locationlatitude, locationLongitude, country) values (4366, 44.4, 8.933333333, 'Italy');
insert into PlaceLocation (location_id, locationlatitude, locationLongitude, country) values (1858, 64.3572, -21.7781, 'Iceland');
insert into PlaceLocation (location_id, locationlatitude, locationLongitude, country) values (5651, 54.7, 20.48333333, 'Russia');
insert into PlaceLocation (location_id, locationlatitude, locationLongitude, country) values (2306, 54.35, 18.68333333, 'Poland');
insert into PlaceLocation (location_id, locationlatitude, locationLongitude, country) values (4289, 41.18333333, -8.7, 'Portugal');
insert into PlaceLocation (location_id, locationlatitude, locationLongitude, country) values (3373, 45.43333333, 12.33333333, 'Italy');
insert into PlaceLocation (location_id, locationlatitude, locationLongitude, country) values (1064, 38.5, -8.916666667, 'Portugal');
insert into PlaceLocation (location_id, locationlatitude, locationLongitude, country) values (4001, -38.78333333, -62.26666667, 'Argentina');
insert into PlaceLocation (location_id, locationlatitude, locationLongitude, country) values (7054, 1, -79.63333333, 'Ecuador');
insert into PlaceLocation (location_id, locationlatitude, locationLongitude, country) values (5191, 19.05, -104.3333333, 'Mexico');
insert into PlaceLocation (location_id, locationlatitude, locationLongitude, country) values (1659, 44.16666667, 28.65, 'Romania');
insert into PlaceLocation (location_id, locationlatitude, locationLongitude, country) values (6108, 45.41666667, 28.08333333, 'Romania');
insert into PlaceLocation (location_id, locationlatitude, locationLongitude, country) values (4872, 33.71666667, -118.2666667, 'United States');
insert into PlaceLocation (location_id, locationlatitude, locationLongitude, country) values (698, 13.33333333, -87.81666667, 'El Salvador');
insert into PlaceLocation (location_id, locationlatitude, locationLongitude, country) values (1741, 60.16666667, 24.95, 'Finland');
insert into PlaceLocation (location_id, locationlatitude, locationLongitude, country) values (1079, 60.46666667, 26.95, 'Finland');
insert into PlaceLocation (location_id, locationlatitude, locationLongitude, country) values (8378, 41.33333333, 2.166666667, 'Spain');
insert into PlaceLocation (location_id, locationlatitude, locationLongitude, country) values (9845, -34.9, -56.21666667, 'Uruguay');
insert into PlaceLocation (location_id, locationlatitude, locationLongitude, country) values (5550, 48.4, -4.5, 'France');
insert into PlaceLocation (location_id, locationlatitude, locationLongitude, country) values (94, 41.65, 41.63333333, 'Georgia');
insert into PlaceLocation (location_id, locationlatitude, locationLongitude, country) values (9937, 40.48333333, 19.48333333, 'Albania');
insert into PlaceLocation (location_id, locationlatitude, locationLongitude, country) values (1114, 51.05, 2.366666667, 'France');
insert into PlaceLocation (location_id, locationlatitude, locationLongitude, country) values (9616, 38.53333333, -28.61666667, 'Portugal');
insert into PlaceLocation (location_id, locationlatitude, locationLongitude, country) values (7393, 59.88333333, 30.21666667, 'Russia');
insert into PlaceLocation (location_id, locationlatitude, locationLongitude, country) values (3195, 37.73333333, -25.66666667, 'Portugal');
insert into PlaceLocation (location_id, locationlatitude, locationLongitude, country) values (2996, 42.13333333, 41.65, 'Georgia');
insert into PlaceLocation (location_id, locationlatitude, locationLongitude, country) values (9214, 59.45, 24.76666667, 'Estonia');
insert into PlaceLocation (location_id, locationlatitude, locationLongitude, country) values (3530, 39.45, -0.3, 'Spain');
insert into PlaceLocation (location_id, locationlatitude, locationLongitude, country) values (5294, 51.23333333, 4.466666667, 'Belgium');
insert into PlaceLocation (location_id, locationlatitude, locationLongitude, country) values (9339, 51.33333333, 3.2, 'Belgium');
insert into PlaceLocation (location_id, locationlatitude, locationLongitude, country) values (3418, 54.15, 12.1, 'Germany');
insert into PlaceLocation (location_id, locationlatitude, locationLongitude, country) values (843, -32.06666667, -52.06666667, 'Brazil');
insert into PlaceLocation (location_id, locationlatitude, locationLongitude, country) values (7410, -12.96666667, -38.51666667, 'Brazil');
insert into PlaceLocation (location_id, locationlatitude, locationLongitude, country) values (4879, 58.26666667, 11.41666667, 'Sweden');
insert into PlaceLocation (location_id, locationlatitude, locationLongitude, country) values (8801, 42.5, 27.48333333, 'Bulgaria');
insert into PlaceLocation (location_id, locationlatitude, locationLongitude, country) values (2778, 43.2, 27.95, 'Bulgaria');
insert into PlaceLocation (location_id, locationlatitude, locationLongitude, country) values (5827, 59.33333333, 18.05, 'Sweden');
insert into PlaceLocation (location_id, locationlatitude, locationLongitude, country) values (7203, 45.55, 13.73333333, 'Slovenia');
insert into PlaceLocation (location_id, locationlatitude, locationLongitude, country) values (7743, 19.2, -96.13333333, 'Mexico');
insert into PlaceLocation (location_id, locationlatitude, locationLongitude, country) values (2377, 43.73333333, 7.45, 'Monaco');
insert into PlaceLocation (location_id, locationlatitude, locationLongitude, country) values (3075, 43.5, 16.43333333, 'Croatia');
insert into PlaceLocation (location_id, locationlatitude, locationLongitude, country) values (2317, 37.95, 23.63333333, 'Greece');
insert into PlaceLocation (location_id, locationlatitude, locationLongitude, country) values (9517, 38.03333333, 23.58333333, 'Greece');
insert into PlaceLocation (location_id, locationlatitude, locationLongitude, country) values (7321, 44.65, -63.56666667, 'Canada');
insert into PlaceLocation (location_id, locationlatitude, locationLongitude, country) values (9364, 36.76666667, 34.65, 'Turkey');
insert into PlaceLocation (location_id, locationlatitude, locationLongitude, country) values (7903, 45.51666667, 13.6, 'Slovenia');
insert into PlaceLocation (location_id, locationlatitude, locationLongitude, country) values (7428, 51.45, 3.6, 'Netherlands');
insert into PlaceLocation (location_id, locationlatitude, locationLongitude, country) values (621, 32.65, -16.91666667, 'Portugal');
insert into PlaceLocation (location_id, locationlatitude, locationLongitude, country) values (379, 45.51666667, 13.68333333, 'Slovenia');
insert into PlaceLocation (location_id, locationlatitude, locationLongitude, country) values (4147, 45.31666667, 14.43333333, 'Croatia');
insert into PlaceLocation (location_id, locationlatitude, locationLongitude, country) values (7349, 40.66666667, -74.16666667, 'United States');
insert into PlaceLocation (location_id, locationlatitude, locationLongitude, country) values (46, 49.28333333, -123.1166667, 'Canada');
insert into PlaceLocation (location_id, locationlatitude, locationLongitude, country) values (122, 60.38333333, 5.3, 'Norway');
insert into PlaceLocation (location_id, locationlatitude, locationLongitude, country) values (3905, -34.56666667, -58.38333333, 'Argentina');
insert into PlaceLocation (location_id, locationlatitude, locationLongitude, country) values (3169, -23.93333333, -46.31666667, 'Brazil');
insert into PlaceLocation (location_id, locationlatitude, locationLongitude, country) values (7603, 68.41666667, 17.41666667, 'Norway');
insert into PlaceLocation (location_id, locationlatitude, locationLongitude, country) values (2671, -36.73333333, -73.15, 'Chile');
insert into PlaceLocation (location_id, locationlatitude, locationLongitude, country) values (1179, -33.01666667, -71.63333333, 'Chile');
insert into PlaceLocation (location_id, locationlatitude, locationLongitude, country) values (5665, 3.916666667, -77.05, 'Colombia');
insert into PlaceLocation (location_id, locationlatitude, locationLongitude, country) values (7478, 10.41666667, -75.53333333, 'Colombia');
insert into PlaceLocation (location_id, locationlatitude, locationLongitude, country) values (8964, 10, -83.01666667, 'Costa Rica');
insert into PlaceLocation (location_id, locationlatitude, locationLongitude, country) values (9229, 53.46666667, -3.033333333, 'United Kingdom');
insert into PlaceLocation (location_id, locationlatitude, locationLongitude, country) values (2700, 51.5, -0.066666667, 'United Kingdom');
insert into PlaceLocation (location_id, locationlatitude, locationLongitude, country) values (984, 53.35, -6.266666667, 'Ireland');
insert into PlaceLocation (location_id, locationlatitude, locationLongitude, country) values (5056, -2.266666667, -79.9, 'Ecuador');
insert into PlaceLocation (location_id, locationlatitude, locationLongitude, country) values (5447, 13.91666667, -90.78333333, 'Guatemala');
insert into PlaceLocation (location_id, locationlatitude, locationLongitude, country) values (7907, -12.05, -77.16666667, 'Peru');
insert into PlaceLocation (location_id, locationlatitude, locationLongitude, country) values (2519, 45.01666667, 35.38333333, 'Ukraine');
insert into PlaceLocation (location_id, locationlatitude, locationLongitude, country) values (1031, 9.35, -79.91666667, 'Panama');
insert into PlaceLocation (location_id, locationlatitude, locationLongitude, country) values (4441, 8.966666667, -79.56666667, 'Panama');
insert into PlaceLocation (location_id, locationlatitude, locationLongitude, country) values (7681, 53.55, 9.983333333, 'Germany');
insert into PlaceLocation (location_id, locationlatitude, locationLongitude, country) values (6693, 40.48333333, 19.48333333, 'Albania');
insert into PlaceLocation (location_id, locationlatitude, locationLongitude, country) values (2141, 40.98333333, 28.53333333, 'Turkey');

--inserted 78 place locations

insert into port (port_id, name, location_id) values (10136, 'Larnaca', 4251);
insert into port (port_id, name, location_id) values (10138, 'Marsaxlokk', 3463);
insert into port (port_id, name, location_id) values (10358, 'Aarhus', 3485);
insert into port (port_id, name, location_id) values (10563, 'Copenhagen', 1153);
insert into port (port_id, name, location_id) values (10860, 'Matarani', 2736);
insert into port (port_id, name, location_id) values (11174, 'Genoa', 4366);
insert into port (port_id, name, location_id) values (11180, 'Grundartangi', 1858);
insert into port (port_id, name, location_id) values (11771, 'Kaliningrad', 5651);
insert into port (port_id, name, location_id) values (12543, 'Gdansk', 2306);
insert into port (port_id, name, location_id) values (13012, 'Leixoes', 4289);
insert into port (port_id, name, location_id) values (13176, 'Venice', 3373);
insert into port (port_id, name, location_id) values (13390, 'Setubal', 1064);
insert into port (port_id, name, location_id) values (14113, 'Bahia Blanca', 4001);
insert into port (port_id, name, location_id) values (14226, 'Esmeraldas', 7054);
insert into port (port_id, name, location_id) values (14277, 'Manzanillo', 5191);
insert into port (port_id, name, location_id) values (14459, 'Constantza', 1659);
insert into port (port_id, name, location_id) values (14470, 'Galatz', 6108);
insert into port (port_id, name, location_id) values (14635, 'Los Angeles', 4872);
insert into port (port_id, name, location_id) values (15107, 'Cutuco', 698);
insert into port (port_id, name, location_id) values (16485, 'Helsinki', 1741);
insert into port (port_id, name, location_id) values (16737, 'Kotka', 1079);
insert into port (port_id, name, location_id) values (17386, 'Barcelona', 8378);
insert into port (port_id, name, location_id) values (17941, 'Montevideo', 9845);
insert into port (port_id, name, location_id) values (18012, 'Brest', 5550);
insert into port (port_id, name, location_id) values (18137, 'Batumi', 94);
insert into port (port_id, name, location_id) values (18200, 'Vlore', 9937);
insert into port (port_id, name, location_id) values (18326, 'Dunkirk', 1114);
insert into port (port_id, name, location_id) values (18433, 'Horta', 9616);
insert into port (port_id, name, location_id) values (18454, 'St Petersburg', 7393);
insert into port (port_id, name, location_id) values (18476, 'Ponta Delgada', 3195);
insert into port (port_id, name, location_id) values (18682, 'Poti', 2996);
insert into port (port_id, name, location_id) values (18867, 'Tallinn', 9214);
insert into port (port_id, name, location_id) values (18937, 'Valencia', 3530);
insert into port (port_id, name, location_id) values (19057, 'Antwerp', 5294);
insert into port (port_id, name, location_id) values (19473, 'Zeebrugge', 9339);
insert into port (port_id, name, location_id) values (20072, 'Rostock', 3418);
insert into port (port_id, name, location_id) values (20301, 'Rio Grande', 843);
insert into port (port_id, name, location_id) values (20351, 'Salvador', 7410);
insert into port (port_id, name, location_id) values (20512, 'Lysekil', 4879);
insert into port (port_id, name, location_id) values (20826, 'Bourgas', 8801);
insert into port (port_id, name, location_id) values (20847, 'Varna', 2778);
insert into port (port_id, name, location_id) values (21206, 'Stockholm', 5827);
insert into port (port_id, name, location_id) values (21381, 'Koper', 7203);
insert into port (port_id, name, location_id) values (21451, 'Veracruz', 7743);
insert into port (port_id, name, location_id) values (21457, 'Monaco', 2377);
insert into port (port_id, name, location_id) values (21556, 'Split', 3075);
insert into port (port_id, name, location_id) values (21852, 'Piraeus', 2317);
insert into port (port_id, name, location_id) values (21863, 'Aspropyrgos', 9517);
insert into port (port_id, name, location_id) values (22226, 'Halifax', 7321);
insert into port (port_id, name, location_id) values (22522, 'Mersin', 9364);
insert into port (port_id, name, location_id) values (22770, 'Piran', 7903);
insert into port (port_id, name, location_id) values (23247, 'Vlissingen', 7428);
insert into port (port_id, name, location_id) values (23428, 'Funchal', 621);
insert into port (port_id, name, location_id) values (24795, 'Izola', 379);
insert into port (port_id, name, location_id) values (24951, 'Rijeka', 4147);
insert into port (port_id, name, location_id) values (25007, 'New Jersey', 7349);
insert into port (port_id, name, location_id) values (25350, 'Vancouver', 46);
insert into port (port_id, name, location_id) values (26147, 'Bergen', 122);
insert into port (port_id, name, location_id) values (26670, 'Buenos Aires', 3905);
insert into port (port_id, name, location_id) values (27248, 'Santos', 3169);
insert into port (port_id, name, location_id) values (27728, 'Narvik', 7603);
insert into port (port_id, name, location_id) values (27792, 'San Vicente', 2671);
insert into port (port_id, name, location_id) values (28082, 'Valparaiso', 1179);
insert into port (port_id, name, location_id) values (28261, 'Buenaventura', 5665);
insert into port (port_id, name, location_id) values (28313, 'Cartagena', 7478);
insert into port (port_id, name, location_id) values (28781, 'Puerto Limon', 8964);
insert into port (port_id, name, location_id) values (29002, 'Liverpool', 9229);
insert into port (port_id, name, location_id) values (29239, 'London', 2700);
insert into port (port_id, name, location_id) values (29749, 'Dublin', 984);
insert into port (port_id, name, location_id) values (29876, 'Guayaquil', 5056);
insert into port (port_id, name, location_id) values (29973, 'Puerto Quetzal', 5447);
insert into port (port_id, name, location_id) values (30045, 'Callao', 7907);
insert into port (port_id, name, location_id) values (213737, 'Feodosia', 2519);
insert into port (port_id, name, location_id) values (216592, 'Cristobal', 1031);
insert into port (port_id, name, location_id) values (216593, 'Balboa', 4441);
insert into port (port_id, name, location_id) values (224858, 'Hamburg', 7681);
insert into port (port_id, name, location_id) values (228264, 'Vlone', 6693);
insert into port (port_id, name, location_id) values (246265, 'Ambarli', 2141);

--inserted 78 ports


insert into ship (mmsi, vesseltypeid, imo, callsign, shipname, currentcapacity, draft, length, width) values (210950000, 70, 'IMO9395044', 'C4SQ2', 'VARAMO', 'NA', 9.5, 166, 25);
insert into ship (mmsi, vesseltypeid, imo, callsign, shipname, currentcapacity, draft, length, width) values (212180000, 70, 'IMO9643544', '5BBA4', 'SAITA I', 'NA', 14.4, 228, 32);
insert into ship (mmsi, vesseltypeid, imo, callsign, shipname, currentcapacity, draft, length, width) values (212351000, 70, 'IMO9305685', '5BZP3', 'HYUNDAI SINGAPORE', '79', 14.5, 303, 40);
insert into ship (mmsi, vesseltypeid, imo, callsign, shipname, currentcapacity, draft, length, width) values (228339600, 70, 'IMO9450648', 'FLSU', 'CMA CGM ALMAVIVA', '79', 15, 334, 42);
insert into ship (mmsi, vesseltypeid, imo, callsign, shipname, currentcapacity, draft, length, width) values (229767000, 80, 'IMO9645970', '9HA3589', 'ARCTIC AURORA', 'NA', 12.5, 288, 44);
insert into ship (mmsi, vesseltypeid, imo, callsign, shipname, currentcapacity, draft, length, width) values (229961000, 70, 'IMO9700122', '9HA3752', 'ARABELLA', 'NA', 13.3, 199, 32);
insert into ship (mmsi, vesseltypeid, imo, callsign, shipname, currentcapacity, draft, length, width) values (235092459, 90, 'IMO9517575', '2FMJ5', 'STENA ICEMAX', 'NA', 12, 227, 42);
insert into ship (mmsi, vesseltypeid, imo, callsign, shipname, currentcapacity, draft, length, width) values (249047000, 60, 'IMO9192387', '9HJC9', 'CELEBRITY SUMMIT', 'NA', 8, 294, 32);
insert into ship (mmsi, vesseltypeid, imo, callsign, shipname, currentcapacity, draft, length, width) values (256304000, 70, 'IMO9344564', '9HA3880', 'OREGON TRADER', 'NA', 11.4, 211, 29);
insert into ship (mmsi, vesseltypeid, imo, callsign, shipname, currentcapacity, draft, length, width) values (256888000, 70, 'IMO9473028', '9HA2954', 'CMA CGM MELISANDE', '70', 14.7, 334, 42);
insert into ship (mmsi, vesseltypeid, imo, callsign, shipname, currentcapacity, draft, length, width) values (257881000, 70, 'IMO9701920', 'LATO7', 'SPAR ARIES', 'NA', 13.3, 199, 32);
insert into ship (mmsi, vesseltypeid, imo, callsign, shipname, currentcapacity, draft, length, width) values (258692000, 80, 'IMO9321677', 'LAJB6', 'KRONVIKEN', 'NA', 14.9, 248, 43);
insert into ship (mmsi, vesseltypeid, imo, callsign, shipname, currentcapacity, draft, length, width) values (258692000, 80, 'IMO9321677', 'LAJB6', 'KRONVIKEN', 'NA', 14.9, 248, 43);
insert into ship (mmsi, vesseltypeid, imo, callsign, shipname, currentcapacity, draft, length, width) values (303221000, 30, 'IMO7819216', 'WDG5171', 'ARCTIC SEA', 'NA', 3, 37, 9);
insert into ship (mmsi, vesseltypeid, imo, callsign, shipname, currentcapacity, draft, length, width) values (303267000, 60, 'IMO6421086', 'WNGW', 'TUSTUMENA', 'NA', 4.4, 89, 18);
insert into ship (mmsi, vesseltypeid, imo, callsign, shipname, currentcapacity, draft, length, width) values (305176000, 70, 'IMO9344394', 'V2DD5', 'CELIA', '70', 5.6, 100, 15);
insert into ship (mmsi, vesseltypeid, imo, callsign, shipname, currentcapacity, draft, length, width) values (305373000, 70, 'IMO9488645', 'V2EB3', 'BOREAS', 'NA', 7, 116, 18);
insert into ship (mmsi, vesseltypeid, imo, callsign, shipname, currentcapacity, draft, length, width) values (636019825, 79, 'IMO9222285', 'D5WI6', 'CONTI LYON', '79', 9.2, 300, 40);
insert into ship (mmsi, vesseltypeid, imo, callsign, shipname, currentcapacity, draft, length, width) values (636091400, 70, 'IMO9373486', 'A8ND5', 'RHL AGILITAS', '71', 10.9, 176, 27);
insert into ship (mmsi, vesseltypeid, imo, callsign, shipname, currentcapacity, draft, length, width) values (636092932, 79, 'IMO9225641', 'D5VK6', 'MSC ILONA', '79', 11.8, 299, 40);

-- 20 ships inserted

--insert into shipposition (basedatetime, latitude, longitude, mmsi, sog, cog, heading, transceiver) values ( 31/12/2020 17:19 , 42.97875, -66.97001, 210950000, 12.9, 13.1, 355,  B );
--insert into shipposition (basedatetime, latitude, longitude, mmsi, sog, cog, heading, transceiver) values ( 31/12/2020 17:03 , 42.92236, -66.97243, 210950000, 12.5, 2.4, 358,  B );
--insert into shipposition (basedatetime, latitude, longitude, mmsi, sog, cog, heading, transceiver) values ( 31/12/2020 16:20 , 42.7698, -66.9759, 210950000, 13.3, 3.7, 356,  B );
--insert into shipposition (basedatetime, latitude, longitude, mmsi, sog, cog, heading, transceiver) values ( 31/12/2020 17:16 , 42.96912, -66.97061, 210950000, 12.7, -55.4, 358,  B );
--insert into shipposition (basedatetime, latitude, longitude, mmsi, sog, cog, heading, transceiver) values ( 31/12/2020 17:13 , 42.95969, -66.97106, 210950000, 12.9, 8.1, 358,  B );
--insert into shipposition (basedatetime, latitude, longitude, mmsi, sog, cog, heading, transceiver) values ( 31/12/2020 16:34 , 42.82021, -66.9758, 210950000, 13, -55, 356,  A );
--insert into shipposition (basedatetime, latitude, longitude, mmsi, sog, cog, heading, transceiver) values ( 31/12/2020 16:40 , 42.84366, -66.97571, 210950000, 13, -49.7, 356,  B );
--insert into shipposition (basedatetime, latitude, longitude, mmsi, sog, cog, heading, transceiver) values ( 31/12/2020 16:00 , 42.69577, -66.97808, 210950000, 13.7, -54.8, 357,  B );
--insert into shipposition (basedatetime, latitude, longitude, mmsi, sog, cog, heading, transceiver) values ( 31/12/2020 17:07 , 42.93874, -66.97208, 210950000, 13.1, 2.6, 359,  B );
--insert into shipposition (basedatetime, latitude, longitude, mmsi, sog, cog, heading, transceiver) values ( 31/12/2020 16:12 , 42.73879, -66.97726, 210950000, 13.4, 3.4, 357,  B );
--insert into shipposition (basedatetime, latitude, longitude, mmsi, sog, cog, heading, transceiver) values ( 31/12/2020 17:15 , 42.96527, -66.97082, 210950000, 12.8, -58.6, 358,  B );
--insert into shipposition (basedatetime, latitude, longitude, mmsi, sog, cog, heading, transceiver) values ( 31/12/2020 16:22 , 42.77682, -66.9756, 210950000, 13.2, -53.3, 358,  B );
--insert into shipposition (basedatetime, latitude, longitude, mmsi, sog, cog, heading, transceiver) values ( 31/12/2020 17:10 , 42.94963, -66.97151, 210950000, 13.4, 16.3, 358,  B );
--insert into shipposition (basedatetime, latitude, longitude, mmsi, sog, cog, heading, transceiver) values ( 31/12/2020 16:32 , 42.81133, -66.97587, 210950000, 13.4, 10, 356,  B );
--insert into shipposition (basedatetime, latitude, longitude, mmsi, sog, cog, heading, transceiver) values ( 31/12/2020 16:16 , 42.75527, -66.97665, 210950000, 13.7, -50.5, 357,  B );
--insert into shipposition (basedatetime, latitude, longitude, mmsi, sog, cog, heading, transceiver) values ( 31/12/2020 16:04 , 42.71055, -66.97776, 210950000, 13.5, 1.4, 358,  B );
--insert into shipposition (basedatetime, latitude, longitude, mmsi, sog, cog, heading, transceiver) values ( 31/12/2020 17:33 , 43.02665, -66.97076, 210950000, 12.5, 3.6, 354,  B );
--insert into shipposition (basedatetime, latitude, longitude, mmsi, sog, cog, heading, transceiver) values ( 31/12/2020 17:09 , 42.9442, -66.97192, 210950000, 13.3, 4.2, 358,  B );
--insert into shipposition (basedatetime, latitude, longitude, mmsi, sog, cog, heading, transceiver) values ( 31/12/2020 16:57 , 42.90195, -66.97326, 210950000, 12.8, 5.9, 357,  B );
--insert into shipposition (basedatetime, latitude, longitude, mmsi, sog, cog, heading, transceiver) values ( 31/12/2020 18:31 , 43.22513, -66.96725, 210950000, 11.7, 5.5, 355,  B );
--insert into shipposition (basedatetime, latitude, longitude, mmsi, sog, cog, heading, transceiver) values ( 31/12/2020 16:15 , 42.75007, -66.97689, 210950000, 13.6, 3, 357,  B );
--insert into shipposition (basedatetime, latitude, longitude, mmsi, sog, cog, heading, transceiver) values ( 31/12/2020 16:52 , 42.8839, -66.97409, 210950000, 12.7, 2.5, 359,  B );
--insert into shipposition (basedatetime, latitude, longitude, mmsi, sog, cog, heading, transceiver) values ( 31/12/2020 16:35 , 42.82527, -66.97577, 210950000, 13.1, -50.9, 356,  B );
--insert into shipposition (basedatetime, latitude, longitude, mmsi, sog, cog, heading, transceiver) values ( 31/12/2020 16:28 , 42.7969, -66.97547, 210950000, 13, 4.2, 356,  B );
--insert into shipposition (basedatetime, latitude, longitude, mmsi, sog, cog, heading, transceiver) values ( 31/12/2020 17:20 , 42.98271, -66.97009, 210950000, 12.4, -52, 354,  B );
--insert into shipposition (basedatetime, latitude, longitude, mmsi, sog, cog, heading, transceiver) values ( 31/12/2020 19:37 , 24.34573, -85.12394, 212180000, 11.7, 119.9, 117,  A );
--insert into shipposition (basedatetime, latitude, longitude, mmsi, sog, cog, heading, transceiver) values ( 31/12/2020 21:49 , 24.14301, -84.72268, 212180000, 11.7, 116.6, 114,  B );
--insert into shipposition (basedatetime, latitude, longitude, mmsi, sog, cog, heading, transceiver) values ( 31/12/2020 20:17 , 24.28016, -85.00316, 212180000, 11.3, 120.8, 118,  B );
--insert into shipposition (basedatetime, latitude, longitude, mmsi, sog, cog, heading, transceiver) values ( 31/12/2020 21:07 , 24.20221, -84.85411, 212180000, 11.3, 116.8, 117,  A );
--insert into shipposition (basedatetime, latitude, longitude, mmsi, sog, cog, heading, transceiver) values ( 31/12/2020 22:10 , 24.11445, -84.65529, 212180000, 11.6, 113.3, 110,  B );
--insert into shipposition (basedatetime, latitude, longitude, mmsi, sog, cog, heading, transceiver) values ( 31/12/2020 23:03 , 55.09307, -167.63625, 212351000, 3.5, -61.6, 232,  B );
--insert into shipposition (basedatetime, latitude, longitude, mmsi, sog, cog, heading, transceiver) values ( 31/12/2020 00:34 , 28.30354, -88.78563, 228339600, 11.7, 129.9, 131,  B );
--insert into shipposition (basedatetime, latitude, longitude, mmsi, sog, cog, heading, transceiver) values ( 31/12/2020 02:15 , 28.08366, -88.50578, 228339600, 11.5, 131, 131,  B );
--insert into shipposition (basedatetime, latitude, longitude, mmsi, sog, cog, heading, transceiver) values ( 31/12/2020 00:25 , 28.32168, -88.81035, 228339600, 11.7, 128.3, 130,  B );
--insert into shipposition (basedatetime, latitude, longitude, mmsi, sog, cog, heading, transceiver) values ( 31/12/2020 00:20 , 28.33263, -88.82491, 228339600, 11.8, 129.5, 131,  B );
--insert into shipposition (basedatetime, latitude, longitude, mmsi, sog, cog, heading, transceiver) values ( 31/12/2020 01:22 , 28.19854, -88.65058, 228339600, 11.7, 130.3, 131,  B );
--insert into shipposition (basedatetime, latitude, longitude, mmsi, sog, cog, heading, transceiver) values ( 31/12/2020 03:47 , 27.89788, -88.25001, 228339600, 11.7, 128.4, 129,  B );
--insert into shipposition (basedatetime, latitude, longitude, mmsi, sog, cog, heading, transceiver) values ( 31/12/2020 01:24 , 28.19528, -88.64645, 228339600, 11.7, 130.8, 131,  B );
--insert into shipposition (basedatetime, latitude, longitude, mmsi, sog, cog, heading, transceiver) values ( 31/12/2020 00:16 , 28.34134, -88.83706, 228339600, 11.9, 126.9, 129,  B );
--insert into shipposition (basedatetime, latitude, longitude, mmsi, sog, cog, heading, transceiver) values ( 31/12/2020 03:16 , 27.95776, -88.33859, 228339600, 11.3, 128.2, 128,  B );
--insert into shipposition (basedatetime, latitude, longitude, mmsi, sog, cog, heading, transceiver) values ( 31/12/2020 00:13 , 28.3484, -88.84688, 228339600, 12, 129, 130,  B );
--insert into shipposition (basedatetime, latitude, longitude, mmsi, sog, cog, heading, transceiver) values ( 31/12/2020 00:15 , 28.34412, -88.84108, 228339600, 12, 128.3, 129,  B );
--insert into shipposition (basedatetime, latitude, longitude, mmsi, sog, cog, heading, transceiver) values ( 31/12/2020 00:11 , 28.35085, -88.85024, 228339600, 12, 127.3, 130,  B );
--insert into shipposition (basedatetime, latitude, longitude, mmsi, sog, cog, heading, transceiver) values ( 31/12/2020 00:54 , 28.26076, -88.7299, 228339600, 11.8, 131, 131,  B );
--insert into shipposition (basedatetime, latitude, longitude, mmsi, sog, cog, heading, transceiver) values ( 31/12/2020 00:18 , 28.33618, -88.82967, 228339600, 11.9, 127.8, 131,  B );
--insert into shipposition (basedatetime, latitude, longitude, mmsi, sog, cog, heading, transceiver) values ( 31/12/2020 02:30 , 28.05221, -88.46678, 228339600, 11.6, 130.9, 131,  B );
--insert into shipposition (basedatetime, latitude, longitude, mmsi, sog, cog, heading, transceiver) values ( 31/12/2020 02:06 , 28.10335, -88.53051, 228339600, 11.6, 130.5, 131,  B );
--insert into shipposition (basedatetime, latitude, longitude, mmsi, sog, cog, heading, transceiver) values ( 31/12/2020 00:00 , 28.37458, -88.88584, 228339600, 11.8, 124.6, 128,  B );
--insert into shipposition (basedatetime, latitude, longitude, mmsi, sog, cog, heading, transceiver) values ( 31/12/2020 03:56 , 27.87869, -88.22321, 228339600, 11.7, 127.9, 128,  B );
--insert into shipposition (basedatetime, latitude, longitude, mmsi, sog, cog, heading, transceiver) values ( 31/12/2020 02:29 , 28.05475, -88.46992, 228339600, 11.5, 131.1, 131,  B );
--insert into shipposition (basedatetime, latitude, longitude, mmsi, sog, cog, heading, transceiver) values ( 31/12/2020 22:03 , 26.45021, -91.84957, 229767000, 19.4, -111.4, 297,  B );
--insert into shipposition (basedatetime, latitude, longitude, mmsi, sog, cog, heading, transceiver) values ( 31/12/2020 22:01 , 26.44508, -91.83885, 229767000, 19.4, -111.7, 296,  B );
--insert into shipposition (basedatetime, latitude, longitude, mmsi, sog, cog, heading, transceiver) values ( 31/12/2020 20:00 , 26.12391, -91.18216, 229767000, 20.1, -109.7, 299,  B );
--insert into shipposition (basedatetime, latitude, longitude, mmsi, sog, cog, heading, transceiver) values ( 31/12/2020 20:02 , 26.12964, -91.19356, 229767000, 20.1, -110.9, 299,  B );
--insert into shipposition (basedatetime, latitude, longitude, mmsi, sog, cog, heading, transceiver) values ( 31/12/2020 17:02 , 17.9662, -63.14557, 229857000, 1.3, 155.3, 88,  B );
--insert into shipposition (basedatetime, latitude, longitude, mmsi, sog, cog, heading, transceiver) values ( 31/12/2020 21:17 , 17.94857, -63.14243, 229857000, 0.9, 145.9, 88,  B );
--insert into shipposition (basedatetime, latitude, longitude, mmsi, sog, cog, heading, transceiver) values ( 31/12/2020 16:47 , 17.96995, -63.14873, 229857000, 1.4, 131.9, 78,  B );
--insert into shipposition (basedatetime, latitude, longitude, mmsi, sog, cog, heading, transceiver) values ( 31/12/2020 17:08 , 17.96373, -63.14453, 229857000, 1.2, 155, 85,  B );
--insert into shipposition (basedatetime, latitude, longitude, mmsi, sog, cog, heading, transceiver) values ( 31/12/2020 17:39 , 17.95542, -63.142, 229857000, 0.9, 194.5, 78,  B );
--insert into shipposition (basedatetime, latitude, longitude, mmsi, sog, cog, heading, transceiver) values ( 31/12/2020 23:31 , 54.23188, -130.33667, 229961000, 0.1, 82.8, 0,  A );
--insert into shipposition (basedatetime, latitude, longitude, mmsi, sog, cog, heading, transceiver) values ( 31/12/2020 23:28 , 54.23184, -130.33702, 229961000, 0.1, 34.6, 0,  A );
--insert into shipposition (basedatetime, latitude, longitude, mmsi, sog, cog, heading, transceiver) values ( 31/12/2020 21:29 , 23.27468, -79.12974, 235092459, 0.2, 143.9, 111,  B );
--insert into shipposition (basedatetime, latitude, longitude, mmsi, sog, cog, heading, transceiver) values ( 31/12/2020 18:50 , 25.74779, -78.29992, 249047000, 0, -100.1, 139,  A );
--insert into shipposition (basedatetime, latitude, longitude, mmsi, sog, cog, heading, transceiver) values ( 31/12/2020 17:32 , 25.74787, -78.29997, 249047000, 0.1, 173.9, 142,  A );
--insert into shipposition (basedatetime, latitude, longitude, mmsi, sog, cog, heading, transceiver) values ( 31/12/2020 10:20 , 25.74754, -78.29966, 249047000, 0.1, -170.3, 123,  A );
--insert into shipposition (basedatetime, latitude, longitude, mmsi, sog, cog, heading, transceiver) values ( 31/12/2020 18:35 , 25.74774, -78.29988, 249047000, 0, 30, 138,  A );
--insert into shipposition (basedatetime, latitude, longitude, mmsi, sog, cog, heading, transceiver) values ( 31/12/2020 17:50 , 25.74784, -78.29996, 249047000, 0, 165.3, 142,  A );
--insert into shipposition (basedatetime, latitude, longitude, mmsi, sog, cog, heading, transceiver) values ( 31/12/2020 18:59 , 25.74774, -78.29988, 249047000, 0.1, -58, 139,  A );
--insert into shipposition (basedatetime, latitude, longitude, mmsi, sog, cog, heading, transceiver) values ( 31/12/2020 09:05 , 25.74763, -78.29975, 249047000, 0, -91.7, 130,  A );
--insert into shipposition (basedatetime, latitude, longitude, mmsi, sog, cog, heading, transceiver) values ( 31/12/2020 09:38 , 25.74757, -78.29971, 249047000, 0.1, -62.3, 124,  A );
--insert into shipposition (basedatetime, latitude, longitude, mmsi, sog, cog, heading, transceiver) values ( 31/12/2020 15:44 , 24.0902, -84.93642, 256304000, 4.8, -145.4, 259,  B );
--insert into shipposition (basedatetime, latitude, longitude, mmsi, sog, cog, heading, transceiver) values ( 31/12/2020 22:00 , 27.0003, -91.62468, 256888000, 14.8, -93.6, 314,  B );
--insert into shipposition (basedatetime, latitude, longitude, mmsi, sog, cog, heading, transceiver) values ( 31/12/2020 22:01 , 27.00352, -91.62823, 256888000, 14.7, -95.6, 314,  B );
--insert into shipposition (basedatetime, latitude, longitude, mmsi, sog, cog, heading, transceiver) values ( 31/12/2020 21:59 , 26.99882, -91.62308, 256888000, 14.7, -94.6, 315,  B );
--insert into shipposition (basedatetime, latitude, longitude, mmsi, sog, cog, heading, transceiver) values ( 31/12/2020 22:03 , 27.01087, -91.63685, 256888000, 14.7, -95.6, 314,  B );
--insert into shipposition (basedatetime, latitude, longitude, mmsi, sog, cog, heading, transceiver) values ( 31/12/2020 21:57 , 26.9937, -91.61775, 256888000, 14.8, -91.6, 316,  B );
--insert into shipposition (basedatetime, latitude, longitude, mmsi, sog, cog, heading, transceiver) values ( 31/12/2020 21:34 , 26.92217, -91.5435, 256888000, 15, -93.6, 314,  B );
--insert into shipposition (basedatetime, latitude, longitude, mmsi, sog, cog, heading, transceiver) values ( 31/12/2020 22:02 , 27.00748, -91.63287, 256888000, 14.7, -96.6, 313,  B );
--insert into shipposition (basedatetime, latitude, longitude, mmsi, sog, cog, heading, transceiver) values ( 31/12/2020 22:01 , 23.90519, -84.15083, 257881000, 13.2, 118.1, 117,  B );
--insert into shipposition (basedatetime, latitude, longitude, mmsi, sog, cog, heading, transceiver) values ( 31/12/2020 18:50 , 24.2153, -84.80182, 257881000, 12.2, 117.7, 113,  B );
--insert into shipposition (basedatetime, latitude, longitude, mmsi, sog, cog, heading, transceiver) values ( 31/12/2020 21:37 , 23.94399, -84.23724, 257881000, 13.2, 116.6, 113,  B );
--insert into shipposition (basedatetime, latitude, longitude, mmsi, sog, cog, heading, transceiver) values ( 31/12/2020 18:54 , 24.20834, -84.78753, 257881000, 12.2, 118.3, 113,  B );
--insert into shipposition (basedatetime, latitude, longitude, mmsi, sog, cog, heading, transceiver) values ( 31/12/2020 18:38 , 24.23369, -84.84026, 257881000, 12, 117.2, 113,  B );
--insert into shipposition (basedatetime, latitude, longitude, mmsi, sog, cog, heading, transceiver) values ( 31/12/2020 19:23 , 24.16206, -84.69464, 257881000, 12.1, 117.5, 112,  B );
--insert into shipposition (basedatetime, latitude, longitude, mmsi, sog, cog, heading, transceiver) values ( 31/12/2020 03:53 , 27.86118, -78.01013, 258692000, 10.4, 73, 77,  B );
--insert into shipposition (basedatetime, latitude, longitude, mmsi, sog, cog, heading, transceiver) values ( 31/12/2020 02:40 , 27.80105, -78.239, 258692000, 10.3, 72, 78,  B );
--insert into shipposition (basedatetime, latitude, longitude, mmsi, sog, cog, heading, transceiver) values ( 31/12/2020 02:18 , 27.78238, -78.30668, 258692000, 10.4, 72, 78,  B );
--insert into shipposition (basedatetime, latitude, longitude, mmsi, sog, cog, heading, transceiver) values ( 31/12/2020 02:32 , 27.79408, -78.26433, 258692000, 10.3, 72, 78,  B );
--insert into shipposition (basedatetime, latitude, longitude, mmsi, sog, cog, heading, transceiver) values ( 31/12/2020 02:37 , 27.79903, -78.24627, 258692000, 10.3, 73, 78,  B );
--insert into shipposition (basedatetime, latitude, longitude, mmsi, sog, cog, heading, transceiver) values ( 31/12/2020 03:17 , 27.83305, -78.12255, 258692000, 10.2, 74, 80,  B );
--insert into shipposition (basedatetime, latitude, longitude, mmsi, sog, cog, heading, transceiver) values ( 31/12/2020 02:33 , 27.79535, -78.25963, 258692000, 10.3, 73, 78,  B );
--insert into shipposition (basedatetime, latitude, longitude, mmsi, sog, cog, heading, transceiver) values ( 31/12/2020 03:41 , 27.85187, -78.04922, 258692000, 10.5, 74, 80,  B );
--insert into shipposition (basedatetime, latitude, longitude, mmsi, sog, cog, heading, transceiver) values ( 31/12/2020 03:20 , 27.83512, -78.1149, 258692000, 10.3, 73, 80,  B );
--insert into shipposition (basedatetime, latitude, longitude, mmsi, sog, cog, heading, transceiver) values ( 31/12/2020 02:19 , 27.78335, -78.30307, 258692000, 10.4, 73, 78,  B );
--insert into shipposition (basedatetime, latitude, longitude, mmsi, sog, cog, heading, transceiver) values ( 31/12/2020 03:47 , 27.85623, -78.03073, 258692000, 10.5, 76, 80,  B );
--insert into shipposition (basedatetime, latitude, longitude, mmsi, sog, cog, heading, transceiver) values ( 31/12/2020 03:12 , 27.82815, -78.13885, 258692000, 10.3, 71, 77,  B );
--insert into shipposition (basedatetime, latitude, longitude, mmsi, sog, cog, heading, transceiver) values ( 31/12/2020 02:44 , 27.80468, -78.22573, 258692000, 10.2, 72, 78,  B );
--insert into shipposition (basedatetime, latitude, longitude, mmsi, sog, cog, heading, transceiver) values ( 31/12/2020 02:09 , 27.77507, -78.33393, 258692000, 10.4, 74, 78,  A );
--insert into shipposition (basedatetime, latitude, longitude, mmsi, sog, cog, heading, transceiver) values ( 31/12/2020 23:00 , 53.87876, -166.55202, 303221000, 0, -188.8, 511,  A );
--insert into shipposition (basedatetime, latitude, longitude, mmsi, sog, cog, heading, transceiver) values ( 31/12/2020 23:51 , 53.87878, -166.55203, 303221000, 0, -197.3, 511,  A );
--insert into shipposition (basedatetime, latitude, longitude, mmsi, sog, cog, heading, transceiver) values ( 31/12/2020 23:33 , 53.87875, -166.55201, 303221000, 0, 197.5, 511,  A );
--insert into shipposition (basedatetime, latitude, longitude, mmsi, sog, cog, heading, transceiver) values ( 31/12/2020 23:39 , 53.87879, -166.55203, 303221000, 0, -167.2, 511,  A );
--insert into shipposition (basedatetime, latitude, longitude, mmsi, sog, cog, heading, transceiver) values ( 31/12/2020 23:21 , 53.87878, -166.55199, 303221000, 0, -173.4, 511,  A );
--insert into shipposition (basedatetime, latitude, longitude, mmsi, sog, cog, heading, transceiver) values ( 31/12/2020 23:54 , 53.87876, -166.55196, 303221000, 0, -175, 511,  A );
--insert into shipposition (basedatetime, latitude, longitude, mmsi, sog, cog, heading, transceiver) values ( 31/12/2020 23:36 , 53.87876, -166.55202, 303221000, 0, -198.9, 511,  A );
--insert into shipposition (basedatetime, latitude, longitude, mmsi, sog, cog, heading, transceiver) values ( 31/12/2020 23:57 , 53.87877, -166.552, 303221000, 0, 194.9, 511,  A );
--insert into shipposition (basedatetime, latitude, longitude, mmsi, sog, cog, heading, transceiver) values ( 31/12/2020 23:42 , 53.87874, -166.552, 303221000, 0, -195.3, 511,  A );
--insert into shipposition (basedatetime, latitude, longitude, mmsi, sog, cog, heading, transceiver) values ( 31/12/2020 23:30 , 53.87876, -166.55202, 303221000, 0, 195, 511,  A );
--insert into shipposition (basedatetime, latitude, longitude, mmsi, sog, cog, heading, transceiver) values ( 31/12/2020 23:27 , 53.87877, -166.552, 303221000, 0, -201, 511,  A );
--insert into shipposition (basedatetime, latitude, longitude, mmsi, sog, cog, heading, transceiver) values ( 31/12/2020 23:24 , 53.8788, -166.55203, 303221000, 0, 193.4, 511,  A );
--insert into shipposition (basedatetime, latitude, longitude, mmsi, sog, cog, heading, transceiver) values ( 31/12/2020 23:15 , 53.87877, -166.55205, 303221000, 0, -102.7, 511,  A );
--insert into shipposition (basedatetime, latitude, longitude, mmsi, sog, cog, heading, transceiver) values ( 31/12/2020 23:18 , 53.87879, -166.55205, 303221000, 0, -155.5, 511,  A );
--insert into shipposition (basedatetime, latitude, longitude, mmsi, sog, cog, heading, transceiver) values ( 31/12/2020 23:45 , 53.87878, -166.55198, 303221000, 0, 193.2, 511,  A );
--insert into shipposition (basedatetime, latitude, longitude, mmsi, sog, cog, heading, transceiver) values ( 31/12/2020 23:48 , 53.87876, -166.55199, 303221000, 0, -191.4, 511,  A );
--insert into shipposition (basedatetime, latitude, longitude, mmsi, sog, cog, heading, transceiver) values ( 31/12/2020 23:09 , 53.87878, -166.55199, 303221000, 0, -122.7, 511,  A );
--insert into shipposition (basedatetime, latitude, longitude, mmsi, sog, cog, heading, transceiver) values ( 31/12/2020 23:03 , 53.87877, -166.55202, 303221000, 0, -146.4, 511,  A );
--insert into shipposition (basedatetime, latitude, longitude, mmsi, sog, cog, heading, transceiver) values ( 31/12/2020 23:06 , 53.87877, -166.55203, 303221000, 0, -163.2, 511,  A );
--insert into shipposition (basedatetime, latitude, longitude, mmsi, sog, cog, heading, transceiver) values ( 31/12/2020 23:26 , 60.08477, -149.34998, 303267000, 0, -151.9, 511,  A );
--insert into shipposition (basedatetime, latitude, longitude, mmsi, sog, cog, heading, transceiver) values ( 31/12/2020 23:32 , 60.08476, -149.34997, 303267000, 0, -139.2, 511,  A );
--insert into shipposition (basedatetime, latitude, longitude, mmsi, sog, cog, heading, transceiver) values ( 31/12/2020 23:50 , 60.08476, -149.34998, 303267000, 0, -82.7, 511,  A );
--insert into shipposition (basedatetime, latitude, longitude, mmsi, sog, cog, heading, transceiver) values ( 31/12/2020 23:08 , 60.08477, -149.34998, 303267000, 0, -149.3, 511,  A );
--insert into shipposition (basedatetime, latitude, longitude, mmsi, sog, cog, heading, transceiver) values ( 31/12/2020 23:23 , 60.08477, -149.34998, 303267000, 0, -131.3, 511,  A );
--insert into shipposition (basedatetime, latitude, longitude, mmsi, sog, cog, heading, transceiver) values ( 31/12/2020 23:02 , 60.08477, -149.34998, 303267000, 0, 105.5, 511,  A );
--insert into shipposition (basedatetime, latitude, longitude, mmsi, sog, cog, heading, transceiver) values ( 31/12/2020 23:14 , 60.08477, -149.34998, 303267000, 0, -127.1, 511,  A );
--insert into shipposition (basedatetime, latitude, longitude, mmsi, sog, cog, heading, transceiver) values ( 31/12/2020 23:41 , 60.08476, -149.34998, 303267000, 0, -162.9, 511,  A );
--insert into shipposition (basedatetime, latitude, longitude, mmsi, sog, cog, heading, transceiver) values ( 31/12/2020 23:05 , 60.08477, -149.34998, 303267000, 0, -132.4, 511,  A );
--insert into shipposition (basedatetime, latitude, longitude, mmsi, sog, cog, heading, transceiver) values ( 31/12/2020 23:47 , 60.08476, -149.34998, 303267000, 0, 109.9, 511,  A );
--insert into shipposition (basedatetime, latitude, longitude, mmsi, sog, cog, heading, transceiver) values ( 31/12/2020 23:56 , 60.08476, -149.34998, 303267000, 0, 123.6, 511,  A );
--insert into shipposition (basedatetime, latitude, longitude, mmsi, sog, cog, heading, transceiver) values ( 31/12/2020 23:59 , 60.08476, -149.34997, 303267000, 0, 71.4, 511,  A );
--insert into shipposition (basedatetime, latitude, longitude, mmsi, sog, cog, heading, transceiver) values ( 31/12/2020 23:38 , 60.08476, -149.34998, 303267000, 0, -93.5, 511,  A );
--insert into shipposition (basedatetime, latitude, longitude, mmsi, sog, cog, heading, transceiver) values ( 31/12/2020 23:53 , 60.08476, -149.34998, 303267000, 0, 130.3, 511,  A );
--insert into shipposition (basedatetime, latitude, longitude, mmsi, sog, cog, heading, transceiver) values ( 31/12/2020 23:17 , 60.08477, -149.34998, 303267000, 0, -115.9, 511,  A );
--insert into shipposition (basedatetime, latitude, longitude, mmsi, sog, cog, heading, transceiver) values ( 31/12/2020 23:44 , 60.08476, -149.34998, 303267000, 0, 82.9, 511,  A );
--insert into shipposition (basedatetime, latitude, longitude, mmsi, sog, cog, heading, transceiver) values ( 31/12/2020 23:20 , 60.08477, -149.34998, 303267000, 0, -100.3, 511,  A );
--insert into shipposition (basedatetime, latitude, longitude, mmsi, sog, cog, heading, transceiver) values ( 31/12/2020 23:11 , 60.08477, -149.34998, 303267000, 0, -85.3, 511,  A );
--insert into shipposition (basedatetime, latitude, longitude, mmsi, sog, cog, heading, transceiver) values ( 31/12/2020 23:35 , 60.08476, -149.34998, 303267000, 0, -123.1, 511,  A );
--insert into shipposition (basedatetime, latitude, longitude, mmsi, sog, cog, heading, transceiver) values ( 31/12/2020 23:29 , 60.08476, -149.34997, 303267000, 0, -129.5, 511,  A );
--insert into shipposition (basedatetime, latitude, longitude, mmsi, sog, cog, heading, transceiver) values ( 31/12/2020 14:36 , 27.52983, -77.6368, 305176000, 7, 139.3, 134,  B );
--insert into shipposition (basedatetime, latitude, longitude, mmsi, sog, cog, heading, transceiver) values ( 31/12/2020 14:31 , 27.53741, -77.64431, 305176000, 7.2, 139.8, 135,  A );
--insert into shipposition (basedatetime, latitude, longitude, mmsi, sog, cog, heading, transceiver) values ( 31/12/2020 14:34 , 27.53309, -77.64001, 305176000, 7.1, 139.6, 136,  B );
--insert into shipposition (basedatetime, latitude, longitude, mmsi, sog, cog, heading, transceiver) values ( 31/12/2020 14:29 , 27.54012, -77.64705, 305176000, 7.4, 140.1, 134,  A );
--insert into shipposition (basedatetime, latitude, longitude, mmsi, sog, cog, heading, transceiver) values ( 31/12/2020 08:16 , 23.15489, -82.36574, 305373000, 7.8, -75.6, 344,  B );
--insert into shipposition (basedatetime, latitude, longitude, mmsi, sog, cog, heading, transceiver) values ( 31/12/2020 16:45 , 23.37555, -81.03043, 305373000, 7.8, 82.1, 88,  B );
--insert into shipposition (basedatetime, latitude, longitude, mmsi, sog, cog, heading, transceiver) values ( 31/12/2020 09:29 , 27.25354, -127.77908, 305776000, 15.3, 66, 64,  B );
--insert into shipposition (basedatetime, latitude, longitude, mmsi, sog, cog, heading, transceiver) values ( 31/12/2020 09:18 , 27.23593, -127.82214, 305776000, 14.6, 64.8, 66,  B );
--insert into shipposition (basedatetime, latitude, longitude, mmsi, sog, cog, heading, transceiver) values ( 31/12/2020 09:30 , 27.25594, -127.77363, 305776000, 15.1, 65.7, 64,  B );
--insert into shipposition (basedatetime, latitude, longitude, mmsi, sog, cog, heading, transceiver) values ( 31/12/2020 09:16 , 27.23129, -127.83372, 305776000, 15.3, 65.1, 65,  B );
--insert into shipposition (basedatetime, latitude, longitude, mmsi, sog, cog, heading, transceiver) values ( 31/12/2020 18:56 , 25.83611, -78.50491, 309416000, 1.1, 34.1, 83,  A );
--insert into shipposition (basedatetime, latitude, longitude, mmsi, sog, cog, heading, transceiver) values ( 31/12/2020 16:53 , 25.83657, -78.50441, 309416000, 0.8, -143.9, 146,  A );
--insert into shipposition (basedatetime, latitude, longitude, mmsi, sog, cog, heading, transceiver) values ( 31/12/2020 23:35 , 54.27664, -164.10602, 636019825, 9.3, -133, 276,  B );
--insert into shipposition (basedatetime, latitude, longitude, mmsi, sog, cog, heading, transceiver) values ( 31/12/2020 23:32 , 54.27531, -164.09338, 636019825, 9.5, -135.3, 275,  B );
--insert into shipposition (basedatetime, latitude, longitude, mmsi, sog, cog, heading, transceiver) values ( 31/12/2020 23:49 , 54.28279, -164.16935, 636019825, 9.4, -129.5, 274,  B );
--insert into shipposition (basedatetime, latitude, longitude, mmsi, sog, cog, heading, transceiver) values ( 31/12/2020 23:48 , 54.28232, -164.1642, 636019825, 9.8, -122.7, 274,  B );
--insert into shipposition (basedatetime, latitude, longitude, mmsi, sog, cog, heading, transceiver) values ( 31/12/2020 23:45 , 54.28124, -164.15213, 636019825, 9.8, -125, 274,  B );
--insert into shipposition (basedatetime, latitude, longitude, mmsi, sog, cog, heading, transceiver) values ( 31/12/2020 23:29 , 54.27402, -164.08163, 636019825, 9.5, -132.4, 276,  B );
--insert into shipposition (basedatetime, latitude, longitude, mmsi, sog, cog, heading, transceiver) values ( 31/12/2020 23:55 , 54.28548, -164.19712, 636019825, 9, -132.6, 272,  B );
--insert into shipposition (basedatetime, latitude, longitude, mmsi, sog, cog, heading, transceiver) values ( 31/12/2020 23:58 , 54.28661, -164.20854, 636019825, 9.2, -135.2, 273,  B );
--insert into shipposition (basedatetime, latitude, longitude, mmsi, sog, cog, heading, transceiver) values ( 31/12/2020 23:56 , 54.28601, -164.20205, 636019825, 9.2, -128.5, 273,  B );
--insert into shipposition (basedatetime, latitude, longitude, mmsi, sog, cog, heading, transceiver) values ( 31/12/2020 23:38 , 54.27817, -164.12098, 636019825, 9.7, -129.9, 275,  B );
--insert into shipposition (basedatetime, latitude, longitude, mmsi, sog, cog, heading, transceiver) values ( 31/12/2020 23:36 , 54.27718, -164.11121, 636019825, 9.7, -129.1, 274,  B );
--insert into shipposition (basedatetime, latitude, longitude, mmsi, sog, cog, heading, transceiver) values ( 31/12/2020 23:43 , 54.28062, -164.14533, 636019825, 10.1, -128.2, 274,  B );
--insert into shipposition (basedatetime, latitude, longitude, mmsi, sog, cog, heading, transceiver) values ( 31/12/2020 23:39 , 54.27873, -164.12635, 636019825, 9.6, -135.2, 275,  B );
--insert into shipposition (basedatetime, latitude, longitude, mmsi, sog, cog, heading, transceiver) values ( 31/12/2020 23:25 , 54.27169, -164.06092, 636019825, 9.7, -123.5, 276,  B );
--insert into shipposition (basedatetime, latitude, longitude, mmsi, sog, cog, heading, transceiver) values ( 31/12/2020 23:53 , 54.28473, -164.18922, 636019825, 9.3, -132.6, 274,  B );
--insert into shipposition (basedatetime, latitude, longitude, mmsi, sog, cog, heading, transceiver) values ( 31/12/2020 23:42 , 54.28012, -164.13995, 636019825, 9.9, -125.1, 274,  B );
--insert into shipposition (basedatetime, latitude, longitude, mmsi, sog, cog, heading, transceiver) values ( 31/12/2020 23:41 , 54.27934, -164.13242, 636019825, 9.8, -127.6, 275,  B );
--insert into shipposition (basedatetime, latitude, longitude, mmsi, sog, cog, heading, transceiver) values ( 31/12/2020 23:52 , 54.28424, -164.18409, 636019825, 9.7, -126.6, 273,  B );
--insert into shipposition (basedatetime, latitude, longitude, mmsi, sog, cog, heading, transceiver) values ( 31/12/2020 23:21 , 54.26959, -164.04323, 636019825, 9.3, -134.3, 276,  B );
--insert into shipposition (basedatetime, latitude, longitude, mmsi, sog, cog, heading, transceiver) values ( 31/12/2020 23:50 , 54.28322, -164.17438, 636019825, 9.3, -139.7, 274,  B );
--insert into shipposition (basedatetime, latitude, longitude, mmsi, sog, cog, heading, transceiver) values ( 31/12/2020 23:22 , 54.27031, -164.04899, 636019825, 9.6, -125.5, 277,  B );
--insert into shipposition (basedatetime, latitude, longitude, mmsi, sog, cog, heading, transceiver) values ( 31/12/2020 23:37 , 54.27767, -164.11569, 636019825, 9.8, -128.8, 275,  B );
--insert into shipposition (basedatetime, latitude, longitude, mmsi, sog, cog, heading, transceiver) values ( 31/12/2020 23:51 , 54.28372, -164.17881, 636019825, 9.5, -122.2, 274,  B );
--insert into shipposition (basedatetime, latitude, longitude, mmsi, sog, cog, heading, transceiver) values ( 31/12/2020 23:16 , 54.2674, -164.02421, 636019825, 9.5, -129.4, 276,  B );
--insert into shipposition (basedatetime, latitude, longitude, mmsi, sog, cog, heading, transceiver) values ( 31/12/2020 23:31 , 54.27459, -164.08679, 636019825, 9.4, -132.8, 275,  B );
--insert into shipposition (basedatetime, latitude, longitude, mmsi, sog, cog, heading, transceiver) values ( 31/12/2020 23:27 , 54.27307, -164.07348, 636019825, 9.5, -128.8, 276,  B );
--insert into shipposition (basedatetime, latitude, longitude, mmsi, sog, cog, heading, transceiver) values ( 31/12/2020 18:26 , 23.07187, -83.53367, 636091400, 15.9, 66.2, 68,  B );
--insert into shipposition (basedatetime, latitude, longitude, mmsi, sog, cog, heading, transceiver) values ( 31/12/2020 18:49 , 26.52601, -78.76733, 636092932, 0, -190.6, 219,  A );
--insert into shipposition (basedatetime, latitude, longitude, mmsi, sog, cog, heading, transceiver) values ( 31/12/2020 21:20 , 26.52601, -78.76737, 636092932, 0, -190.6, 219,  A );
--insert into shipposition (basedatetime, latitude, longitude, mmsi, sog, cog, heading, transceiver) values ( 31/12/2020 12:06 , 26.52605, -78.76731, 636092932, 0, -189.6, 220,  A );
--insert into shipposition (basedatetime, latitude, longitude, mmsi, sog, cog, heading, transceiver) values ( 31/12/2020 19:01 , 26.52603, -78.76731, 636092932, 0, -190.6, 219,  A );

-- 180 ship positions inserted

insert into cargomanifest (cargomanifest_id) values (78991);
insert into cargomanifest (cargomanifest_id) values (34491);
insert into cargomanifest (cargomanifest_id) values (78548);
insert into cargomanifest (cargomanifest_id) values (48193);
insert into cargomanifest (cargomanifest_id) values (34893);
insert into cargomanifest (cargomanifest_id) values (3598);
insert into cargomanifest (cargomanifest_id) values (52328);
insert into cargomanifest (cargomanifest_id) values (96922);
insert into cargomanifest (cargomanifest_id) values (53304);
insert into cargomanifest (cargomanifest_id) values (25442);
insert into cargomanifest (cargomanifest_id) values (83244);
insert into cargomanifest (cargomanifest_id) values (93962);
insert into cargomanifest (cargomanifest_id) values (16358);
insert into cargomanifest (cargomanifest_id) values (67603);
insert into cargomanifest (cargomanifest_id) values (69477);
insert into cargomanifest (cargomanifest_id) values (80342);
insert into cargomanifest (cargomanifest_id) values (9004);
insert into cargomanifest (cargomanifest_id) values (12366);
insert into cargomanifest (cargomanifest_id) values (59447);
insert into cargomanifest (cargomanifest_id) values (47409);
insert into cargomanifest (cargomanifest_id) values (79225);
insert into cargomanifest (cargomanifest_id) values (54091);
insert into cargomanifest (cargomanifest_id) values (2025);
insert into cargomanifest (cargomanifest_id) values (9062);
insert into cargomanifest (cargomanifest_id) values (45806);
insert into cargomanifest (cargomanifest_id) values (62698);
insert into cargomanifest (cargomanifest_id) values (71971);
insert into cargomanifest (cargomanifest_id) values (19821);
insert into cargomanifest (cargomanifest_id) values (91736);
insert into cargomanifest (cargomanifest_id) values (57546);
insert into cargomanifest (cargomanifest_id) values (73258);
insert into cargomanifest (cargomanifest_id) values (30009);
insert into cargomanifest (cargomanifest_id) values (64912);
insert into cargomanifest (cargomanifest_id) values (77328);
insert into cargomanifest (cargomanifest_id) values (11031);
insert into cargomanifest (cargomanifest_id) values (37588);
insert into cargomanifest (cargomanifest_id) values (66729);
insert into cargomanifest (cargomanifest_id) values (62590);
insert into cargomanifest (cargomanifest_id) values (87507);
insert into cargomanifest (cargomanifest_id) values (57650);
insert into cargomanifest (cargomanifest_id) values (82845);
insert into cargomanifest (cargomanifest_id) values (39823);
insert into cargomanifest (cargomanifest_id) values (64229);
insert into cargomanifest (cargomanifest_id) values (85242);
insert into cargomanifest (cargomanifest_id) values (86476);
insert into cargomanifest (cargomanifest_id) values (89260);
insert into cargomanifest (cargomanifest_id) values (45228);
insert into cargomanifest (cargomanifest_id) values (723);
insert into cargomanifest (cargomanifest_id) values (2163);
insert into cargomanifest (cargomanifest_id) values (54561);

--50 cargo manifests inserted
insert into container (container_id, tare, gross, payload, isocode) values (9803333, 15.62, 44.15, 59.77, 2733);
insert into container (container_id, tare, gross, payload, isocode) values (1386341, 33.55, 37.24, 70.79, 2720);
insert into container (container_id, tare, gross, payload, isocode) values (531766, 66.85, 85.55, 152.4, 4247);
insert into container (container_id, tare, gross, payload, isocode) values (3086183, 82.21, 42.73, 124.94, 3487);
insert into container (container_id, tare, gross, payload, isocode) values (8335151, 29.62, 10.27, 39.89, 4480);
insert into container (container_id, tare, gross, payload, isocode) values (9333060, 87.63, 33.99, 121.62, 1989);
insert into container (container_id, tare, gross, payload, isocode) values (2973602, 72.57, 54.14, 126.71, 4260);
insert into container (container_id, tare, gross, payload, isocode) values (6075721, 33.91, 64.4, 98.31, 3963);
insert into container (container_id, tare, gross, payload, isocode) values (8519913, 17.15, 96.5, 113.65, 3097);
insert into container (container_id, tare, gross, payload, isocode) values (8864057, 47.92, 65.94, 113.86, 4472);
insert into container (container_id, tare, gross, payload, isocode) values (6479280, 97.39, 24.49, 121.88, 1803);
insert into container (container_id, tare, gross, payload, isocode) values (3951071, 44.47, 46.79, 91.26, 2716);
insert into container (container_id, tare, gross, payload, isocode) values (5210890, 6.99, 39.12, 46.11, 2973);
insert into container (container_id, tare, gross, payload, isocode) values (6879109, 85.7, 29.45, 115.15, 4925);
insert into container (container_id, tare, gross, payload, isocode) values (5035824, 30.04, 57.94, 87.98, 1970);
insert into container (container_id, tare, gross, payload, isocode) values (1524166, 99.7, 87.49, 187.19, 4714);
insert into container (container_id, tare, gross, payload, isocode) values (9659312, 93.72, 98.2, 191.92, 3825);
insert into container (container_id, tare, gross, payload, isocode) values (4300882, 49.86, 50.34, 100.2, 3531);
insert into container (container_id, tare, gross, payload, isocode) values (1857493, 14.6, 93.82, 108.42, 1901);
insert into container (container_id, tare, gross, payload, isocode) values (4504662, 23.04, 67.54, 90.58, 3922);
insert into container (container_id, tare, gross, payload, isocode) values (4216799, 36.42, 92.17, 128.59, 3635);
insert into container (container_id, tare, gross, payload, isocode) values (6657019, 69.6, 68.57, 138.17, 4387);
insert into container (container_id, tare, gross, payload, isocode) values (5248256, 28.66, 31.35, 60.01, 1475);
insert into container (container_id, tare, gross, payload, isocode) values (7964863, 29.4, 46.66, 76.06, 2346);
insert into container (container_id, tare, gross, payload, isocode) values (9279781, 18.53, 46.84, 65.37, 3342);
insert into container (container_id, tare, gross, payload, isocode) values (9419579, 6.95, 60.37, 67.32, 4187);
insert into container (container_id, tare, gross, payload, isocode) values (7214991, 15.12, 18.4, 33.52, 2124);
insert into container (container_id, tare, gross, payload, isocode) values (2575956, 69.29, 90.41, 159.7, 4264);
insert into container (container_id, tare, gross, payload, isocode) values (2348350, 93.13, 91.04, 184.17, 3716);
insert into container (container_id, tare, gross, payload, isocode) values (8512993, 29.34, 48.33, 77.67, 1096);
insert into container (container_id, tare, gross, payload, isocode) values (9292064, 48.33, 74.68, 123.01, 4582);
insert into container (container_id, tare, gross, payload, isocode) values (9427410, 75.78, 58.42, 134.2, 1867);
insert into container (container_id, tare, gross, payload, isocode) values (7863279, 3.02, 86.5, 89.52, 2775);
insert into container (container_id, tare, gross, payload, isocode) values (1772644, 27.28, 44.81, 72.09, 2195);
insert into container (container_id, tare, gross, payload, isocode) values (682790, 10.41, 25.8, 36.21, 3980);
insert into container (container_id, tare, gross, payload, isocode) values (9554295, 63.97, 67.67, 131.64, 4705);
insert into container (container_id, tare, gross, payload, isocode) values (9883497, 50.5, 86.4, 136.9, 2820);
insert into container (container_id, tare, gross, payload, isocode) values (505155, 69.89, 75.1, 144.99, 4183);
insert into container (container_id, tare, gross, payload, isocode) values (209885, 91.96, 66.82, 158.78, 4447);
insert into container (container_id, tare, gross, payload, isocode) values (4853420, 70.45, 65.18, 135.63, 1447);
insert into container (container_id, tare, gross, payload, isocode) values (9868404, 22.66, 69.81, 92.47, 1634);
insert into container (container_id, tare, gross, payload, isocode) values (10933, 38.67, 77.39, 116.06, 1243);
insert into container (container_id, tare, gross, payload, isocode) values (9761539, 4.76, 5.32, 10.08, 4828);
insert into container (container_id, tare, gross, payload, isocode) values (2019607, 19.46, 68.39, 87.85, 4606);
insert into container (container_id, tare, gross, payload, isocode) values (2983468, 21.98, 24.94, 46.92, 4553);
insert into container (container_id, tare, gross, payload, isocode) values (7065594, 94.7, 68.24, 162.94, 3129);
insert into container (container_id, tare, gross, payload, isocode) values (9578352, 68.94, 57.62, 126.56, 4276);
insert into container (container_id, tare, gross, payload, isocode) values (3422706, 90.98, 24.56, 115.54, 3265);
insert into container (container_id, tare, gross, payload, isocode) values (4390453, 81.5, 61.51, 143.01, 2300);
insert into container (container_id, tare, gross, payload, isocode) values (3221270, 21.67, 76.52, 98.19, 3748);
insert into container (container_id, tare, gross, payload, isocode) values (8234084, 85.82, 52.38, 138.2, 2841);
insert into container (container_id, tare, gross, payload, isocode) values (7978977, 27.96, 74.04, 102.0, 3255);
insert into container (container_id, tare, gross, payload, isocode) values (307890, 31.17, 26.91, 58.08, 3307);
insert into container (container_id, tare, gross, payload, isocode) values (2061543, 17.65, 55.74, 73.39, 2771);
insert into container (container_id, tare, gross, payload, isocode) values (3904478, 8.97, 59.25, 68.22, 1797);
insert into container (container_id, tare, gross, payload, isocode) values (722415, 68.58, 12.85, 81.43, 4001);
insert into container (container_id, tare, gross, payload, isocode) values (1065235, 1.04, 96.78, 97.82, 3250);
insert into container (container_id, tare, gross, payload, isocode) values (1866154, 11.93, 15.42, 27.35, 2688);
insert into container (container_id, tare, gross, payload, isocode) values (708747, 61.04, 42.11, 103.15, 4989);
insert into container (container_id, tare, gross, payload, isocode) values (9666660, 12.06, 56.09, 68.15, 4966);
insert into container (container_id, tare, gross, payload, isocode) values (6122391, 20.66, 75.27, 95.93, 3119);
insert into container (container_id, tare, gross, payload, isocode) values (3908753, 7.45, 56.29, 63.74, 4286);
insert into container (container_id, tare, gross, payload, isocode) values (9326301, 11.07, 59.67, 70.74, 2785);
insert into container (container_id, tare, gross, payload, isocode) values (1354371, 91.42, 99.46, 190.88, 1485);
insert into container (container_id, tare, gross, payload, isocode) values (4953629, 68.99, 62.17, 131.16, 4429);
insert into container (container_id, tare, gross, payload, isocode) values (4871217, 34.52, 81.35, 115.87, 3714);
insert into container (container_id, tare, gross, payload, isocode) values (3705156, 58.29, 77.1, 135.39, 4866);
insert into container (container_id, tare, gross, payload, isocode) values (3761220, 6.93, 11.0, 17.93, 1636);
insert into container (container_id, tare, gross, payload, isocode) values (3633640, 56.92, 37.4, 94.32, 2317);
insert into container (container_id, tare, gross, payload, isocode) values (6049696, 65.94, 3.91, 69.85, 4245);
insert into container (container_id, tare, gross, payload, isocode) values (7977522, 78.03, 69.2, 147.23, 2698);
insert into container (container_id, tare, gross, payload, isocode) values (7800813, 94.4, 31.23, 125.63, 4165);
insert into container (container_id, tare, gross, payload, isocode) values (282200, 19.46, 44.62, 64.08, 4719);
insert into container (container_id, tare, gross, payload, isocode) values (6030852, 59.0, 51.38, 110.38, 4529);
insert into container (container_id, tare, gross, payload, isocode) values (4578305, 58.41, 37.57, 95.98, 4472);
insert into container (container_id, tare, gross, payload, isocode) values (3292360, 55.08, 97.92, 153.0, 2145);
insert into container (container_id, tare, gross, payload, isocode) values (7927862, 55.76, 23.44, 79.2, 3219);
insert into container (container_id, tare, gross, payload, isocode) values (2954426, 68.35, 13.02, 81.37, 3311);
insert into container (container_id, tare, gross, payload, isocode) values (4692520, 34.45, 24.0, 58.45, 3221);
insert into container (container_id, tare, gross, payload, isocode) values (4825735, 89.12, 87.93, 177.05, 3898);
insert into container (container_id, tare, gross, payload, isocode) values (2617744, 2.65, 48.36, 51.01, 1679);
insert into container (container_id, tare, gross, payload, isocode) values (8674855, 79.73, 47.42, 127.15, 4470);
insert into container (container_id, tare, gross, payload, isocode) values (7014398, 68.14, 1.45, 69.59, 4381);
insert into container (container_id, tare, gross, payload, isocode) values (1360235, 14.11, 73.19, 87.3, 1557);
insert into container (container_id, tare, gross, payload, isocode) values (4309735, 77.97, 1.7, 79.67, 2519);
insert into container (container_id, tare, gross, payload, isocode) values (4868136, 22.33, 31.03, 53.36, 4781);
insert into container (container_id, tare, gross, payload, isocode) values (4467720, 19.89, 76.89, 96.78, 3220);
insert into container (container_id, tare, gross, payload, isocode) values (4101616, 10.8, 62.29, 73.09, 3009);
insert into container (container_id, tare, gross, payload, isocode) values (7827555, 28.2, 55.41, 83.61, 4351);
insert into container (container_id, tare, gross, payload, isocode) values (9010621, 19.52, 20.42, 39.94, 2811);
insert into container (container_id, tare, gross, payload, isocode) values (9275571, 64.75, 49.49, 114.24, 4159);
insert into container (container_id, tare, gross, payload, isocode) values (2343659, 32.37, 25.05, 57.42, 2391);
insert into container (container_id, tare, gross, payload, isocode) values (1720027, 24.62, 38.83, 63.45, 4436);
insert into container (container_id, tare, gross, payload, isocode) values (8019448, 29.06, 95.64, 124.7, 1874);
insert into container (container_id, tare, gross, payload, isocode) values (9551907, 66.59, 45.1, 111.69, 3815);
insert into container (container_id, tare, gross, payload, isocode) values (7584299, 6.84, 9.09, 15.93, 3692);
insert into container (container_id, tare, gross, payload, isocode) values (6586081, 71.65, 88.24, 159.89, 2706);
insert into container (container_id, tare, gross, payload, isocode) values (4903273, 55.05, 56.11, 111.16, 3465);
insert into container (container_id, tare, gross, payload, isocode) values (1747858, 61.43, 36.95, 98.38, 3633);
insert into container (container_id, tare, gross, payload, isocode) values (8794102, 20.67, 12.29, 32.96, 3503);
insert into container (container_id, tare, gross, payload, isocode) values (8054992, 40.58, 13.08, 53.66, 3393);
insert into container (container_id, tare, gross, payload, isocode) values (598775, 44.36, 27.36, 71.72, 1254);
insert into container (container_id, tare, gross, payload, isocode) values (2501672, 64.59, 39.5, 104.09, 4744);
insert into container (container_id, tare, gross, payload, isocode) values (3785436, 14.14, 39.84, 53.98, 4252);
insert into container (container_id, tare, gross, payload, isocode) values (2059763, 80.36, 56.42, 136.78, 3862);
insert into container (container_id, tare, gross, payload, isocode) values (3848567, 18.06, 26.59, 44.65, 2908);
insert into container (container_id, tare, gross, payload, isocode) values (8561580, 73.85, 58.84, 132.69, 4726);
insert into container (container_id, tare, gross, payload, isocode) values (628900, 17.74, 70.29, 88.03, 1922);
insert into container (container_id, tare, gross, payload, isocode) values (140768, 48.16, 5.7, 53.86, 2364);
insert into container (container_id, tare, gross, payload, isocode) values (8288132, 40.21, 55.56, 95.77, 2701);
insert into container (container_id, tare, gross, payload, isocode) values (739179, 70.33, 8.36, 78.69, 1229);
insert into container (container_id, tare, gross, payload, isocode) values (2469210, 13.06, 72.73, 85.79, 2486);
insert into container (container_id, tare, gross, payload, isocode) values (7248906, 19.4, 40.16, 59.56, 3449);
insert into container (container_id, tare, gross, payload, isocode) values (3476951, 95.86, 29.26, 125.12, 1023);
insert into container (container_id, tare, gross, payload, isocode) values (4707570, 2.44, 29.85, 32.29, 2813);
insert into container (container_id, tare, gross, payload, isocode) values (2333562, 74.64, 42.14, 116.78, 3675);
insert into container (container_id, tare, gross, payload, isocode) values (3760110, 18.95, 37.97, 56.92, 1355);
insert into container (container_id, tare, gross, payload, isocode) values (915050, 14.56, 21.12, 35.68, 1955);
insert into container (container_id, tare, gross, payload, isocode) values (5465471, 70.92, 58.08, 129.0, 4516);
insert into container (container_id, tare, gross, payload, isocode) values (5510727, 14.61, 17.04, 31.65, 3853);
insert into container (container_id, tare, gross, payload, isocode) values (1053408, 49.08, 18.92, 68.0, 2814);
insert into container (container_id, tare, gross, payload, isocode) values (269705, 30.03, 85.43, 115.46, 3770);
insert into container (container_id, tare, gross, payload, isocode) values (7701223, 62.1, 54.52, 116.62, 2544);
insert into container (container_id, tare, gross, payload, isocode) values (2721157, 17.48, 86.26, 103.74, 3285);
insert into container (container_id, tare, gross, payload, isocode) values (2701262, 85.01, 9.0, 94.01, 3406);
insert into container (container_id, tare, gross, payload, isocode) values (2183409, 40.19, 18.44, 58.63, 3442);
insert into container (container_id, tare, gross, payload, isocode) values (8364967, 55.75, 47.16, 102.91, 1988);
insert into container (container_id, tare, gross, payload, isocode) values (9213039, 49.58, 82.98, 132.56, 3526);
insert into container (container_id, tare, gross, payload, isocode) values (4644478, 14.78, 15.78, 30.56, 3691);
insert into container (container_id, tare, gross, payload, isocode) values (7960424, 10.34, 32.52, 42.86, 3215);
insert into container (container_id, tare, gross, payload, isocode) values (110541, 95.76, 27.12, 122.88, 4288);
insert into container (container_id, tare, gross, payload, isocode) values (2449204, 62.65, 73.48, 136.13, 4462);
insert into container (container_id, tare, gross, payload, isocode) values (9518347, 36.66, 72.49, 109.15, 2442);
insert into container (container_id, tare, gross, payload, isocode) values (3213128, 34.91, 35.64, 70.55, 2194);
insert into container (container_id, tare, gross, payload, isocode) values (4687970, 95.35, 7.66, 103.01, 3049);
insert into container (container_id, tare, gross, payload, isocode) values (7684257, 17.39, 50.53, 67.92, 4892);
insert into container (container_id, tare, gross, payload, isocode) values (4166453, 1.06, 33.9, 34.96, 1729);
insert into container (container_id, tare, gross, payload, isocode) values (2814058, 29.76, 74.86, 104.62, 1375);
insert into container (container_id, tare, gross, payload, isocode) values (2693992, 80.16, 43.07, 123.23, 2268);
insert into container (container_id, tare, gross, payload, isocode) values (5734111, 88.22, 5.81, 94.03, 1300);
insert into container (container_id, tare, gross, payload, isocode) values (9070585, 6.65, 35.19, 41.84, 3646);
insert into container (container_id, tare, gross, payload, isocode) values (721797, 46.26, 11.54, 57.8, 1860);
insert into container (container_id, tare, gross, payload, isocode) values (7020916, 64.79, 98.33, 163.12, 1475);
insert into container (container_id, tare, gross, payload, isocode) values (1935697, 45.49, 69.94, 115.43, 2750);
insert into container (container_id, tare, gross, payload, isocode) values (5708813, 59.8, 86.09, 145.89, 3784);
insert into container (container_id, tare, gross, payload, isocode) values (8542533, 4.3, 95.73, 100.03, 2398);
insert into container (container_id, tare, gross, payload, isocode) values (1858468, 15.87, 87.64, 103.51, 4022);
insert into container (container_id, tare, gross, payload, isocode) values (8561707, 51.57, 62.87, 114.44, 2946);
insert into container (container_id, tare, gross, payload, isocode) values (2262730, 64.25, 58.74, 122.99, 3775);
insert into container (container_id, tare, gross, payload, isocode) values (7609909, 4.96, 50.72, 55.68, 1122);
insert into container (container_id, tare, gross, payload, isocode) values (3509579, 18.12, 58.7, 76.82, 2227);
insert into container (container_id, tare, gross, payload, isocode) values (7189955, 14.66, 94.51, 109.17, 4286);
insert into container (container_id, tare, gross, payload, isocode) values (5138381, 13.9, 56.78, 70.68, 1905);
insert into container (container_id, tare, gross, payload, isocode) values (7788724, 91.92, 86.88, 178.8, 3842);
insert into container (container_id, tare, gross, payload, isocode) values (2355235, 5.51, 44.35, 49.86, 1030);
insert into container (container_id, tare, gross, payload, isocode) values (9113177, 78.68, 88.7, 167.38, 3060);
insert into container (container_id, tare, gross, payload, isocode) values (9834739, 45.92, 57.69, 103.61, 1250);
insert into container (container_id, tare, gross, payload, isocode) values (3196942, 30.17, 80.05, 110.22, 3162);
insert into container (container_id, tare, gross, payload, isocode) values (8145745, 73.66, 90.09, 163.75, 2622);
insert into container (container_id, tare, gross, payload, isocode) values (2882607, 62.67, 81.39, 144.06, 4832);
insert into container (container_id, tare, gross, payload, isocode) values (8419671, 82.5, 46.75, 129.25, 3247);
insert into container (container_id, tare, gross, payload, isocode) values (6766832, 94.06, 15.58, 109.64, 2605);
insert into container (container_id, tare, gross, payload, isocode) values (7329290, 75.68, 68.25, 143.93, 1631);
insert into container (container_id, tare, gross, payload, isocode) values (4615675, 23.72, 21.49, 45.21, 4802);
insert into container (container_id, tare, gross, payload, isocode) values (4661451, 57.68, 1.21, 58.89, 4441);
insert into container (container_id, tare, gross, payload, isocode) values (6069919, 47.4, 30.73, 78.13, 3011);
insert into container (container_id, tare, gross, payload, isocode) values (4810054, 7.02, 10.04, 17.06, 2179);
insert into container (container_id, tare, gross, payload, isocode) values (5982865, 58.72, 29.49, 88.21, 1846);
insert into container (container_id, tare, gross, payload, isocode) values (9845504, 83.72, 71.66, 155.38, 3261);
insert into container (container_id, tare, gross, payload, isocode) values (5789700, 25.32, 7.9, 33.22, 2963);
insert into container (container_id, tare, gross, payload, isocode) values (6451050, 5.18, 49.8, 54.98, 1309);
insert into container (container_id, tare, gross, payload, isocode) values (9752298, 54.26, 36.77, 91.03, 1855);
insert into container (container_id, tare, gross, payload, isocode) values (9977728, 81.63, 18.45, 100.08, 3357);
insert into container (container_id, tare, gross, payload, isocode) values (5683858, 68.69, 60.31, 129.0, 3342);
insert into container (container_id, tare, gross, payload, isocode) values (2322868, 95.19, 17.91, 113.1, 3217);
insert into container (container_id, tare, gross, payload, isocode) values (122488, 23.96, 33.77, 57.73, 2227);
insert into container (container_id, tare, gross, payload, isocode) values (8928241, 8.7, 53.58, 62.28, 1278);
insert into container (container_id, tare, gross, payload, isocode) values (4774533, 45.8, 66.97, 112.77, 1307);
insert into container (container_id, tare, gross, payload, isocode) values (6589883, 8.63, 88.23, 96.86, 1411);
insert into container (container_id, tare, gross, payload, isocode) values (8059722, 41.01, 98.15, 139.16, 4762);
insert into container (container_id, tare, gross, payload, isocode) values (7778636, 87.47, 76.72, 164.19, 3064);
insert into container (container_id, tare, gross, payload, isocode) values (8763855, 99.98, 55.38, 155.36, 1091);
insert into container (container_id, tare, gross, payload, isocode) values (3587136, 55.61, 32.78, 88.39, 2319);
insert into container (container_id, tare, gross, payload, isocode) values (6409960, 7.71, 43.99, 51.7, 1259);
insert into container (container_id, tare, gross, payload, isocode) values (9874086, 19.54, 49.43, 68.97, 4029);
insert into container (container_id, tare, gross, payload, isocode) values (5019213, 38.01, 64.09, 102.1, 1341);
insert into container (container_id, tare, gross, payload, isocode) values (3760501, 55.57, 75.49, 131.06, 2737);
insert into container (container_id, tare, gross, payload, isocode) values (4142370, 53.62, 93.02, 146.64, 3530);
insert into container (container_id, tare, gross, payload, isocode) values (9280628, 55.61, 69.77, 125.38, 1475);
insert into container (container_id, tare, gross, payload, isocode) values (6558839, 37.94, 35.0, 72.94, 1704);
insert into container (container_id, tare, gross, payload, isocode) values (4993946, 14.5, 27.2, 41.7, 2860);
insert into container (container_id, tare, gross, payload, isocode) values (133065, 27.31, 88.11, 115.42, 2919);
insert into container (container_id, tare, gross, payload, isocode) values (3753096, 88.0, 43.22, 131.22, 4696);
insert into container (container_id, tare, gross, payload, isocode) values (790684, 83.5, 80.23, 163.73, 2035);
insert into container (container_id, tare, gross, payload, isocode) values (8574023, 50.65, 2.33, 52.98, 4433);
insert into container (container_id, tare, gross, payload, isocode) values (4162565, 99.81, 85.61, 185.42, 1136);
insert into container (container_id, tare, gross, payload, isocode) values (4924955, 24.53, 89.67, 114.2, 2264);
insert into container (container_id, tare, gross, payload, isocode) values (7840775, 22.1, 45.34, 67.44, 4239);
insert into container (container_id, tare, gross, payload, isocode) values (5577067, 51.9, 67.04, 118.94, 1971);
insert into container (container_id, tare, gross, payload, isocode) values (4411636, 58.75, 28.31, 87.06, 4466);
insert into container (container_id, tare, gross, payload, isocode) values (9496641, 11.91, 32.17, 44.08, 1897);
insert into container (container_id, tare, gross, payload, isocode) values (1123490, 51.03, 3.82, 54.85, 1553);
insert into container (container_id, tare, gross, payload, isocode) values (1738638, 4.43, 41.16, 45.59, 3772);
insert into container (container_id, tare, gross, payload, isocode) values (9892633, 82.38, 90.06, 172.44, 2243);
insert into container (container_id, tare, gross, payload, isocode) values (7514776, 52.99, 13.01, 66.0, 1767);
insert into container (container_id, tare, gross, payload, isocode) values (6107423, 46.54, 8.22, 54.76, 4669);
insert into container (container_id, tare, gross, payload, isocode) values (8039713, 79.85, 31.8, 111.65, 4301);
insert into container (container_id, tare, gross, payload, isocode) values (9001569, 35.32, 42.65, 77.97, 3457);
insert into container (container_id, tare, gross, payload, isocode) values (2096251, 54.49, 85.5, 139.99, 1908);
insert into container (container_id, tare, gross, payload, isocode) values (7489426, 84.75, 14.52, 99.27, 2327);
insert into container (container_id, tare, gross, payload, isocode) values (9946077, 21.55, 98.21, 119.76, 3916);
insert into container (container_id, tare, gross, payload, isocode) values (8356455, 43.23, 59.96, 103.19, 4011);
insert into container (container_id, tare, gross, payload, isocode) values (9605893, 23.23, 31.36, 54.59, 1007);
insert into container (container_id, tare, gross, payload, isocode) values (1555143, 86.27, 8.97, 95.24, 2041);
insert into container (container_id, tare, gross, payload, isocode) values (8475727, 24.44, 78.15, 102.59, 2736);
insert into container (container_id, tare, gross, payload, isocode) values (3492860, 61.53, 53.57, 115.1, 4212);
insert into container (container_id, tare, gross, payload, isocode) values (8501002, 14.31, 17.43, 31.74, 3032);
insert into container (container_id, tare, gross, payload, isocode) values (1736584, 58.96, 56.38, 115.34, 2524);
insert into container (container_id, tare, gross, payload, isocode) values (4299262, 32.57, 30.45, 63.02, 3484);
insert into container (container_id, tare, gross, payload, isocode) values (8591341, 19.23, 76.2, 95.43, 1838);
insert into container (container_id, tare, gross, payload, isocode) values (863716, 51.75, 74.51, 126.26, 3286);
insert into container (container_id, tare, gross, payload, isocode) values (5626896, 45.06, 33.98, 79.04, 1529);
insert into container (container_id, tare, gross, payload, isocode) values (2650387, 75.73, 52.04, 127.77, 1549);
insert into container (container_id, tare, gross, payload, isocode) values (9019057, 89.15, 29.42, 118.57, 3572);
insert into container (container_id, tare, gross, payload, isocode) values (2693114, 62.45, 46.97, 109.42, 1064);
insert into container (container_id, tare, gross, payload, isocode) values (7104943, 36.01, 47.6, 83.61, 1341);
insert into container (container_id, tare, gross, payload, isocode) values (441419, 40.38, 76.69, 117.07, 4644);
insert into container (container_id, tare, gross, payload, isocode) values (4783022, 47.19, 36.35, 83.54, 3525);
insert into container (container_id, tare, gross, payload, isocode) values (5579420, 90.83, 4.02, 94.85, 4693);
insert into container (container_id, tare, gross, payload, isocode) values (7078879, 85.31, 6.84, 92.15, 4971);
insert into container (container_id, tare, gross, payload, isocode) values (6807391, 15.6, 77.75, 93.35, 1217);
insert into container (container_id, tare, gross, payload, isocode) values (7874154, 32.86, 15.32, 48.18, 1643);
insert into container (container_id, tare, gross, payload, isocode) values (2609773, 87.45, 82.16, 169.61, 1310);
insert into container (container_id, tare, gross, payload, isocode) values (9741567, 68.03, 57.23, 125.26, 3060);
insert into container (container_id, tare, gross, payload, isocode) values (8546378, 36.11, 51.22, 87.33, 4044);
insert into container (container_id, tare, gross, payload, isocode) values (6397520, 66.18, 97.49, 163.67, 3365);
insert into container (container_id, tare, gross, payload, isocode) values (8914667, 64.28, 45.0, 109.28, 4522);
insert into container (container_id, tare, gross, payload, isocode) values (9143577, 79.31, 46.31, 125.62, 3020);
insert into container (container_id, tare, gross, payload, isocode) values (4326904, 95.64, 89.15, 184.79, 2045);
insert into container (container_id, tare, gross, payload, isocode) values (9137286, 59.13, 24.23, 83.36, 3617);
insert into container (container_id, tare, gross, payload, isocode) values (1305336, 4.19, 52.48, 56.67, 4233);
insert into container (container_id, tare, gross, payload, isocode) values (2136499, 57.68, 57.79, 115.47, 2867);
insert into container (container_id, tare, gross, payload, isocode) values (6198473, 70.02, 61.01, 131.03, 2105);
insert into container (container_id, tare, gross, payload, isocode) values (9764185, 6.66, 66.7, 73.36, 1218);
insert into container (container_id, tare, gross, payload, isocode) values (938340, 44.54, 7.04, 51.58, 4731);
insert into container (container_id, tare, gross, payload, isocode) values (896255, 63.93, 91.13, 155.06, 2782);
insert into container (container_id, tare, gross, payload, isocode) values (4404245, 9.35, 24.56, 33.91, 2618);
insert into container (container_id, tare, gross, payload, isocode) values (5947097, 57.5, 37.59, 95.09, 3355);
insert into container (container_id, tare, gross, payload, isocode) values (86822, 8.28, 87.87, 96.15, 2216);
insert into container (container_id, tare, gross, payload, isocode) values (3723819, 86.9, 64.83, 151.73, 3023);
insert into container (container_id, tare, gross, payload, isocode) values (1029352, 87.75, 42.69, 130.44, 3139);
insert into container (container_id, tare, gross, payload, isocode) values (4322877, 90.86, 98.39, 189.25, 3017);
insert into container (container_id, tare, gross, payload, isocode) values (5015254, 1.47, 19.59, 21.06, 2037);
insert into container (container_id, tare, gross, payload, isocode) values (7682515, 25.48, 50.78, 76.26, 2947);
insert into container (container_id, tare, gross, payload, isocode) values (5841368, 54.77, 55.38, 110.15, 1480);
insert into container (container_id, tare, gross, payload, isocode) values (2733809, 75.87, 22.47, 98.34, 4902);
insert into container (container_id, tare, gross, payload, isocode) values (8056115, 41.35, 53.32, 94.67, 2448);
insert into container (container_id, tare, gross, payload, isocode) values (7560668, 38.01, 99.07, 137.08, 3777);
insert into container (container_id, tare, gross, payload, isocode) values (7082372, 44.34, 91.7, 136.04, 1428);
insert into container (container_id, tare, gross, payload, isocode) values (5655299, 91.66, 27.96, 119.62, 1430);
insert into container (container_id, tare, gross, payload, isocode) values (5308377, 78.37, 75.22, 153.59, 4117);
insert into container (container_id, tare, gross, payload, isocode) values (9216307, 44.24, 43.83, 88.07, 4310);
insert into container (container_id, tare, gross, payload, isocode) values (2031503, 69.46, 86.9, 156.36, 4016);
insert into container (container_id, tare, gross, payload, isocode) values (9978599, 39.32, 83.61, 122.93, 1817);
insert into container (container_id, tare, gross, payload, isocode) values (978199, 31.67, 15.87, 47.54, 3177);
insert into container (container_id, tare, gross, payload, isocode) values (4481941, 99.82, 68.95, 168.77, 3173);
insert into container (container_id, tare, gross, payload, isocode) values (2672406, 8.41, 81.77, 90.18, 3241);
insert into container (container_id, tare, gross, payload, isocode) values (1987586, 31.79, 38.63, 70.42, 3239);
insert into container (container_id, tare, gross, payload, isocode) values (7807239, 60.22, 86.37, 146.59, 3685);
insert into container (container_id, tare, gross, payload, isocode) values (144449, 92.63, 43.39, 136.02, 1600);
insert into container (container_id, tare, gross, payload, isocode) values (9795786, 61.41, 54.52, 115.93, 1630);
insert into container (container_id, tare, gross, payload, isocode) values (5312279, 66.62, 18.1, 84.72, 2167);
insert into container (container_id, tare, gross, payload, isocode) values (7749375, 36.88, 80.81, 117.69, 4570);
insert into container (container_id, tare, gross, payload, isocode) values (2504454, 46.7, 62.19, 108.89, 1669);
insert into container (container_id, tare, gross, payload, isocode) values (1558071, 98.86, 31.05, 129.91, 2433);
insert into container (container_id, tare, gross, payload, isocode) values (1962396, 55.25, 26.44, 81.69, 4703);
insert into container (container_id, tare, gross, payload, isocode) values (2353883, 69.56, 40.62, 110.18, 3751);
insert into container (container_id, tare, gross, payload, isocode) values (3434488, 32.09, 44.65, 76.74, 4174);
insert into container (container_id, tare, gross, payload, isocode) values (1418596, 7.09, 90.36, 97.45, 2698);
insert into container (container_id, tare, gross, payload, isocode) values (6956397, 85.74, 50.94, 136.68, 2879);
insert into container (container_id, tare, gross, payload, isocode) values (123768, 25.64, 94.41, 120.05, 1762);
insert into container (container_id, tare, gross, payload, isocode) values (2722759, 54.61, 8.39, 63.0, 1707);
insert into container (container_id, tare, gross, payload, isocode) values (6458130, 7.94, 85.55, 93.49, 2151);
insert into container (container_id, tare, gross, payload, isocode) values (9608504, 81.96, 2.45, 84.41, 4021);
insert into container (container_id, tare, gross, payload, isocode) values (3462818, 27.43, 41.92, 69.35, 4717);
insert into container (container_id, tare, gross, payload, isocode) values (6724197, 29.69, 5.73, 35.42, 2606);
insert into container (container_id, tare, gross, payload, isocode) values (5659368, 16.46, 12.67, 29.13, 4325);
insert into container (container_id, tare, gross, payload, isocode) values (1274563, 1.03, 83.46, 84.49, 2109);
insert into container (container_id, tare, gross, payload, isocode) values (837583, 98.79, 13.41, 112.2, 1176);
insert into container (container_id, tare, gross, payload, isocode) values (586095, 59.98, 37.76, 97.74, 4050);
insert into container (container_id, tare, gross, payload, isocode) values (9661114, 24.96, 5.81, 30.77, 4938);
insert into container (container_id, tare, gross, payload, isocode) values (7572031, 46.44, 58.94, 105.38, 3345);
insert into container (container_id, tare, gross, payload, isocode) values (8218495, 75.97, 99.71, 175.68, 1994);
insert into container (container_id, tare, gross, payload, isocode) values (2767540, 18.54, 53.84, 72.38, 4170);
insert into container (container_id, tare, gross, payload, isocode) values (745998, 8.53, 8.58, 17.11, 1711);
insert into container (container_id, tare, gross, payload, isocode) values (3795095, 78.39, 97.83, 176.22, 3907);
insert into container (container_id, tare, gross, payload, isocode) values (1986974, 50.82, 81.64, 132.46, 3827);
insert into container (container_id, tare, gross, payload, isocode) values (6889907, 81.21, 27.1, 108.31, 2925);
insert into container (container_id, tare, gross, payload, isocode) values (5638346, 48.88, 42.03, 90.91, 4069);
insert into container (container_id, tare, gross, payload, isocode) values (540114, 81.69, 93.65, 175.34, 3400);
insert into container (container_id, tare, gross, payload, isocode) values (8935466, 27.61, 56.1, 83.71, 1357);
insert into container (container_id, tare, gross, payload, isocode) values (3576467, 12.34, 14.05, 26.39, 2041);
insert into container (container_id, tare, gross, payload, isocode) values (8498533, 45.97, 7.98, 53.95, 4002);
insert into container (container_id, tare, gross, payload, isocode) values (6278703, 45.39, 24.65, 70.04, 3939);
insert into container (container_id, tare, gross, payload, isocode) values (5985041, 1.62, 66.11, 67.73, 3287);
insert into container (container_id, tare, gross, payload, isocode) values (3000853, 85.87, 52.32, 138.19, 2652);
insert into container (container_id, tare, gross, payload, isocode) values (8950208, 72.24, 10.48, 82.72, 4197);
insert into container (container_id, tare, gross, payload, isocode) values (9987446, 28.19, 19.39, 47.58, 4210);
insert into container (container_id, tare, gross, payload, isocode) values (810979, 36.93, 38.48, 75.41, 4693);
insert into container (container_id, tare, gross, payload, isocode) values (9226749, 75.23, 51.98, 127.21, 3947);
insert into container (container_id, tare, gross, payload, isocode) values (3989030, 98.76, 77.98, 176.74, 1013);
insert into container (container_id, tare, gross, payload, isocode) values (9203377, 37.84, 83.58, 121.42, 1169);
insert into container (container_id, tare, gross, payload, isocode) values (283730, 86.02, 47.21, 133.23, 2881);
insert into container (container_id, tare, gross, payload, isocode) values (4074022, 47.71, 66.03, 113.74, 2373);
insert into container (container_id, tare, gross, payload, isocode) values (7459573, 77.52, 43.84, 121.36, 2265);
insert into container (container_id, tare, gross, payload, isocode) values (9466123, 31.44, 34.1, 65.54, 4650);
insert into container (container_id, tare, gross, payload, isocode) values (5540054, 90.5, 24.02, 114.52, 1962);
insert into container (container_id, tare, gross, payload, isocode) values (7857665, 45.81, 91.39, 137.2, 4285);
insert into container (container_id, tare, gross, payload, isocode) values (1277238, 99.67, 9.74, 109.41, 1423);
insert into container (container_id, tare, gross, payload, isocode) values (2750735, 90.94, 20.95, 111.89, 1110);
insert into container (container_id, tare, gross, payload, isocode) values (5359558, 26.04, 39.73, 65.77, 1578);
insert into container (container_id, tare, gross, payload, isocode) values (6915770, 89.39, 31.63, 121.02, 1729);
insert into container (container_id, tare, gross, payload, isocode) values (5351520, 4.43, 46.84, 51.27, 4212);
insert into container (container_id, tare, gross, payload, isocode) values (6680360, 48.33, 29.8, 78.13, 4015);
insert into container (container_id, tare, gross, payload, isocode) values (3401835, 94.21, 69.93, 164.14, 3143);
insert into container (container_id, tare, gross, payload, isocode) values (6064923, 3.9, 41.74, 45.64, 4807);
insert into container (container_id, tare, gross, payload, isocode) values (4220768, 13.17, 4.8, 17.97, 3547);
insert into container (container_id, tare, gross, payload, isocode) values (8529220, 51.15, 87.11, 138.26, 4988);
insert into container (container_id, tare, gross, payload, isocode) values (6215351, 38.4, 54.25, 92.65, 4323);
insert into container (container_id, tare, gross, payload, isocode) values (5919556, 24.41, 23.98, 48.39, 2441);
insert into container (container_id, tare, gross, payload, isocode) values (857965, 82.51, 53.93, 136.44, 2020);
insert into container (container_id, tare, gross, payload, isocode) values (7226444, 9.8, 36.62, 46.42, 4872);
insert into container (container_id, tare, gross, payload, isocode) values (7852564, 77.98, 88.51, 166.49, 4883);
insert into container (container_id, tare, gross, payload, isocode) values (9917166, 65.33, 95.45, 160.78, 4905);
insert into container (container_id, tare, gross, payload, isocode) values (7850304, 29.94, 86.28, 116.22, 4487);
insert into container (container_id, tare, gross, payload, isocode) values (1573723, 4.08, 56.78, 60.86, 1523);
insert into container (container_id, tare, gross, payload, isocode) values (7511557, 27.9, 71.7, 99.6, 2475);
insert into container (container_id, tare, gross, payload, isocode) values (1623809, 47.2, 98.72, 145.92, 1195);
insert into container (container_id, tare, gross, payload, isocode) values (3652803, 42.14, 24.92, 67.06, 4349);
insert into container (container_id, tare, gross, payload, isocode) values (2818829, 81.21, 72.64, 153.85, 1962);
insert into container (container_id, tare, gross, payload, isocode) values (4897238, 47.59, 55.1, 102.69, 2492);
insert into container (container_id, tare, gross, payload, isocode) values (8255706, 20.23, 77.15, 97.38, 2929);
insert into container (container_id, tare, gross, payload, isocode) values (8889089, 34.33, 50.27, 84.6, 2861);
insert into container (container_id, tare, gross, payload, isocode) values (5967879, 22.81, 74.08, 96.89, 1690);
insert into container (container_id, tare, gross, payload, isocode) values (3921493, 22.15, 96.87, 119.02, 3732);
insert into container (container_id, tare, gross, payload, isocode) values (5179239, 32.8, 19.01, 51.81, 2871);
insert into container (container_id, tare, gross, payload, isocode) values (6441995, 27.6, 72.67, 100.27, 2069);
insert into container (container_id, tare, gross, payload, isocode) values (551621, 44.54, 1.7, 46.24, 3237);
insert into container (container_id, tare, gross, payload, isocode) values (8965558, 56.28, 64.3, 120.58, 4209);
insert into container (container_id, tare, gross, payload, isocode) values (8213390, 49.62, 2.96, 52.58, 2604);
insert into container (container_id, tare, gross, payload, isocode) values (7515848, 6.85, 96.86, 103.71, 4318);
insert into container (container_id, tare, gross, payload, isocode) values (7136029, 73.35, 42.87, 116.22, 3250);
insert into container (container_id, tare, gross, payload, isocode) values (961837, 93.09, 94.16, 187.25, 2303);
insert into container (container_id, tare, gross, payload, isocode) values (5063635, 97.56, 66.55, 164.11, 4772);
insert into container (container_id, tare, gross, payload, isocode) values (2753171, 52.12, 56.55, 108.67, 2442);
insert into container (container_id, tare, gross, payload, isocode) values (3913156, 45.22, 21.18, 66.4, 1896);
insert into container (container_id, tare, gross, payload, isocode) values (6107524, 83.57, 94.15, 177.72, 3975);
insert into container (container_id, tare, gross, payload, isocode) values (7525736, 67.86, 7.21, 75.07, 2364);
insert into container (container_id, tare, gross, payload, isocode) values (6626959, 67.87, 14.12, 81.99, 1642);
insert into container (container_id, tare, gross, payload, isocode) values (1152784, 18.92, 54.11, 73.03, 2018);
insert into container (container_id, tare, gross, payload, isocode) values (2755128, 70.93, 93.01, 163.94, 1229);
insert into container (container_id, tare, gross, payload, isocode) values (3513855, 10.93, 46.47, 57.4, 1685);
insert into container (container_id, tare, gross, payload, isocode) values (9469931, 28.56, 88.43, 116.99, 2168);
insert into container (container_id, tare, gross, payload, isocode) values (4515914, 36.05, 89.84, 125.89, 4534);
insert into container (container_id, tare, gross, payload, isocode) values (7715183, 56.91, 46.48, 103.39, 2038);
insert into container (container_id, tare, gross, payload, isocode) values (309787, 6.25, 36.73, 42.98, 3823);
insert into container (container_id, tare, gross, payload, isocode) values (2913804, 12.74, 72.55, 85.29, 2222);
insert into container (container_id, tare, gross, payload, isocode) values (4399451, 81.65, 85.43, 167.08, 1595);
insert into container (container_id, tare, gross, payload, isocode) values (386410, 85.33, 71.51, 156.84, 1912);
insert into container (container_id, tare, gross, payload, isocode) values (8539085, 7.92, 28.78, 36.7, 2038);
insert into container (container_id, tare, gross, payload, isocode) values (9355505, 87.26, 75.27, 162.53, 4646);
insert into container (container_id, tare, gross, payload, isocode) values (9000932, 13.28, 20.8, 34.08, 4880);
insert into container (container_id, tare, gross, payload, isocode) values (2116393, 36.01, 37.69, 73.7, 1161);
insert into container (container_id, tare, gross, payload, isocode) values (2549246, 61.48, 17.74, 79.22, 1846);
insert into container (container_id, tare, gross, payload, isocode) values (6191019, 55.97, 95.44, 151.41, 4012);
insert into container (container_id, tare, gross, payload, isocode) values (6955932, 95.0, 59.94, 154.94, 3101);
insert into container (container_id, tare, gross, payload, isocode) values (3272382, 86.52, 57.84, 144.36, 4477);
insert into container (container_id, tare, gross, payload, isocode) values (1475321, 95.57, 3.48, 99.05, 3816);
insert into container (container_id, tare, gross, payload, isocode) values (666915, 48.96, 68.88, 117.84, 2123);
insert into container (container_id, tare, gross, payload, isocode) values (4107082, 23.75, 48.97, 72.72, 2887);
insert into container (container_id, tare, gross, payload, isocode) values (3011850, 61.95, 93.59, 155.54, 2076);
insert into container (container_id, tare, gross, payload, isocode) values (1506075, 61.63, 64.82, 126.45, 2848);
insert into container (container_id, tare, gross, payload, isocode) values (5887416, 94.94, 12.91, 107.85, 1578);
insert into container (container_id, tare, gross, payload, isocode) values (7636252, 33.58, 83.43, 117.01, 4235);
insert into container (container_id, tare, gross, payload, isocode) values (8527619, 77.67, 30.82, 108.49, 2425);
insert into container (container_id, tare, gross, payload, isocode) values (3355821, 51.47, 40.92, 92.39, 4353);
insert into container (container_id, tare, gross, payload, isocode) values (5002135, 92.9, 58.45, 151.35, 2576);
insert into container (container_id, tare, gross, payload, isocode) values (3143910, 60.71, 91.28, 151.99, 2250);
insert into container (container_id, tare, gross, payload, isocode) values (7305599, 98.36, 14.38, 112.74, 3464);
insert into container (container_id, tare, gross, payload, isocode) values (6686080, 74.5, 22.44, 96.94, 2924);
insert into container (container_id, tare, gross, payload, isocode) values (2661497, 78.87, 29.16, 108.03, 3716);
insert into container (container_id, tare, gross, payload, isocode) values (2877511, 70.28, 11.71, 81.99, 4688);
insert into container (container_id, tare, gross, payload, isocode) values (4847076, 15.42, 45.63, 61.05, 1195);
insert into container (container_id, tare, gross, payload, isocode) values (3113560, 32.36, 41.12, 73.48, 3310);
insert into container (container_id, tare, gross, payload, isocode) values (7213722, 41.09, 34.3, 75.39, 3526);
insert into container (container_id, tare, gross, payload, isocode) values (1049486, 68.43, 22.46, 90.89, 4409);
insert into container (container_id, tare, gross, payload, isocode) values (4889108, 5.31, 31.78, 37.09, 4056);
insert into container (container_id, tare, gross, payload, isocode) values (8284377, 52.58, 92.45, 145.03, 1630);
insert into container (container_id, tare, gross, payload, isocode) values (1382188, 96.16, 18.34, 114.5, 4646);
insert into container (container_id, tare, gross, payload, isocode) values (2802505, 40.54, 96.14, 136.68, 4013);
--400 containers inserted

insert into containerincargomanifest (container_id, cargomanifest_id, temperature_kept) values (9803333, 87507, null);
insert into containerincargomanifest (container_id, cargomanifest_id, temperature_kept) values (1386341, 30009, -18);
insert into containerincargomanifest (container_id, cargomanifest_id, temperature_kept) values (531766, 25442, -1);
insert into containerincargomanifest (container_id, cargomanifest_id, temperature_kept) values (3086183, 47409, null);
insert into containerincargomanifest (container_id, cargomanifest_id, temperature_kept) values (8335151, 64229, 9);
insert into containerincargomanifest (container_id, cargomanifest_id, temperature_kept) values (9333060, 53304, -10);
insert into containerincargomanifest (container_id, cargomanifest_id, temperature_kept) values (2973602, 25442, 21);
insert into containerincargomanifest (container_id, cargomanifest_id, temperature_kept) values (6075721, 11031, 24);
insert into containerincargomanifest (container_id, cargomanifest_id, temperature_kept) values (8519913, 54091, -8);
insert into containerincargomanifest (container_id, cargomanifest_id, temperature_kept) values (8864057, 723, 3);
insert into containerincargomanifest (container_id, cargomanifest_id, temperature_kept) values (6479280, 62590, null);
insert into containerincargomanifest (container_id, cargomanifest_id, temperature_kept) values (3951071, 77328, 8);
insert into containerincargomanifest (container_id, cargomanifest_id, temperature_kept) values (5210890, 67603, null);
insert into containerincargomanifest (container_id, cargomanifest_id, temperature_kept) values (6879109, 12366, null);
insert into containerincargomanifest (container_id, cargomanifest_id, temperature_kept) values (5035824, 54561, 5);
insert into containerincargomanifest (container_id, cargomanifest_id, temperature_kept) values (1524166, 93962, 0);
insert into containerincargomanifest (container_id, cargomanifest_id, temperature_kept) values (9659312, 9004, 24);
insert into containerincargomanifest (container_id, cargomanifest_id, temperature_kept) values (4300882, 73258, null);
insert into containerincargomanifest (container_id, cargomanifest_id, temperature_kept) values (1857493, 45806, -22);
insert into containerincargomanifest (container_id, cargomanifest_id, temperature_kept) values (4504662, 25442, 22);
insert into containerincargomanifest (container_id, cargomanifest_id, temperature_kept) values (4216799, 54561, -9);
insert into containerincargomanifest (container_id, cargomanifest_id, temperature_kept) values (6657019, 45228, null);
insert into containerincargomanifest (container_id, cargomanifest_id, temperature_kept) values (5248256, 85242, 7);
insert into containerincargomanifest (container_id, cargomanifest_id, temperature_kept) values (7964863, 73258, 4);
insert into containerincargomanifest (container_id, cargomanifest_id, temperature_kept) values (9279781, 78548, 18);
insert into containerincargomanifest (container_id, cargomanifest_id, temperature_kept) values (9419579, 62698, 16);
insert into containerincargomanifest (container_id, cargomanifest_id, temperature_kept) values (7214991, 67603, null);
insert into containerincargomanifest (container_id, cargomanifest_id, temperature_kept) values (2575956, 52328, 7);
insert into containerincargomanifest (container_id, cargomanifest_id, temperature_kept) values (2348350, 80342, 13);
insert into containerincargomanifest (container_id, cargomanifest_id, temperature_kept) values (8512993, 57546, -7);
insert into containerincargomanifest (container_id, cargomanifest_id, temperature_kept) values (9292064, 34491, -8);
insert into containerincargomanifest (container_id, cargomanifest_id, temperature_kept) values (9427410, 2163, null);
insert into containerincargomanifest (container_id, cargomanifest_id, temperature_kept) values (7863279, 45228, 10);
insert into containerincargomanifest (container_id, cargomanifest_id, temperature_kept) values (1772644, 37588, -15);
insert into containerincargomanifest (container_id, cargomanifest_id, temperature_kept) values (682790, 9062, 19);
insert into containerincargomanifest (container_id, cargomanifest_id, temperature_kept) values (9554295, 25442, null);
insert into containerincargomanifest (container_id, cargomanifest_id, temperature_kept) values (9883497, 86476, -25);
insert into containerincargomanifest (container_id, cargomanifest_id, temperature_kept) values (505155, 30009, null);
insert into containerincargomanifest (container_id, cargomanifest_id, temperature_kept) values (209885, 3598, -30);
insert into containerincargomanifest (container_id, cargomanifest_id, temperature_kept) values (4853420, 82845, -25);
insert into containerincargomanifest (container_id, cargomanifest_id, temperature_kept) values (9868404, 45806, -8);
insert into containerincargomanifest (container_id, cargomanifest_id, temperature_kept) values (10933, 62698, null);
insert into containerincargomanifest (container_id, cargomanifest_id, temperature_kept) values (9761539, 34491, 7);
insert into containerincargomanifest (container_id, cargomanifest_id, temperature_kept) values (2019607, 79225, 10);
insert into containerincargomanifest (container_id, cargomanifest_id, temperature_kept) values (2983468, 57546, 2);
insert into containerincargomanifest (container_id, cargomanifest_id, temperature_kept) values (7065594, 69477, -17);
insert into containerincargomanifest (container_id, cargomanifest_id, temperature_kept) values (9578352, 9062, 3);
insert into containerincargomanifest (container_id, cargomanifest_id, temperature_kept) values (3422706, 54561, -26);
insert into containerincargomanifest (container_id, cargomanifest_id, temperature_kept) values (4390453, 30009, 11);
insert into containerincargomanifest (container_id, cargomanifest_id, temperature_kept) values (3221270, 9062, null);
insert into containerincargomanifest (container_id, cargomanifest_id, temperature_kept) values (8234084, 19821, null);
insert into containerincargomanifest (container_id, cargomanifest_id, temperature_kept) values (7978977, 2163, null);
insert into containerincargomanifest (container_id, cargomanifest_id, temperature_kept) values (307890, 57546, null);
insert into containerincargomanifest (container_id, cargomanifest_id, temperature_kept) values (2061543, 34491, 0);
insert into containerincargomanifest (container_id, cargomanifest_id, temperature_kept) values (3904478, 62590, null);
insert into containerincargomanifest (container_id, cargomanifest_id, temperature_kept) values (722415, 57546, null);
insert into containerincargomanifest (container_id, cargomanifest_id, temperature_kept) values (1065235, 66729, 13);
insert into containerincargomanifest (container_id, cargomanifest_id, temperature_kept) values (1866154, 3598, -25);
insert into containerincargomanifest (container_id, cargomanifest_id, temperature_kept) values (708747, 93962, null);
insert into containerincargomanifest (container_id, cargomanifest_id, temperature_kept) values (9666660, 79225, 18);
insert into containerincargomanifest (container_id, cargomanifest_id, temperature_kept) values (6122391, 47409, -21);
insert into containerincargomanifest (container_id, cargomanifest_id, temperature_kept) values (3908753, 69477, -28);
insert into containerincargomanifest (container_id, cargomanifest_id, temperature_kept) values (9326301, 45228, -3);
insert into containerincargomanifest (container_id, cargomanifest_id, temperature_kept) values (1354371, 9004, -21);
insert into containerincargomanifest (container_id, cargomanifest_id, temperature_kept) values (4953629, 2025, null);
insert into containerincargomanifest (container_id, cargomanifest_id, temperature_kept) values (4871217, 723, -24);
insert into containerincargomanifest (container_id, cargomanifest_id, temperature_kept) values (3705156, 39823, -11);
insert into containerincargomanifest (container_id, cargomanifest_id, temperature_kept) values (3761220, 96922, null);
insert into containerincargomanifest (container_id, cargomanifest_id, temperature_kept) values (3633640, 62590, null);
insert into containerincargomanifest (container_id, cargomanifest_id, temperature_kept) values (6049696, 78548, 21);
insert into containerincargomanifest (container_id, cargomanifest_id, temperature_kept) values (7977522, 3598, 5);
insert into containerincargomanifest (container_id, cargomanifest_id, temperature_kept) values (7800813, 53304, 23);
insert into containerincargomanifest (container_id, cargomanifest_id, temperature_kept) values (282200, 79225, -24);
insert into containerincargomanifest (container_id, cargomanifest_id, temperature_kept) values (6030852, 86476, null);
insert into containerincargomanifest (container_id, cargomanifest_id, temperature_kept) values (4578305, 64229, 25);
insert into containerincargomanifest (container_id, cargomanifest_id, temperature_kept) values (3292360, 96922, 4);
insert into containerincargomanifest (container_id, cargomanifest_id, temperature_kept) values (7927862, 69477, null);
insert into containerincargomanifest (container_id, cargomanifest_id, temperature_kept) values (2954426, 96922, 18);
insert into containerincargomanifest (container_id, cargomanifest_id, temperature_kept) values (4692520, 71971, 5);
insert into containerincargomanifest (container_id, cargomanifest_id, temperature_kept) values (4825735, 96922, -1);
insert into containerincargomanifest (container_id, cargomanifest_id, temperature_kept) values (2617744, 47409, 17);
insert into containerincargomanifest (container_id, cargomanifest_id, temperature_kept) values (8674855, 64229, -2);
insert into containerincargomanifest (container_id, cargomanifest_id, temperature_kept) values (7014398, 71971, null);
insert into containerincargomanifest (container_id, cargomanifest_id, temperature_kept) values (1360235, 54561, null);
insert into containerincargomanifest (container_id, cargomanifest_id, temperature_kept) values (4309735, 64229, -1);
insert into containerincargomanifest (container_id, cargomanifest_id, temperature_kept) values (4868136, 45228, null);
insert into containerincargomanifest (container_id, cargomanifest_id, temperature_kept) values (4467720, 62590, 7);
insert into containerincargomanifest (container_id, cargomanifest_id, temperature_kept) values (4101616, 47409, -2);
insert into containerincargomanifest (container_id, cargomanifest_id, temperature_kept) values (7827555, 77328, -15);
insert into containerincargomanifest (container_id, cargomanifest_id, temperature_kept) values (9010621, 3598, -29);
insert into containerincargomanifest (container_id, cargomanifest_id, temperature_kept) values (9275571, 9062, null);
insert into containerincargomanifest (container_id, cargomanifest_id, temperature_kept) values (2343659, 9062, null);
insert into containerincargomanifest (container_id, cargomanifest_id, temperature_kept) values (1720027, 9062, null);
insert into containerincargomanifest (container_id, cargomanifest_id, temperature_kept) values (8019448, 71971, 22);
insert into containerincargomanifest (container_id, cargomanifest_id, temperature_kept) values (9551907, 45806, null);
insert into containerincargomanifest (container_id, cargomanifest_id, temperature_kept) values (7584299, 723, -27);
insert into containerincargomanifest (container_id, cargomanifest_id, temperature_kept) values (6586081, 48193, null);
insert into containerincargomanifest (container_id, cargomanifest_id, temperature_kept) values (4903273, 45806, 7);
insert into containerincargomanifest (container_id, cargomanifest_id, temperature_kept) values (1747858, 96922, null);
insert into containerincargomanifest (container_id, cargomanifest_id, temperature_kept) values (8794102, 96922, 7);
insert into containerincargomanifest (container_id, cargomanifest_id, temperature_kept) values (8054992, 82845, 2);
insert into containerincargomanifest (container_id, cargomanifest_id, temperature_kept) values (598775, 47409, -17);
insert into containerincargomanifest (container_id, cargomanifest_id, temperature_kept) values (2501672, 45228, 20);
insert into containerincargomanifest (container_id, cargomanifest_id, temperature_kept) values (3785436, 3598, 4);
insert into containerincargomanifest (container_id, cargomanifest_id, temperature_kept) values (2059763, 723, -26);
insert into containerincargomanifest (container_id, cargomanifest_id, temperature_kept) values (3848567, 9004, 13);
insert into containerincargomanifest (container_id, cargomanifest_id, temperature_kept) values (8561580, 78991, 21);
insert into containerincargomanifest (container_id, cargomanifest_id, temperature_kept) values (628900, 19821, -18);
insert into containerincargomanifest (container_id, cargomanifest_id, temperature_kept) values (140768, 77328, null);
insert into containerincargomanifest (container_id, cargomanifest_id, temperature_kept) values (8288132, 83244, 13);
insert into containerincargomanifest (container_id, cargomanifest_id, temperature_kept) values (739179, 83244, 11);
insert into containerincargomanifest (container_id, cargomanifest_id, temperature_kept) values (2469210, 2025, -3);
insert into containerincargomanifest (container_id, cargomanifest_id, temperature_kept) values (7248906, 62698, null);
insert into containerincargomanifest (container_id, cargomanifest_id, temperature_kept) values (3476951, 54561, -24);
insert into containerincargomanifest (container_id, cargomanifest_id, temperature_kept) values (4707570, 52328, -24);
insert into containerincargomanifest (container_id, cargomanifest_id, temperature_kept) values (2333562, 2025, 2);
insert into containerincargomanifest (container_id, cargomanifest_id, temperature_kept) values (3760110, 37588, null);
insert into containerincargomanifest (container_id, cargomanifest_id, temperature_kept) values (915050, 34491, 9);
insert into containerincargomanifest (container_id, cargomanifest_id, temperature_kept) values (5465471, 73258, 0);
insert into containerincargomanifest (container_id, cargomanifest_id, temperature_kept) values (5510727, 78548, null);
insert into containerincargomanifest (container_id, cargomanifest_id, temperature_kept) values (1053408, 3598, null);
insert into containerincargomanifest (container_id, cargomanifest_id, temperature_kept) values (269705, 59447, 22);
insert into containerincargomanifest (container_id, cargomanifest_id, temperature_kept) values (7701223, 64229, null);
insert into containerincargomanifest (container_id, cargomanifest_id, temperature_kept) values (2721157, 45806, 22);
insert into containerincargomanifest (container_id, cargomanifest_id, temperature_kept) values (2701262, 82845, null);
insert into containerincargomanifest (container_id, cargomanifest_id, temperature_kept) values (2183409, 19821, 20);
insert into containerincargomanifest (container_id, cargomanifest_id, temperature_kept) values (8364967, 82845, null);
insert into containerincargomanifest (container_id, cargomanifest_id, temperature_kept) values (9213039, 57650, -27);
insert into containerincargomanifest (container_id, cargomanifest_id, temperature_kept) values (4644478, 16358, 25);
insert into containerincargomanifest (container_id, cargomanifest_id, temperature_kept) values (7960424, 79225, -30);
insert into containerincargomanifest (container_id, cargomanifest_id, temperature_kept) values (110541, 723, -3);
insert into containerincargomanifest (container_id, cargomanifest_id, temperature_kept) values (2449204, 45806, -16);
insert into containerincargomanifest (container_id, cargomanifest_id, temperature_kept) values (9518347, 78991, null);
insert into containerincargomanifest (container_id, cargomanifest_id, temperature_kept) values (3213128, 80342, 2);
insert into containerincargomanifest (container_id, cargomanifest_id, temperature_kept) values (4687970, 9062, 23);
insert into containerincargomanifest (container_id, cargomanifest_id, temperature_kept) values (7684257, 54561, -2);
insert into containerincargomanifest (container_id, cargomanifest_id, temperature_kept) values (4166453, 85242, -8);
insert into containerincargomanifest (container_id, cargomanifest_id, temperature_kept) values (2814058, 79225, null);
insert into containerincargomanifest (container_id, cargomanifest_id, temperature_kept) values (2693992, 66729, null);
insert into containerincargomanifest (container_id, cargomanifest_id, temperature_kept) values (5734111, 87507, -12);
insert into containerincargomanifest (container_id, cargomanifest_id, temperature_kept) values (9070585, 73258, 8);
insert into containerincargomanifest (container_id, cargomanifest_id, temperature_kept) values (721797, 53304, -3);
insert into containerincargomanifest (container_id, cargomanifest_id, temperature_kept) values (7020916, 723, null);
insert into containerincargomanifest (container_id, cargomanifest_id, temperature_kept) values (1935697, 25442, -9);
insert into containerincargomanifest (container_id, cargomanifest_id, temperature_kept) values (5708813, 723, 25);
insert into containerincargomanifest (container_id, cargomanifest_id, temperature_kept) values (8542533, 93962, 10);
insert into containerincargomanifest (container_id, cargomanifest_id, temperature_kept) values (1858468, 48193, null);
insert into containerincargomanifest (container_id, cargomanifest_id, temperature_kept) values (8561707, 19821, null);
insert into containerincargomanifest (container_id, cargomanifest_id, temperature_kept) values (2262730, 45228, 21);
insert into containerincargomanifest (container_id, cargomanifest_id, temperature_kept) values (7609909, 69477, 24);
insert into containerincargomanifest (container_id, cargomanifest_id, temperature_kept) values (3509579, 12366, -17);
insert into containerincargomanifest (container_id, cargomanifest_id, temperature_kept) values (7189955, 85242, null);
insert into containerincargomanifest (container_id, cargomanifest_id, temperature_kept) values (5138381, 78991, null);
insert into containerincargomanifest (container_id, cargomanifest_id, temperature_kept) values (7788724, 53304, 18);
insert into containerincargomanifest (container_id, cargomanifest_id, temperature_kept) values (2355235, 54561, -14);
insert into containerincargomanifest (container_id, cargomanifest_id, temperature_kept) values (9113177, 47409, -14);
insert into containerincargomanifest (container_id, cargomanifest_id, temperature_kept) values (9834739, 73258, -13);
insert into containerincargomanifest (container_id, cargomanifest_id, temperature_kept) values (3196942, 54561, null);
insert into containerincargomanifest (container_id, cargomanifest_id, temperature_kept) values (8145745, 25442, -21);
insert into containerincargomanifest (container_id, cargomanifest_id, temperature_kept) values (2882607, 57650, null);
insert into containerincargomanifest (container_id, cargomanifest_id, temperature_kept) values (8419671, 723, 17);
insert into containerincargomanifest (container_id, cargomanifest_id, temperature_kept) values (6766832, 64229, -5);
insert into containerincargomanifest (container_id, cargomanifest_id, temperature_kept) values (7329290, 77328, 7);
insert into containerincargomanifest (container_id, cargomanifest_id, temperature_kept) values (4615675, 723, -2);
insert into containerincargomanifest (container_id, cargomanifest_id, temperature_kept) values (4661451, 87507, -13);
insert into containerincargomanifest (container_id, cargomanifest_id, temperature_kept) values (6069919, 71971, 12);
insert into containerincargomanifest (container_id, cargomanifest_id, temperature_kept) values (4810054, 9004, 16);
insert into containerincargomanifest (container_id, cargomanifest_id, temperature_kept) values (5982865, 45806, 18);
insert into containerincargomanifest (container_id, cargomanifest_id, temperature_kept) values (9845504, 54561, 6);
insert into containerincargomanifest (container_id, cargomanifest_id, temperature_kept) values (5789700, 11031, 19);
insert into containerincargomanifest (container_id, cargomanifest_id, temperature_kept) values (6451050, 54091, -2);
insert into containerincargomanifest (container_id, cargomanifest_id, temperature_kept) values (9752298, 2163, 13);
insert into containerincargomanifest (container_id, cargomanifest_id, temperature_kept) values (9977728, 78991, 2);
insert into containerincargomanifest (container_id, cargomanifest_id, temperature_kept) values (5683858, 9004, 10);
insert into containerincargomanifest (container_id, cargomanifest_id, temperature_kept) values (2322868, 9004, 19);
insert into containerincargomanifest (container_id, cargomanifest_id, temperature_kept) values (122488, 91736, -9);
insert into containerincargomanifest (container_id, cargomanifest_id, temperature_kept) values (8928241, 78991, null);
insert into containerincargomanifest (container_id, cargomanifest_id, temperature_kept) values (4774533, 78991, null);
insert into containerincargomanifest (container_id, cargomanifest_id, temperature_kept) values (6589883, 52328, 3);
insert into containerincargomanifest (container_id, cargomanifest_id, temperature_kept) values (8059722, 73258, -8);
insert into containerincargomanifest (container_id, cargomanifest_id, temperature_kept) values (7778636, 83244, -12);
insert into containerincargomanifest (container_id, cargomanifest_id, temperature_kept) values (8763855, 45806, null);
insert into containerincargomanifest (container_id, cargomanifest_id, temperature_kept) values (3587136, 67603, -6);
insert into containerincargomanifest (container_id, cargomanifest_id, temperature_kept) values (6409960, 48193, 16);
insert into containerincargomanifest (container_id, cargomanifest_id, temperature_kept) values (9874086, 45806, -1);
insert into containerincargomanifest (container_id, cargomanifest_id, temperature_kept) values (5019213, 62590, null);
insert into containerincargomanifest (container_id, cargomanifest_id, temperature_kept) values (3760501, 78548, 4);
insert into containerincargomanifest (container_id, cargomanifest_id, temperature_kept) values (4142370, 45228, -21);
insert into containerincargomanifest (container_id, cargomanifest_id, temperature_kept) values (9280628, 89260, null);
insert into containerincargomanifest (container_id, cargomanifest_id, temperature_kept) values (6558839, 45228, 2);
insert into containerincargomanifest (container_id, cargomanifest_id, temperature_kept) values (4993946, 64229, null);
insert into containerincargomanifest (container_id, cargomanifest_id, temperature_kept) values (133065, 91736, -17);
insert into containerincargomanifest (container_id, cargomanifest_id, temperature_kept) values (3753096, 39823, null);
insert into containerincargomanifest (container_id, cargomanifest_id, temperature_kept) values (790684, 89260, -13);
insert into containerincargomanifest (container_id, cargomanifest_id, temperature_kept) values (8574023, 9062, null);
insert into containerincargomanifest (container_id, cargomanifest_id, temperature_kept) values (4162565, 39823, 24);
insert into containerincargomanifest (container_id, cargomanifest_id, temperature_kept) values (4924955, 73258, 10);
insert into containerincargomanifest (container_id, cargomanifest_id, temperature_kept) values (7840775, 89260, 20);
insert into containerincargomanifest (container_id, cargomanifest_id, temperature_kept) values (5577067, 87507, -5);
insert into containerincargomanifest (container_id, cargomanifest_id, temperature_kept) values (4411636, 79225, -17);
insert into containerincargomanifest (container_id, cargomanifest_id, temperature_kept) values (9496641, 47409, 19);
insert into containerincargomanifest (container_id, cargomanifest_id, temperature_kept) values (1123490, 62590, null);
insert into containerincargomanifest (container_id, cargomanifest_id, temperature_kept) values (1738638, 45806, 9);
insert into containerincargomanifest (container_id, cargomanifest_id, temperature_kept) values (9892633, 2163, 21);
insert into containerincargomanifest (container_id, cargomanifest_id, temperature_kept) values (7514776, 67603, -26);
insert into containerincargomanifest (container_id, cargomanifest_id, temperature_kept) values (6107423, 30009, null);
insert into containerincargomanifest (container_id, cargomanifest_id, temperature_kept) values (8039713, 3598, -4);
insert into containerincargomanifest (container_id, cargomanifest_id, temperature_kept) values (9001569, 11031, 14);
insert into containerincargomanifest (container_id, cargomanifest_id, temperature_kept) values (2096251, 78548, null);
insert into containerincargomanifest (container_id, cargomanifest_id, temperature_kept) values (7489426, 723, 21);
insert into containerincargomanifest (container_id, cargomanifest_id, temperature_kept) values (9946077, 83244, -13);
insert into containerincargomanifest (container_id, cargomanifest_id, temperature_kept) values (8356455, 52328, 25);
insert into containerincargomanifest (container_id, cargomanifest_id, temperature_kept) values (9605893, 9004, -15);
insert into containerincargomanifest (container_id, cargomanifest_id, temperature_kept) values (1555143, 93962, null);
insert into containerincargomanifest (container_id, cargomanifest_id, temperature_kept) values (8475727, 53304, null);
insert into containerincargomanifest (container_id, cargomanifest_id, temperature_kept) values (3492860, 12366, 3);
insert into containerincargomanifest (container_id, cargomanifest_id, temperature_kept) values (8501002, 37588, -26);
insert into containerincargomanifest (container_id, cargomanifest_id, temperature_kept) values (1736584, 82845, null);
insert into containerincargomanifest (container_id, cargomanifest_id, temperature_kept) values (4299262, 52328, 0);
insert into containerincargomanifest (container_id, cargomanifest_id, temperature_kept) values (8591341, 64229, 7);
insert into containerincargomanifest (container_id, cargomanifest_id, temperature_kept) values (863716, 48193, -4);
insert into containerincargomanifest (container_id, cargomanifest_id, temperature_kept) values (5626896, 78548, -12);
insert into containerincargomanifest (container_id, cargomanifest_id, temperature_kept) values (2650387, 19821, -26);
insert into containerincargomanifest (container_id, cargomanifest_id, temperature_kept) values (9019057, 34491, -16);
insert into containerincargomanifest (container_id, cargomanifest_id, temperature_kept) values (2693114, 57650, -23);
insert into containerincargomanifest (container_id, cargomanifest_id, temperature_kept) values (7104943, 87507, 20);
insert into containerincargomanifest (container_id, cargomanifest_id, temperature_kept) values (441419, 57546, 24);
insert into containerincargomanifest (container_id, cargomanifest_id, temperature_kept) values (4783022, 52328, 18);
insert into containerincargomanifest (container_id, cargomanifest_id, temperature_kept) values (5579420, 93962, 6);
insert into containerincargomanifest (container_id, cargomanifest_id, temperature_kept) values (7078879, 3598, -8);
insert into containerincargomanifest (container_id, cargomanifest_id, temperature_kept) values (6807391, 39823, null);
insert into containerincargomanifest (container_id, cargomanifest_id, temperature_kept) values (7874154, 91736, 22);
insert into containerincargomanifest (container_id, cargomanifest_id, temperature_kept) values (2609773, 59447, -1);
insert into containerincargomanifest (container_id, cargomanifest_id, temperature_kept) values (9741567, 59447, 25);
insert into containerincargomanifest (container_id, cargomanifest_id, temperature_kept) values (8546378, 34491, -2);
insert into containerincargomanifest (container_id, cargomanifest_id, temperature_kept) values (6397520, 25442, null);
insert into containerincargomanifest (container_id, cargomanifest_id, temperature_kept) values (8914667, 78991, -18);
insert into containerincargomanifest (container_id, cargomanifest_id, temperature_kept) values (9143577, 73258, 23);
insert into containerincargomanifest (container_id, cargomanifest_id, temperature_kept) values (4326904, 54091, -16);
insert into containerincargomanifest (container_id, cargomanifest_id, temperature_kept) values (9137286, 53304, -19);
insert into containerincargomanifest (container_id, cargomanifest_id, temperature_kept) values (1305336, 12366, 18);
insert into containerincargomanifest (container_id, cargomanifest_id, temperature_kept) values (2136499, 73258, 15);
insert into containerincargomanifest (container_id, cargomanifest_id, temperature_kept) values (6198473, 45228, null);
insert into containerincargomanifest (container_id, cargomanifest_id, temperature_kept) values (9764185, 78548, -27);
insert into containerincargomanifest (container_id, cargomanifest_id, temperature_kept) values (938340, 59447, 8);
insert into containerincargomanifest (container_id, cargomanifest_id, temperature_kept) values (896255, 77328, 19);
insert into containerincargomanifest (container_id, cargomanifest_id, temperature_kept) values (4404245, 16358, -1);
insert into containerincargomanifest (container_id, cargomanifest_id, temperature_kept) values (5947097, 78991, null);
insert into containerincargomanifest (container_id, cargomanifest_id, temperature_kept) values (86822, 53304, -11);
insert into containerincargomanifest (container_id, cargomanifest_id, temperature_kept) values (3723819, 91736, null);
insert into containerincargomanifest (container_id, cargomanifest_id, temperature_kept) values (1029352, 62590, -23);
insert into containerincargomanifest (container_id, cargomanifest_id, temperature_kept) values (4322877, 3598, -15);
insert into containerincargomanifest (container_id, cargomanifest_id, temperature_kept) values (5015254, 86476, -27);
insert into containerincargomanifest (container_id, cargomanifest_id, temperature_kept) values (7682515, 54091, null);
insert into containerincargomanifest (container_id, cargomanifest_id, temperature_kept) values (5841368, 62698, 6);
insert into containerincargomanifest (container_id, cargomanifest_id, temperature_kept) values (2733809, 82845, 6);
insert into containerincargomanifest (container_id, cargomanifest_id, temperature_kept) values (8056115, 62590, 3);
insert into containerincargomanifest (container_id, cargomanifest_id, temperature_kept) values (7560668, 53304, null);
insert into containerincargomanifest (container_id, cargomanifest_id, temperature_kept) values (7082372, 67603, 5);
insert into containerincargomanifest (container_id, cargomanifest_id, temperature_kept) values (5655299, 69477, -6);
insert into containerincargomanifest (container_id, cargomanifest_id, temperature_kept) values (5308377, 39823, -11);
insert into containerincargomanifest (container_id, cargomanifest_id, temperature_kept) values (9216307, 47409, null);
insert into containerincargomanifest (container_id, cargomanifest_id, temperature_kept) values (2031503, 57650, -12);
insert into containerincargomanifest (container_id, cargomanifest_id, temperature_kept) values (9978599, 83244, null);
insert into containerincargomanifest (container_id, cargomanifest_id, temperature_kept) values (978199, 79225, 21);
insert into containerincargomanifest (container_id, cargomanifest_id, temperature_kept) values (4481941, 34491, -29);
insert into containerincargomanifest (container_id, cargomanifest_id, temperature_kept) values (2672406, 2025, null);
insert into containerincargomanifest (container_id, cargomanifest_id, temperature_kept) values (1987586, 3598, -2);
insert into containerincargomanifest (container_id, cargomanifest_id, temperature_kept) values (7807239, 79225, null);
insert into containerincargomanifest (container_id, cargomanifest_id, temperature_kept) values (144449, 82845, 4);
insert into containerincargomanifest (container_id, cargomanifest_id, temperature_kept) values (9795786, 57650, null);
insert into containerincargomanifest (container_id, cargomanifest_id, temperature_kept) values (5312279, 9004, -17);
insert into containerincargomanifest (container_id, cargomanifest_id, temperature_kept) values (7749375, 19821, 11);
insert into containerincargomanifest (container_id, cargomanifest_id, temperature_kept) values (2504454, 86476, -12);
insert into containerincargomanifest (container_id, cargomanifest_id, temperature_kept) values (1558071, 77328, null);
insert into containerincargomanifest (container_id, cargomanifest_id, temperature_kept) values (1962396, 48193, null);
insert into containerincargomanifest (container_id, cargomanifest_id, temperature_kept) values (2353883, 45806, null);
insert into containerincargomanifest (container_id, cargomanifest_id, temperature_kept) values (3434488, 83244, 6);
insert into containerincargomanifest (container_id, cargomanifest_id, temperature_kept) values (1418596, 11031, -24);
insert into containerincargomanifest (container_id, cargomanifest_id, temperature_kept) values (6956397, 39823, -17);
insert into containerincargomanifest (container_id, cargomanifest_id, temperature_kept) values (123768, 77328, 15);
insert into containerincargomanifest (container_id, cargomanifest_id, temperature_kept) values (2722759, 34491, null);
insert into containerincargomanifest (container_id, cargomanifest_id, temperature_kept) values (6458130, 45228, 3);
insert into containerincargomanifest (container_id, cargomanifest_id, temperature_kept) values (9608504, 52328, 22);
insert into containerincargomanifest (container_id, cargomanifest_id, temperature_kept) values (3462818, 30009, 18);
insert into containerincargomanifest (container_id, cargomanifest_id, temperature_kept) values (6724197, 16358, null);
insert into containerincargomanifest (container_id, cargomanifest_id, temperature_kept) values (5659368, 47409, 16);
insert into containerincargomanifest (container_id, cargomanifest_id, temperature_kept) values (1274563, 25442, -16);
insert into containerincargomanifest (container_id, cargomanifest_id, temperature_kept) values (837583, 79225, null);
insert into containerincargomanifest (container_id, cargomanifest_id, temperature_kept) values (586095, 12366, 12);
insert into containerincargomanifest (container_id, cargomanifest_id, temperature_kept) values (9661114, 19821, null);
insert into containerincargomanifest (container_id, cargomanifest_id, temperature_kept) values (7572031, 3598, -4);
insert into containerincargomanifest (container_id, cargomanifest_id, temperature_kept) values (8218495, 53304, -8);
insert into containerincargomanifest (container_id, cargomanifest_id, temperature_kept) values (2767540, 91736, null);
insert into containerincargomanifest (container_id, cargomanifest_id, temperature_kept) values (745998, 59447, null);
insert into containerincargomanifest (container_id, cargomanifest_id, temperature_kept) values (3795095, 62590, null);
insert into containerincargomanifest (container_id, cargomanifest_id, temperature_kept) values (1986974, 91736, 5);
insert into containerincargomanifest (container_id, cargomanifest_id, temperature_kept) values (6889907, 67603, 16);
insert into containerincargomanifest (container_id, cargomanifest_id, temperature_kept) values (5638346, 53304, -7);
insert into containerincargomanifest (container_id, cargomanifest_id, temperature_kept) values (540114, 11031, null);
insert into containerincargomanifest (container_id, cargomanifest_id, temperature_kept) values (8935466, 78548, 23);
insert into containerincargomanifest (container_id, cargomanifest_id, temperature_kept) values (3576467, 30009, 6);
insert into containerincargomanifest (container_id, cargomanifest_id, temperature_kept) values (8498533, 96922, -27);
insert into containerincargomanifest (container_id, cargomanifest_id, temperature_kept) values (6278703, 79225, 12);
insert into containerincargomanifest (container_id, cargomanifest_id, temperature_kept) values (5985041, 47409, 6);
insert into containerincargomanifest (container_id, cargomanifest_id, temperature_kept) values (3000853, 30009, -11);
insert into containerincargomanifest (container_id, cargomanifest_id, temperature_kept) values (8950208, 11031, -24);
insert into containerincargomanifest (container_id, cargomanifest_id, temperature_kept) values (9987446, 93962, null);
insert into containerincargomanifest (container_id, cargomanifest_id, temperature_kept) values (810979, 73258, null);
insert into containerincargomanifest (container_id, cargomanifest_id, temperature_kept) values (9226749, 9004, -4);
insert into containerincargomanifest (container_id, cargomanifest_id, temperature_kept) values (3989030, 73258, null);
insert into containerincargomanifest (container_id, cargomanifest_id, temperature_kept) values (9203377, 16358, -5);
insert into containerincargomanifest (container_id, cargomanifest_id, temperature_kept) values (283730, 71971, -3);
insert into containerincargomanifest (container_id, cargomanifest_id, temperature_kept) values (4074022, 39823, -4);
insert into containerincargomanifest (container_id, cargomanifest_id, temperature_kept) values (7459573, 45228, null);
insert into containerincargomanifest (container_id, cargomanifest_id, temperature_kept) values (9466123, 69477, -11);
insert into containerincargomanifest (container_id, cargomanifest_id, temperature_kept) values (5540054, 25442, -11);
insert into containerincargomanifest (container_id, cargomanifest_id, temperature_kept) values (7857665, 19821, 6);
insert into containerincargomanifest (container_id, cargomanifest_id, temperature_kept) values (1277238, 57650, -13);
insert into containerincargomanifest (container_id, cargomanifest_id, temperature_kept) values (2750735, 69477, null);
insert into containerincargomanifest (container_id, cargomanifest_id, temperature_kept) values (5359558, 3598, 10);
insert into containerincargomanifest (container_id, cargomanifest_id, temperature_kept) values (6915770, 39823, 21);
insert into containerincargomanifest (container_id, cargomanifest_id, temperature_kept) values (5351520, 723, null);
insert into containerincargomanifest (container_id, cargomanifest_id, temperature_kept) values (6680360, 91736, 3);
insert into containerincargomanifest (container_id, cargomanifest_id, temperature_kept) values (3401835, 62590, 12);
insert into containerincargomanifest (container_id, cargomanifest_id, temperature_kept) values (6064923, 11031, -30);
insert into containerincargomanifest (container_id, cargomanifest_id, temperature_kept) values (4220768, 67603, -30);
insert into containerincargomanifest (container_id, cargomanifest_id, temperature_kept) values (8529220, 34893, -3);
insert into containerincargomanifest (container_id, cargomanifest_id, temperature_kept) values (6215351, 57650, -12);
insert into containerincargomanifest (container_id, cargomanifest_id, temperature_kept) values (5919556, 11031, 24);
insert into containerincargomanifest (container_id, cargomanifest_id, temperature_kept) values (857965, 71971, 11);
insert into containerincargomanifest (container_id, cargomanifest_id, temperature_kept) values (7226444, 11031, null);
insert into containerincargomanifest (container_id, cargomanifest_id, temperature_kept) values (7852564, 3598, -23);
insert into containerincargomanifest (container_id, cargomanifest_id, temperature_kept) values (9917166, 78548, 25);
insert into containerincargomanifest (container_id, cargomanifest_id, temperature_kept) values (7850304, 53304, -1);
insert into containerincargomanifest (container_id, cargomanifest_id, temperature_kept) values (1573723, 3598, 10);
insert into containerincargomanifest (container_id, cargomanifest_id, temperature_kept) values (7511557, 11031, 12);
insert into containerincargomanifest (container_id, cargomanifest_id, temperature_kept) values (1623809, 82845, -4);
insert into containerincargomanifest (container_id, cargomanifest_id, temperature_kept) values (3652803, 57650, null);
insert into containerincargomanifest (container_id, cargomanifest_id, temperature_kept) values (2818829, 71971, -19);
insert into containerincargomanifest (container_id, cargomanifest_id, temperature_kept) values (4897238, 62590, -19);
insert into containerincargomanifest (container_id, cargomanifest_id, temperature_kept) values (8255706, 78548, 1);
insert into containerincargomanifest (container_id, cargomanifest_id, temperature_kept) values (8889089, 19821, -28);
insert into containerincargomanifest (container_id, cargomanifest_id, temperature_kept) values (5967879, 91736, null);
insert into containerincargomanifest (container_id, cargomanifest_id, temperature_kept) values (3921493, 54091, null);
insert into containerincargomanifest (container_id, cargomanifest_id, temperature_kept) values (5179239, 67603, -5);
insert into containerincargomanifest (container_id, cargomanifest_id, temperature_kept) values (6441995, 57650, -7);
insert into containerincargomanifest (container_id, cargomanifest_id, temperature_kept) values (551621, 78991, 17);
insert into containerincargomanifest (container_id, cargomanifest_id, temperature_kept) values (8965558, 11031, null);
insert into containerincargomanifest (container_id, cargomanifest_id, temperature_kept) values (8213390, 78991, null);
insert into containerincargomanifest (container_id, cargomanifest_id, temperature_kept) values (7515848, 59447, -11);
insert into containerincargomanifest (container_id, cargomanifest_id, temperature_kept) values (7136029, 52328, -27);
insert into containerincargomanifest (container_id, cargomanifest_id, temperature_kept) values (961837, 87507, -9);
insert into containerincargomanifest (container_id, cargomanifest_id, temperature_kept) values (5063635, 25442, 19);
insert into containerincargomanifest (container_id, cargomanifest_id, temperature_kept) values (2753171, 78991, 18);
insert into containerincargomanifest (container_id, cargomanifest_id, temperature_kept) values (3913156, 57546, null);
insert into containerincargomanifest (container_id, cargomanifest_id, temperature_kept) values (6107524, 34893, -21);
insert into containerincargomanifest (container_id, cargomanifest_id, temperature_kept) values (7525736, 30009, -6);
insert into containerincargomanifest (container_id, cargomanifest_id, temperature_kept) values (6626959, 52328, 24);
insert into containerincargomanifest (container_id, cargomanifest_id, temperature_kept) values (1152784, 34491, null);
insert into containerincargomanifest (container_id, cargomanifest_id, temperature_kept) values (2755128, 34893, 12);
insert into containerincargomanifest (container_id, cargomanifest_id, temperature_kept) values (3513855, 54091, -25);
insert into containerincargomanifest (container_id, cargomanifest_id, temperature_kept) values (9469931, 93962, -24);
insert into containerincargomanifest (container_id, cargomanifest_id, temperature_kept) values (4515914, 62698, -5);
insert into containerincargomanifest (container_id, cargomanifest_id, temperature_kept) values (7715183, 69477, 13);
insert into containerincargomanifest (container_id, cargomanifest_id, temperature_kept) values (309787, 78548, -6);
insert into containerincargomanifest (container_id, cargomanifest_id, temperature_kept) values (2913804, 96922, -16);
insert into containerincargomanifest (container_id, cargomanifest_id, temperature_kept) values (4399451, 86476, -4);
insert into containerincargomanifest (container_id, cargomanifest_id, temperature_kept) values (386410, 80342, 7);
insert into containerincargomanifest (container_id, cargomanifest_id, temperature_kept) values (8539085, 67603, -24);
insert into containerincargomanifest (container_id, cargomanifest_id, temperature_kept) values (9355505, 64229, -8);
insert into containerincargomanifest (container_id, cargomanifest_id, temperature_kept) values (9000932, 37588, -17);
insert into containerincargomanifest (container_id, cargomanifest_id, temperature_kept) values (2116393, 73258, null);
insert into containerincargomanifest (container_id, cargomanifest_id, temperature_kept) values (2549246, 52328, 25);
insert into containerincargomanifest (container_id, cargomanifest_id, temperature_kept) values (6191019, 69477, 19);
insert into containerincargomanifest (container_id, cargomanifest_id, temperature_kept) values (6955932, 62590, -25);
insert into containerincargomanifest (container_id, cargomanifest_id, temperature_kept) values (3272382, 82845, null);
insert into containerincargomanifest (container_id, cargomanifest_id, temperature_kept) values (1475321, 85242, null);
insert into containerincargomanifest (container_id, cargomanifest_id, temperature_kept) values (666915, 47409, 3);
insert into containerincargomanifest (container_id, cargomanifest_id, temperature_kept) values (4107082, 19821, 21);
insert into containerincargomanifest (container_id, cargomanifest_id, temperature_kept) values (3011850, 45806, null);
insert into containerincargomanifest (container_id, cargomanifest_id, temperature_kept) values (1506075, 64912, 4);
insert into containerincargomanifest (container_id, cargomanifest_id, temperature_kept) values (5887416, 34491, -18);
insert into containerincargomanifest (container_id, cargomanifest_id, temperature_kept) values (7636252, 78548, -21);
insert into containerincargomanifest (container_id, cargomanifest_id, temperature_kept) values (8527619, 91736, 23);
insert into containerincargomanifest (container_id, cargomanifest_id, temperature_kept) values (3355821, 78548, 0);
insert into containerincargomanifest (container_id, cargomanifest_id, temperature_kept) values (5002135, 9004, -19);
insert into containerincargomanifest (container_id, cargomanifest_id, temperature_kept) values (3143910, 57650, 18);
insert into containerincargomanifest (container_id, cargomanifest_id, temperature_kept) values (7305599, 79225, null);
insert into containerincargomanifest (container_id, cargomanifest_id, temperature_kept) values (6686080, 53304, -8);
insert into containerincargomanifest (container_id, cargomanifest_id, temperature_kept) values (2661497, 59447, -30);
insert into containerincargomanifest (container_id, cargomanifest_id, temperature_kept) values (2877511, 48193, null);
insert into containerincargomanifest (container_id, cargomanifest_id, temperature_kept) values (4847076, 45806, -7);
insert into containerincargomanifest (container_id, cargomanifest_id, temperature_kept) values (3113560, 78991, null);
insert into containerincargomanifest (container_id, cargomanifest_id, temperature_kept) values (7213722, 91736, -25);
insert into containerincargomanifest (container_id, cargomanifest_id, temperature_kept) values (1049486, 2163, null);
insert into containerincargomanifest (container_id, cargomanifest_id, temperature_kept) values (4889108, 9062, -18);
insert into containerincargomanifest (container_id, cargomanifest_id, temperature_kept) values (8284377, 91736, -25);
insert into containerincargomanifest (container_id, cargomanifest_id, temperature_kept) values (1382188, 62590, null);
insert into containerincargomanifest (container_id, cargomanifest_id, temperature_kept) values (2802505, 3598, -12);

--400 container in cargo manifest inserted

insert into positionInVehicule (cargomanifest_id, container_id, containerpositionX, containerpositionY, containerpositionZ) values (9004, 9803333, 7, 7, 6);
insert into positionInVehicule (cargomanifest_id, container_id, containerpositionX, containerpositionY, containerpositionZ) values (85242, 1386341, 8, 5, 1);
insert into positionInVehicule (cargomanifest_id, container_id, containerpositionX, containerpositionY, containerpositionZ) values (3598, 531766, 2, 3, 2);
insert into positionInVehicule (cargomanifest_id, container_id, containerpositionX, containerpositionY, containerpositionZ) values (93962, 3086183, 12, 8, 2);
insert into positionInVehicule (cargomanifest_id, container_id, containerpositionX, containerpositionY, containerpositionZ) values (2025, 8335151, 6, 10, 2);
insert into positionInVehicule (cargomanifest_id, container_id, containerpositionX, containerpositionY, containerpositionZ) values (9062, 9333060, 6, 6, 2);
insert into positionInVehicule (cargomanifest_id, container_id, containerpositionX, containerpositionY, containerpositionZ) values (45228, 2973602, 6, 9, 5);
insert into positionInVehicule (cargomanifest_id, container_id, containerpositionX, containerpositionY, containerpositionZ) values (30009, 6075721, 6, 1, 3);
insert into positionInVehicule (cargomanifest_id, container_id, containerpositionX, containerpositionY, containerpositionZ) values (77328, 8519913, 9, 2, 5);
insert into positionInVehicule (cargomanifest_id, container_id, containerpositionX, containerpositionY, containerpositionZ) values (30009, 8864057, 12, 7, 1);
insert into positionInVehicule (cargomanifest_id, container_id, containerpositionX, containerpositionY, containerpositionZ) values (11031, 6479280, 10, 7, 5);
insert into positionInVehicule (cargomanifest_id, container_id, containerpositionX, containerpositionY, containerpositionZ) values (89260, 3951071, 7, 3, 2);
insert into positionInVehicule (cargomanifest_id, container_id, containerpositionX, containerpositionY, containerpositionZ) values (723, 5210890, 11, 2, 4);
insert into positionInVehicule (cargomanifest_id, container_id, containerpositionX, containerpositionY, containerpositionZ) values (82845, 6879109, 3, 10, 3);
insert into positionInVehicule (cargomanifest_id, container_id, containerpositionX, containerpositionY, containerpositionZ) values (96922, 5035824, 9, 8, 3);
insert into positionInVehicule (cargomanifest_id, container_id, containerpositionX, containerpositionY, containerpositionZ) values (37588, 1524166, 7, 7, 1);
insert into positionInVehicule (cargomanifest_id, container_id, containerpositionX, containerpositionY, containerpositionZ) values (39823, 9659312, 5, 6, 4);
insert into positionInVehicule (cargomanifest_id, container_id, containerpositionX, containerpositionY, containerpositionZ) values (62590, 4300882, 6, 3, 2);
insert into positionInVehicule (cargomanifest_id, container_id, containerpositionX, containerpositionY, containerpositionZ) values (11031, 1857493, 6, 3, 5);
insert into positionInVehicule (cargomanifest_id, container_id, containerpositionX, containerpositionY, containerpositionZ) values (11031, 4504662, 7, 5, 1);
insert into positionInVehicule (cargomanifest_id, container_id, containerpositionX, containerpositionY, containerpositionZ) values (39823, 4216799, 4, 8, 1);
insert into positionInVehicule (cargomanifest_id, container_id, containerpositionX, containerpositionY, containerpositionZ) values (96922, 6657019, 6, 4, 6);
insert into positionInVehicule (cargomanifest_id, container_id, containerpositionX, containerpositionY, containerpositionZ) values (64912, 5248256, 12, 7, 4);
insert into positionInVehicule (cargomanifest_id, container_id, containerpositionX, containerpositionY, containerpositionZ) values (12366, 7964863, 10, 8, 2);
insert into positionInVehicule (cargomanifest_id, container_id, containerpositionX, containerpositionY, containerpositionZ) values (45806, 9279781, 9, 6, 4);
insert into positionInVehicule (cargomanifest_id, container_id, containerpositionX, containerpositionY, containerpositionZ) values (62698, 9419579, 1, 10, 2);
insert into positionInVehicule (cargomanifest_id, container_id, containerpositionX, containerpositionY, containerpositionZ) values (39823, 7214991, 6, 9, 2);
insert into positionInVehicule (cargomanifest_id, container_id, containerpositionX, containerpositionY, containerpositionZ) values (16358, 2575956, 7, 3, 5);
insert into positionInVehicule (cargomanifest_id, container_id, containerpositionX, containerpositionY, containerpositionZ) values (96922, 2348350, 8, 9, 4);
insert into positionInVehicule (cargomanifest_id, container_id, containerpositionX, containerpositionY, containerpositionZ) values (62590, 8512993, 5, 10, 1);
insert into positionInVehicule (cargomanifest_id, container_id, containerpositionX, containerpositionY, containerpositionZ) values (45806, 9292064, 5, 4, 3);
insert into positionInVehicule (cargomanifest_id, container_id, containerpositionX, containerpositionY, containerpositionZ) values (79225, 9427410, 12, 6, 4);
insert into positionInVehicule (cargomanifest_id, container_id, containerpositionX, containerpositionY, containerpositionZ) values (53304, 7863279, 10, 9, 4);
insert into positionInVehicule (cargomanifest_id, container_id, containerpositionX, containerpositionY, containerpositionZ) values (57546, 1772644, 12, 4, 5);
insert into positionInVehicule (cargomanifest_id, container_id, containerpositionX, containerpositionY, containerpositionZ) values (16358, 682790, 8, 3, 4);
insert into positionInVehicule (cargomanifest_id, container_id, containerpositionX, containerpositionY, containerpositionZ) values (9004, 9554295, 10, 2, 2);
insert into positionInVehicule (cargomanifest_id, container_id, containerpositionX, containerpositionY, containerpositionZ) values (73258, 9883497, 7, 10, 6);
insert into positionInVehicule (cargomanifest_id, container_id, containerpositionX, containerpositionY, containerpositionZ) values (9004, 505155, 3, 5, 2);
insert into positionInVehicule (cargomanifest_id, container_id, containerpositionX, containerpositionY, containerpositionZ) values (45806, 209885, 6, 6, 1);
insert into positionInVehicule (cargomanifest_id, container_id, containerpositionX, containerpositionY, containerpositionZ) values (82845, 4853420, 10, 5, 2);
insert into positionInVehicule (cargomanifest_id, container_id, containerpositionX, containerpositionY, containerpositionZ) values (64912, 9868404, 8, 9, 6);
insert into positionInVehicule (cargomanifest_id, container_id, containerpositionX, containerpositionY, containerpositionZ) values (85242, 10933, 9, 1, 6);
insert into positionInVehicule (cargomanifest_id, container_id, containerpositionX, containerpositionY, containerpositionZ) values (34893, 9761539, 11, 5, 1);
insert into positionInVehicule (cargomanifest_id, container_id, containerpositionX, containerpositionY, containerpositionZ) values (52328, 2019607, 5, 5, 3);
insert into positionInVehicule (cargomanifest_id, container_id, containerpositionX, containerpositionY, containerpositionZ) values (71971, 2983468, 12, 1, 6);
insert into positionInVehicule (cargomanifest_id, container_id, containerpositionX, containerpositionY, containerpositionZ) values (9004, 7065594, 12, 3, 3);
insert into positionInVehicule (cargomanifest_id, container_id, containerpositionX, containerpositionY, containerpositionZ) values (723, 9578352, 8, 4, 2);
insert into positionInVehicule (cargomanifest_id, container_id, containerpositionX, containerpositionY, containerpositionZ) values (67603, 3422706, 4, 3, 4);
insert into positionInVehicule (cargomanifest_id, container_id, containerpositionX, containerpositionY, containerpositionZ) values (66729, 4390453, 2, 4, 5);
insert into positionInVehicule (cargomanifest_id, container_id, containerpositionX, containerpositionY, containerpositionZ) values (57546, 3221270, 7, 2, 2);
insert into positionInVehicule (cargomanifest_id, container_id, containerpositionX, containerpositionY, containerpositionZ) values (2163, 8234084, 1, 5, 1);
insert into positionInVehicule (cargomanifest_id, container_id, containerpositionX, containerpositionY, containerpositionZ) values (39823, 7978977, 11, 5, 4);
insert into positionInVehicule (cargomanifest_id, container_id, containerpositionX, containerpositionY, containerpositionZ) values (80342, 307890, 12, 5, 3);
insert into positionInVehicule (cargomanifest_id, container_id, containerpositionX, containerpositionY, containerpositionZ) values (47409, 2061543, 8, 4, 6);
insert into positionInVehicule (cargomanifest_id, container_id, containerpositionX, containerpositionY, containerpositionZ) values (45228, 3904478, 4, 8, 1);
insert into positionInVehicule (cargomanifest_id, container_id, containerpositionX, containerpositionY, containerpositionZ) values (66729, 722415, 4, 4, 4);
insert into positionInVehicule (cargomanifest_id, container_id, containerpositionX, containerpositionY, containerpositionZ) values (53304, 1065235, 8, 9, 6);
insert into positionInVehicule (cargomanifest_id, container_id, containerpositionX, containerpositionY, containerpositionZ) values (52328, 1866154, 12, 1, 1);
insert into positionInVehicule (cargomanifest_id, container_id, containerpositionX, containerpositionY, containerpositionZ) values (2163, 708747, 12, 5, 4);
insert into positionInVehicule (cargomanifest_id, container_id, containerpositionX, containerpositionY, containerpositionZ) values (3598, 9666660, 9, 10, 1);
insert into positionInVehicule (cargomanifest_id, container_id, containerpositionX, containerpositionY, containerpositionZ) values (47409, 6122391, 9, 2, 4);
insert into positionInVehicule (cargomanifest_id, container_id, containerpositionX, containerpositionY, containerpositionZ) values (9004, 3908753, 12, 6, 6);
insert into positionInVehicule (cargomanifest_id, container_id, containerpositionX, containerpositionY, containerpositionZ) values (30009, 9326301, 5, 10, 5);
insert into positionInVehicule (cargomanifest_id, container_id, containerpositionX, containerpositionY, containerpositionZ) values (48193, 1354371, 11, 8, 5);
insert into positionInVehicule (cargomanifest_id, container_id, containerpositionX, containerpositionY, containerpositionZ) values (45228, 4953629, 12, 5, 6);
insert into positionInVehicule (cargomanifest_id, container_id, containerpositionX, containerpositionY, containerpositionZ) values (54091, 4871217, 7, 8, 5);
insert into positionInVehicule (cargomanifest_id, container_id, containerpositionX, containerpositionY, containerpositionZ) values (80342, 3705156, 3, 7, 4);
insert into positionInVehicule (cargomanifest_id, container_id, containerpositionX, containerpositionY, containerpositionZ) values (79225, 3761220, 6, 7, 5);
insert into positionInVehicule (cargomanifest_id, container_id, containerpositionX, containerpositionY, containerpositionZ) values (723, 3633640, 3, 9, 6);
insert into positionInVehicule (cargomanifest_id, container_id, containerpositionX, containerpositionY, containerpositionZ) values (54091, 6049696, 4, 8, 1);
insert into positionInVehicule (cargomanifest_id, container_id, containerpositionX, containerpositionY, containerpositionZ) values (77328, 7977522, 6, 2, 6);
insert into positionInVehicule (cargomanifest_id, container_id, containerpositionX, containerpositionY, containerpositionZ) values (69477, 7800813, 2, 9, 5);
insert into positionInVehicule (cargomanifest_id, container_id, containerpositionX, containerpositionY, containerpositionZ) values (82845, 282200, 11, 3, 5);
insert into positionInVehicule (cargomanifest_id, container_id, containerpositionX, containerpositionY, containerpositionZ) values (47409, 6030852, 2, 8, 4);
insert into positionInVehicule (cargomanifest_id, container_id, containerpositionX, containerpositionY, containerpositionZ) values (3598, 4578305, 3, 8, 4);
insert into positionInVehicule (cargomanifest_id, container_id, containerpositionX, containerpositionY, containerpositionZ) values (48193, 3292360, 1, 1, 6);
insert into positionInVehicule (cargomanifest_id, container_id, containerpositionX, containerpositionY, containerpositionZ) values (34893, 7927862, 11, 2, 3);
insert into positionInVehicule (cargomanifest_id, container_id, containerpositionX, containerpositionY, containerpositionZ) values (16358, 2954426, 1, 2, 1);
insert into positionInVehicule (cargomanifest_id, container_id, containerpositionX, containerpositionY, containerpositionZ) values (77328, 4692520, 2, 4, 5);
insert into positionInVehicule (cargomanifest_id, container_id, containerpositionX, containerpositionY, containerpositionZ) values (34491, 4825735, 9, 8, 2);
insert into positionInVehicule (cargomanifest_id, container_id, containerpositionX, containerpositionY, containerpositionZ) values (45806, 2617744, 11, 10, 6);
insert into positionInVehicule (cargomanifest_id, container_id, containerpositionX, containerpositionY, containerpositionZ) values (52328, 8674855, 7, 6, 3);
insert into positionInVehicule (cargomanifest_id, container_id, containerpositionX, containerpositionY, containerpositionZ) values (2163, 7014398, 10, 6, 6);
insert into positionInVehicule (cargomanifest_id, container_id, containerpositionX, containerpositionY, containerpositionZ) values (91736, 1360235, 2, 9, 6);
insert into positionInVehicule (cargomanifest_id, container_id, containerpositionX, containerpositionY, containerpositionZ) values (85242, 4309735, 10, 2, 3);
insert into positionInVehicule (cargomanifest_id, container_id, containerpositionX, containerpositionY, containerpositionZ) values (80342, 4868136, 9, 1, 3);
insert into positionInVehicule (cargomanifest_id, container_id, containerpositionX, containerpositionY, containerpositionZ) values (91736, 4467720, 7, 1, 6);
insert into positionInVehicule (cargomanifest_id, container_id, containerpositionX, containerpositionY, containerpositionZ) values (69477, 4101616, 8, 10, 1);
insert into positionInVehicule (cargomanifest_id, container_id, containerpositionX, containerpositionY, containerpositionZ) values (3598, 7827555, 11, 9, 5);
insert into positionInVehicule (cargomanifest_id, container_id, containerpositionX, containerpositionY, containerpositionZ) values (71971, 9010621, 2, 5, 5);
insert into positionInVehicule (cargomanifest_id, container_id, containerpositionX, containerpositionY, containerpositionZ) values (39823, 9275571, 1, 2, 1);
insert into positionInVehicule (cargomanifest_id, container_id, containerpositionX, containerpositionY, containerpositionZ) values (64229, 2343659, 12, 7, 2);
insert into positionInVehicule (cargomanifest_id, container_id, containerpositionX, containerpositionY, containerpositionZ) values (83244, 1720027, 7, 2, 3);
insert into positionInVehicule (cargomanifest_id, container_id, containerpositionX, containerpositionY, containerpositionZ) values (89260, 8019448, 3, 1, 4);
insert into positionInVehicule (cargomanifest_id, container_id, containerpositionX, containerpositionY, containerpositionZ) values (66729, 9551907, 8, 4, 5);
insert into positionInVehicule (cargomanifest_id, container_id, containerpositionX, containerpositionY, containerpositionZ) values (77328, 7584299, 4, 5, 2);
insert into positionInVehicule (cargomanifest_id, container_id, containerpositionX, containerpositionY, containerpositionZ) values (47409, 6586081, 5, 3, 1);
insert into positionInVehicule (cargomanifest_id, container_id, containerpositionX, containerpositionY, containerpositionZ) values (59447, 4903273, 1, 8, 6);
insert into positionInVehicule (cargomanifest_id, container_id, containerpositionX, containerpositionY, containerpositionZ) values (57650, 1747858, 1, 4, 1);
insert into positionInVehicule (cargomanifest_id, container_id, containerpositionX, containerpositionY, containerpositionZ) values (67603, 8794102, 4, 1, 5);
insert into positionInVehicule (cargomanifest_id, container_id, containerpositionX, containerpositionY, containerpositionZ) values (48193, 8054992, 7, 5, 3);
insert into positionInVehicule (cargomanifest_id, container_id, containerpositionX, containerpositionY, containerpositionZ) values (93962, 598775, 4, 1, 3);
insert into positionInVehicule (cargomanifest_id, container_id, containerpositionX, containerpositionY, containerpositionZ) values (59447, 2501672, 9, 5, 4);
insert into positionInVehicule (cargomanifest_id, container_id, containerpositionX, containerpositionY, containerpositionZ) values (89260, 3785436, 11, 1, 4);
insert into positionInVehicule (cargomanifest_id, container_id, containerpositionX, containerpositionY, containerpositionZ) values (67603, 2059763, 5, 9, 4);
insert into positionInVehicule (cargomanifest_id, container_id, containerpositionX, containerpositionY, containerpositionZ) values (57650, 3848567, 3, 5, 4);
insert into positionInVehicule (cargomanifest_id, container_id, containerpositionX, containerpositionY, containerpositionZ) values (3598, 8561580, 11, 8, 5);
insert into positionInVehicule (cargomanifest_id, container_id, containerpositionX, containerpositionY, containerpositionZ) values (37588, 628900, 1, 1, 3);
insert into positionInVehicule (cargomanifest_id, container_id, containerpositionX, containerpositionY, containerpositionZ) values (86476, 140768, 2, 2, 3);
insert into positionInVehicule (cargomanifest_id, container_id, containerpositionX, containerpositionY, containerpositionZ) values (87507, 8288132, 11, 4, 1);
insert into positionInVehicule (cargomanifest_id, container_id, containerpositionX, containerpositionY, containerpositionZ) values (67603, 739179, 9, 7, 6);
insert into positionInVehicule (cargomanifest_id, container_id, containerpositionX, containerpositionY, containerpositionZ) values (2025, 2469210, 11, 4, 3);
insert into positionInVehicule (cargomanifest_id, container_id, containerpositionX, containerpositionY, containerpositionZ) values (723, 7248906, 12, 6, 1);
insert into positionInVehicule (cargomanifest_id, container_id, containerpositionX, containerpositionY, containerpositionZ) values (47409, 3476951, 6, 5, 6);
insert into positionInVehicule (cargomanifest_id, container_id, containerpositionX, containerpositionY, containerpositionZ) values (78548, 4707570, 7, 7, 3);
insert into positionInVehicule (cargomanifest_id, container_id, containerpositionX, containerpositionY, containerpositionZ) values (47409, 2333562, 3, 1, 6);
insert into positionInVehicule (cargomanifest_id, container_id, containerpositionX, containerpositionY, containerpositionZ) values (54091, 3760110, 6, 1, 4);
insert into positionInVehicule (cargomanifest_id, container_id, containerpositionX, containerpositionY, containerpositionZ) values (77328, 915050, 9, 6, 4);
insert into positionInVehicule (cargomanifest_id, container_id, containerpositionX, containerpositionY, containerpositionZ) values (54561, 5465471, 3, 4, 3);
insert into positionInVehicule (cargomanifest_id, container_id, containerpositionX, containerpositionY, containerpositionZ) values (62590, 5510727, 5, 4, 3);
insert into positionInVehicule (cargomanifest_id, container_id, containerpositionX, containerpositionY, containerpositionZ) values (45228, 1053408, 7, 10, 3);
insert into positionInVehicule (cargomanifest_id, container_id, containerpositionX, containerpositionY, containerpositionZ) values (54091, 269705, 12, 6, 2);
insert into positionInVehicule (cargomanifest_id, container_id, containerpositionX, containerpositionY, containerpositionZ) values (48193, 7701223, 1, 9, 4);
insert into positionInVehicule (cargomanifest_id, container_id, containerpositionX, containerpositionY, containerpositionZ) values (59447, 2721157, 2, 9, 6);
insert into positionInVehicule (cargomanifest_id, container_id, containerpositionX, containerpositionY, containerpositionZ) values (2025, 2701262, 1, 8, 6);
insert into positionInVehicule (cargomanifest_id, container_id, containerpositionX, containerpositionY, containerpositionZ) values (64229, 2183409, 7, 6, 6);
insert into positionInVehicule (cargomanifest_id, container_id, containerpositionX, containerpositionY, containerpositionZ) values (19821, 8364967, 8, 9, 1);
insert into positionInVehicule (cargomanifest_id, container_id, containerpositionX, containerpositionY, containerpositionZ) values (37588, 9213039, 8, 8, 3);
insert into positionInVehicule (cargomanifest_id, container_id, containerpositionX, containerpositionY, containerpositionZ) values (80342, 4644478, 1, 10, 1);
insert into positionInVehicule (cargomanifest_id, container_id, containerpositionX, containerpositionY, containerpositionZ) values (67603, 7960424, 2, 4, 5);
insert into positionInVehicule (cargomanifest_id, container_id, containerpositionX, containerpositionY, containerpositionZ) values (85242, 110541, 7, 1, 4);
insert into positionInVehicule (cargomanifest_id, container_id, containerpositionX, containerpositionY, containerpositionZ) values (82845, 2449204, 1, 3, 6);
insert into positionInVehicule (cargomanifest_id, container_id, containerpositionX, containerpositionY, containerpositionZ) values (57650, 9518347, 10, 10, 4);
insert into positionInVehicule (cargomanifest_id, container_id, containerpositionX, containerpositionY, containerpositionZ) values (723, 3213128, 2, 2, 1);
insert into positionInVehicule (cargomanifest_id, container_id, containerpositionX, containerpositionY, containerpositionZ) values (77328, 4687970, 7, 5, 5);
insert into positionInVehicule (cargomanifest_id, container_id, containerpositionX, containerpositionY, containerpositionZ) values (45806, 7684257, 1, 4, 6);
insert into positionInVehicule (cargomanifest_id, container_id, containerpositionX, containerpositionY, containerpositionZ) values (9004, 4166453, 8, 4, 6);
insert into positionInVehicule (cargomanifest_id, container_id, containerpositionX, containerpositionY, containerpositionZ) values (34893, 2814058, 5, 5, 3);
insert into positionInVehicule (cargomanifest_id, container_id, containerpositionX, containerpositionY, containerpositionZ) values (64912, 2693992, 4, 10, 4);
insert into positionInVehicule (cargomanifest_id, container_id, containerpositionX, containerpositionY, containerpositionZ) values (96922, 5734111, 12, 4, 6);
insert into positionInVehicule (cargomanifest_id, container_id, containerpositionX, containerpositionY, containerpositionZ) values (45806, 9070585, 7, 2, 4);
insert into positionInVehicule (cargomanifest_id, container_id, containerpositionX, containerpositionY, containerpositionZ) values (30009, 721797, 11, 4, 2);
insert into positionInVehicule (cargomanifest_id, container_id, containerpositionX, containerpositionY, containerpositionZ) values (45806, 7020916, 10, 2, 5);
insert into positionInVehicule (cargomanifest_id, container_id, containerpositionX, containerpositionY, containerpositionZ) values (45806, 1935697, 2, 7, 4);
insert into positionInVehicule (cargomanifest_id, container_id, containerpositionX, containerpositionY, containerpositionZ) values (45228, 5708813, 11, 6, 1);
insert into positionInVehicule (cargomanifest_id, container_id, containerpositionX, containerpositionY, containerpositionZ) values (59447, 8542533, 12, 1, 6);
insert into positionInVehicule (cargomanifest_id, container_id, containerpositionX, containerpositionY, containerpositionZ) values (67603, 1858468, 8, 5, 5);
insert into positionInVehicule (cargomanifest_id, container_id, containerpositionX, containerpositionY, containerpositionZ) values (85242, 8561707, 2, 9, 5);
insert into positionInVehicule (cargomanifest_id, container_id, containerpositionX, containerpositionY, containerpositionZ) values (62698, 2262730, 2, 10, 2);
insert into positionInVehicule (cargomanifest_id, container_id, containerpositionX, containerpositionY, containerpositionZ) values (59447, 7609909, 7, 5, 5);
insert into positionInVehicule (cargomanifest_id, container_id, containerpositionX, containerpositionY, containerpositionZ) values (82845, 3509579, 10, 10, 3);
insert into positionInVehicule (cargomanifest_id, container_id, containerpositionX, containerpositionY, containerpositionZ) values (34491, 7189955, 2, 7, 1);
insert into positionInVehicule (cargomanifest_id, container_id, containerpositionX, containerpositionY, containerpositionZ) values (2025, 5138381, 1, 3, 6);
insert into positionInVehicule (cargomanifest_id, container_id, containerpositionX, containerpositionY, containerpositionZ) values (9062, 7788724, 1, 3, 2);
insert into positionInVehicule (cargomanifest_id, container_id, containerpositionX, containerpositionY, containerpositionZ) values (52328, 2355235, 11, 5, 1);
insert into positionInVehicule (cargomanifest_id, container_id, containerpositionX, containerpositionY, containerpositionZ) values (67603, 9113177, 8, 3, 2);
insert into positionInVehicule (cargomanifest_id, container_id, containerpositionX, containerpositionY, containerpositionZ) values (39823, 9834739, 11, 4, 4);
insert into positionInVehicule (cargomanifest_id, container_id, containerpositionX, containerpositionY, containerpositionZ) values (80342, 3196942, 4, 4, 1);
insert into positionInVehicule (cargomanifest_id, container_id, containerpositionX, containerpositionY, containerpositionZ) values (62698, 8145745, 3, 9, 2);
insert into positionInVehicule (cargomanifest_id, container_id, containerpositionX, containerpositionY, containerpositionZ) values (87507, 2882607, 10, 3, 6);
insert into positionInVehicule (cargomanifest_id, container_id, containerpositionX, containerpositionY, containerpositionZ) values (77328, 8419671, 10, 9, 5);
insert into positionInVehicule (cargomanifest_id, container_id, containerpositionX, containerpositionY, containerpositionZ) values (2025, 6766832, 2, 3, 6);
insert into positionInVehicule (cargomanifest_id, container_id, containerpositionX, containerpositionY, containerpositionZ) values (19821, 7329290, 7, 5, 6);
insert into positionInVehicule (cargomanifest_id, container_id, containerpositionX, containerpositionY, containerpositionZ) values (87507, 4615675, 1, 3, 5);
insert into positionInVehicule (cargomanifest_id, container_id, containerpositionX, containerpositionY, containerpositionZ) values (62590, 4661451, 12, 6, 1);
insert into positionInVehicule (cargomanifest_id, container_id, containerpositionX, containerpositionY, containerpositionZ) values (39823, 6069919, 6, 4, 1);
insert into positionInVehicule (cargomanifest_id, container_id, containerpositionX, containerpositionY, containerpositionZ) values (69477, 4810054, 3, 10, 6);
insert into positionInVehicule (cargomanifest_id, container_id, containerpositionX, containerpositionY, containerpositionZ) values (16358, 5982865, 3, 3, 5);
insert into positionInVehicule (cargomanifest_id, container_id, containerpositionX, containerpositionY, containerpositionZ) values (3598, 9845504, 7, 9, 2);
insert into positionInVehicule (cargomanifest_id, container_id, containerpositionX, containerpositionY, containerpositionZ) values (89260, 5789700, 4, 4, 2);
insert into positionInVehicule (cargomanifest_id, container_id, containerpositionX, containerpositionY, containerpositionZ) values (87507, 6451050, 7, 6, 1);
insert into positionInVehicule (cargomanifest_id, container_id, containerpositionX, containerpositionY, containerpositionZ) values (77328, 9752298, 6, 9, 1);
insert into positionInVehicule (cargomanifest_id, container_id, containerpositionX, containerpositionY, containerpositionZ) values (66729, 9977728, 9, 1, 4);
insert into positionInVehicule (cargomanifest_id, container_id, containerpositionX, containerpositionY, containerpositionZ) values (64912, 5683858, 2, 7, 4);
insert into positionInVehicule (cargomanifest_id, container_id, containerpositionX, containerpositionY, containerpositionZ) values (30009, 2322868, 1, 7, 4);
insert into positionInVehicule (cargomanifest_id, container_id, containerpositionX, containerpositionY, containerpositionZ) values (64229, 122488, 9, 5, 1);
insert into positionInVehicule (cargomanifest_id, container_id, containerpositionX, containerpositionY, containerpositionZ) values (91736, 8928241, 7, 9, 1);
insert into positionInVehicule (cargomanifest_id, container_id, containerpositionX, containerpositionY, containerpositionZ) values (62590, 4774533, 5, 2, 3);
insert into positionInVehicule (cargomanifest_id, container_id, containerpositionX, containerpositionY, containerpositionZ) values (59447, 6589883, 7, 4, 2);
insert into positionInVehicule (cargomanifest_id, container_id, containerpositionX, containerpositionY, containerpositionZ) values (62590, 8059722, 9, 3, 5);
insert into positionInVehicule (cargomanifest_id, container_id, containerpositionX, containerpositionY, containerpositionZ) values (9062, 7778636, 12, 7, 1);
insert into positionInVehicule (cargomanifest_id, container_id, containerpositionX, containerpositionY, containerpositionZ) values (62590, 8763855, 7, 4, 2);
insert into positionInVehicule (cargomanifest_id, container_id, containerpositionX, containerpositionY, containerpositionZ) values (89260, 3587136, 6, 7, 4);
insert into positionInVehicule (cargomanifest_id, container_id, containerpositionX, containerpositionY, containerpositionZ) values (2163, 6409960, 6, 10, 6);
insert into positionInVehicule (cargomanifest_id, container_id, containerpositionX, containerpositionY, containerpositionZ) values (64229, 9874086, 12, 9, 4);
insert into positionInVehicule (cargomanifest_id, container_id, containerpositionX, containerpositionY, containerpositionZ) values (47409, 5019213, 9, 1, 3);
insert into positionInVehicule (cargomanifest_id, container_id, containerpositionX, containerpositionY, containerpositionZ) values (73258, 3760501, 7, 5, 6);
insert into positionInVehicule (cargomanifest_id, container_id, containerpositionX, containerpositionY, containerpositionZ) values (85242, 4142370, 5, 5, 4);
insert into positionInVehicule (cargomanifest_id, container_id, containerpositionX, containerpositionY, containerpositionZ) values (2163, 9280628, 7, 10, 1);
insert into positionInVehicule (cargomanifest_id, container_id, containerpositionX, containerpositionY, containerpositionZ) values (87507, 6558839, 7, 10, 2);
insert into positionInVehicule (cargomanifest_id, container_id, containerpositionX, containerpositionY, containerpositionZ) values (73258, 4993946, 9, 8, 6);
insert into positionInVehicule (cargomanifest_id, container_id, containerpositionX, containerpositionY, containerpositionZ) values (87507, 133065, 6, 2, 1);
insert into positionInVehicule (cargomanifest_id, container_id, containerpositionX, containerpositionY, containerpositionZ) values (9004, 3753096, 1, 10, 3);
insert into positionInVehicule (cargomanifest_id, container_id, containerpositionX, containerpositionY, containerpositionZ) values (67603, 790684, 4, 3, 5);
insert into positionInVehicule (cargomanifest_id, container_id, containerpositionX, containerpositionY, containerpositionZ) values (62590, 8574023, 4, 5, 1);
insert into positionInVehicule (cargomanifest_id, container_id, containerpositionX, containerpositionY, containerpositionZ) values (47409, 4162565, 6, 3, 1);
insert into positionInVehicule (cargomanifest_id, container_id, containerpositionX, containerpositionY, containerpositionZ) values (12366, 4924955, 12, 5, 5);
insert into positionInVehicule (cargomanifest_id, container_id, containerpositionX, containerpositionY, containerpositionZ) values (67603, 7840775, 6, 8, 1);
insert into positionInVehicule (cargomanifest_id, container_id, containerpositionX, containerpositionY, containerpositionZ) values (83244, 5577067, 4, 9, 5);
insert into positionInVehicule (cargomanifest_id, container_id, containerpositionX, containerpositionY, containerpositionZ) values (57546, 4411636, 10, 10, 3);
insert into positionInVehicule (cargomanifest_id, container_id, containerpositionX, containerpositionY, containerpositionZ) values (93962, 9496641, 6, 5, 6);
insert into positionInVehicule (cargomanifest_id, container_id, containerpositionX, containerpositionY, containerpositionZ) values (91736, 1123490, 11, 4, 1);
insert into positionInVehicule (cargomanifest_id, container_id, containerpositionX, containerpositionY, containerpositionZ) values (54091, 1738638, 2, 7, 4);
insert into positionInVehicule (cargomanifest_id, container_id, containerpositionX, containerpositionY, containerpositionZ) values (82845, 9892633, 1, 2, 1);
insert into positionInVehicule (cargomanifest_id, container_id, containerpositionX, containerpositionY, containerpositionZ) values (83244, 7514776, 3, 10, 1);
insert into positionInVehicule (cargomanifest_id, container_id, containerpositionX, containerpositionY, containerpositionZ) values (3598, 6107423, 12, 1, 6);
insert into positionInVehicule (cargomanifest_id, container_id, containerpositionX, containerpositionY, containerpositionZ) values (39823, 8039713, 8, 5, 4);
insert into positionInVehicule (cargomanifest_id, container_id, containerpositionX, containerpositionY, containerpositionZ) values (86476, 9001569, 3, 6, 6);
insert into positionInVehicule (cargomanifest_id, container_id, containerpositionX, containerpositionY, containerpositionZ) values (62590, 2096251, 2, 4, 6);
insert into positionInVehicule (cargomanifest_id, container_id, containerpositionX, containerpositionY, containerpositionZ) values (62698, 7489426, 6, 10, 1);
insert into positionInVehicule (cargomanifest_id, container_id, containerpositionX, containerpositionY, containerpositionZ) values (37588, 9946077, 4, 7, 6);
insert into positionInVehicule (cargomanifest_id, container_id, containerpositionX, containerpositionY, containerpositionZ) values (53304, 8356455, 12, 4, 2);
insert into positionInVehicule (cargomanifest_id, container_id, containerpositionX, containerpositionY, containerpositionZ) values (89260, 9605893, 12, 3, 2);
insert into positionInVehicule (cargomanifest_id, container_id, containerpositionX, containerpositionY, containerpositionZ) values (2025, 1555143, 1, 5, 6);
insert into positionInVehicule (cargomanifest_id, container_id, containerpositionX, containerpositionY, containerpositionZ) values (89260, 8475727, 5, 10, 1);
insert into positionInVehicule (cargomanifest_id, container_id, containerpositionX, containerpositionY, containerpositionZ) values (48193, 3492860, 4, 10, 4);
insert into positionInVehicule (cargomanifest_id, container_id, containerpositionX, containerpositionY, containerpositionZ) values (93962, 8501002, 9, 7, 3);
insert into positionInVehicule (cargomanifest_id, container_id, containerpositionX, containerpositionY, containerpositionZ) values (9004, 1736584, 7, 4, 6);
insert into positionInVehicule (cargomanifest_id, container_id, containerpositionX, containerpositionY, containerpositionZ) values (34893, 4299262, 1, 10, 5);
insert into positionInVehicule (cargomanifest_id, container_id, containerpositionX, containerpositionY, containerpositionZ) values (54561, 8591341, 9, 7, 6);
insert into positionInVehicule (cargomanifest_id, container_id, containerpositionX, containerpositionY, containerpositionZ) values (45806, 863716, 1, 8, 4);
insert into positionInVehicule (cargomanifest_id, container_id, containerpositionX, containerpositionY, containerpositionZ) values (39823, 5626896, 3, 7, 3);
insert into positionInVehicule (cargomanifest_id, container_id, containerpositionX, containerpositionY, containerpositionZ) values (2025, 2650387, 9, 10, 4);
insert into positionInVehicule (cargomanifest_id, container_id, containerpositionX, containerpositionY, containerpositionZ) values (16358, 9019057, 11, 3, 6);
insert into positionInVehicule (cargomanifest_id, container_id, containerpositionX, containerpositionY, containerpositionZ) values (64229, 2693114, 10, 8, 1);
insert into positionInVehicule (cargomanifest_id, container_id, containerpositionX, containerpositionY, containerpositionZ) values (85242, 7104943, 6, 1, 6);
insert into positionInVehicule (cargomanifest_id, container_id, containerpositionX, containerpositionY, containerpositionZ) values (37588, 441419, 6, 10, 3);
insert into positionInVehicule (cargomanifest_id, container_id, containerpositionX, containerpositionY, containerpositionZ) values (73258, 4783022, 1, 1, 2);
insert into positionInVehicule (cargomanifest_id, container_id, containerpositionX, containerpositionY, containerpositionZ) values (62590, 5579420, 1, 4, 2);
insert into positionInVehicule (cargomanifest_id, container_id, containerpositionX, containerpositionY, containerpositionZ) values (3598, 7078879, 9, 6, 3);
insert into positionInVehicule (cargomanifest_id, container_id, containerpositionX, containerpositionY, containerpositionZ) values (57650, 6807391, 5, 8, 4);
insert into positionInVehicule (cargomanifest_id, container_id, containerpositionX, containerpositionY, containerpositionZ) values (86476, 7874154, 10, 1, 3);
insert into positionInVehicule (cargomanifest_id, container_id, containerpositionX, containerpositionY, containerpositionZ) values (64912, 2609773, 5, 3, 3);
insert into positionInVehicule (cargomanifest_id, container_id, containerpositionX, containerpositionY, containerpositionZ) values (9062, 9741567, 2, 8, 5);
insert into positionInVehicule (cargomanifest_id, container_id, containerpositionX, containerpositionY, containerpositionZ) values (62698, 8546378, 8, 6, 5);
insert into positionInVehicule (cargomanifest_id, container_id, containerpositionX, containerpositionY, containerpositionZ) values (79225, 6397520, 5, 9, 5);
insert into positionInVehicule (cargomanifest_id, container_id, containerpositionX, containerpositionY, containerpositionZ) values (19821, 8914667, 10, 1, 2);
insert into positionInVehicule (cargomanifest_id, container_id, containerpositionX, containerpositionY, containerpositionZ) values (73258, 9143577, 4, 4, 5);
insert into positionInVehicule (cargomanifest_id, container_id, containerpositionX, containerpositionY, containerpositionZ) values (30009, 4326904, 4, 5, 1);
insert into positionInVehicule (cargomanifest_id, container_id, containerpositionX, containerpositionY, containerpositionZ) values (85242, 9137286, 9, 4, 1);
insert into positionInVehicule (cargomanifest_id, container_id, containerpositionX, containerpositionY, containerpositionZ) values (69477, 1305336, 11, 1, 2);
insert into positionInVehicule (cargomanifest_id, container_id, containerpositionX, containerpositionY, containerpositionZ) values (57650, 2136499, 2, 6, 2);
insert into positionInVehicule (cargomanifest_id, container_id, containerpositionX, containerpositionY, containerpositionZ) values (39823, 6198473, 3, 10, 2);
insert into positionInVehicule (cargomanifest_id, container_id, containerpositionX, containerpositionY, containerpositionZ) values (78548, 9764185, 12, 4, 4);
insert into positionInVehicule (cargomanifest_id, container_id, containerpositionX, containerpositionY, containerpositionZ) values (47409, 938340, 3, 8, 5);
insert into positionInVehicule (cargomanifest_id, container_id, containerpositionX, containerpositionY, containerpositionZ) values (80342, 896255, 11, 2, 3);
insert into positionInVehicule (cargomanifest_id, container_id, containerpositionX, containerpositionY, containerpositionZ) values (19821, 4404245, 2, 8, 3);
insert into positionInVehicule (cargomanifest_id, container_id, containerpositionX, containerpositionY, containerpositionZ) values (25442, 5947097, 9, 5, 4);
insert into positionInVehicule (cargomanifest_id, container_id, containerpositionX, containerpositionY, containerpositionZ) values (3598, 86822, 1, 5, 4);
insert into positionInVehicule (cargomanifest_id, container_id, containerpositionX, containerpositionY, containerpositionZ) values (83244, 3723819, 1, 4, 1);
insert into positionInVehicule (cargomanifest_id, container_id, containerpositionX, containerpositionY, containerpositionZ) values (723, 1029352, 8, 5, 1);
insert into positionInVehicule (cargomanifest_id, container_id, containerpositionX, containerpositionY, containerpositionZ) values (64229, 4322877, 4, 4, 2);
insert into positionInVehicule (cargomanifest_id, container_id, containerpositionX, containerpositionY, containerpositionZ) values (52328, 5015254, 8, 1, 4);
insert into positionInVehicule (cargomanifest_id, container_id, containerpositionX, containerpositionY, containerpositionZ) values (69477, 7682515, 5, 1, 5);
insert into positionInVehicule (cargomanifest_id, container_id, containerpositionX, containerpositionY, containerpositionZ) values (3598, 5841368, 8, 5, 4);
insert into positionInVehicule (cargomanifest_id, container_id, containerpositionX, containerpositionY, containerpositionZ) values (82845, 2733809, 1, 9, 4);
insert into positionInVehicule (cargomanifest_id, container_id, containerpositionX, containerpositionY, containerpositionZ) values (78548, 8056115, 12, 1, 4);
insert into positionInVehicule (cargomanifest_id, container_id, containerpositionX, containerpositionY, containerpositionZ) values (80342, 7560668, 9, 7, 6);
insert into positionInVehicule (cargomanifest_id, container_id, containerpositionX, containerpositionY, containerpositionZ) values (11031, 7082372, 10, 3, 2);
insert into positionInVehicule (cargomanifest_id, container_id, containerpositionX, containerpositionY, containerpositionZ) values (45806, 5655299, 6, 7, 3);
insert into positionInVehicule (cargomanifest_id, container_id, containerpositionX, containerpositionY, containerpositionZ) values (30009, 5308377, 9, 10, 4);
insert into positionInVehicule (cargomanifest_id, container_id, containerpositionX, containerpositionY, containerpositionZ) values (19821, 9216307, 2, 7, 1);
insert into positionInVehicule (cargomanifest_id, container_id, containerpositionX, containerpositionY, containerpositionZ) values (87507, 2031503, 8, 1, 2);
insert into positionInVehicule (cargomanifest_id, container_id, containerpositionX, containerpositionY, containerpositionZ) values (91736, 9978599, 8, 9, 6);
insert into positionInVehicule (cargomanifest_id, container_id, containerpositionX, containerpositionY, containerpositionZ) values (78991, 978199, 1, 8, 6);
insert into positionInVehicule (cargomanifest_id, container_id, containerpositionX, containerpositionY, containerpositionZ) values (67603, 4481941, 10, 6, 4);
insert into positionInVehicule (cargomanifest_id, container_id, containerpositionX, containerpositionY, containerpositionZ) values (45806, 2672406, 5, 10, 6);
insert into positionInVehicule (cargomanifest_id, container_id, containerpositionX, containerpositionY, containerpositionZ) values (73258, 1987586, 5, 6, 3);
insert into positionInVehicule (cargomanifest_id, container_id, containerpositionX, containerpositionY, containerpositionZ) values (37588, 7807239, 2, 6, 1);
insert into positionInVehicule (cargomanifest_id, container_id, containerpositionX, containerpositionY, containerpositionZ) values (64912, 144449, 9, 2, 6);
insert into positionInVehicule (cargomanifest_id, container_id, containerpositionX, containerpositionY, containerpositionZ) values (34893, 9795786, 7, 10, 6);
insert into positionInVehicule (cargomanifest_id, container_id, containerpositionX, containerpositionY, containerpositionZ) values (91736, 5312279, 2, 7, 1);
insert into positionInVehicule (cargomanifest_id, container_id, containerpositionX, containerpositionY, containerpositionZ) values (59447, 7749375, 12, 1, 5);
insert into positionInVehicule (cargomanifest_id, container_id, containerpositionX, containerpositionY, containerpositionZ) values (723, 2504454, 1, 2, 5);
insert into positionInVehicule (cargomanifest_id, container_id, containerpositionX, containerpositionY, containerpositionZ) values (53304, 1558071, 9, 5, 4);
insert into positionInVehicule (cargomanifest_id, container_id, containerpositionX, containerpositionY, containerpositionZ) values (53304, 1962396, 10, 8, 6);
insert into positionInVehicule (cargomanifest_id, container_id, containerpositionX, containerpositionY, containerpositionZ) values (53304, 2353883, 7, 5, 5);
insert into positionInVehicule (cargomanifest_id, container_id, containerpositionX, containerpositionY, containerpositionZ) values (3598, 3434488, 3, 3, 5);
insert into positionInVehicule (cargomanifest_id, container_id, containerpositionX, containerpositionY, containerpositionZ) values (59447, 1418596, 7, 10, 5);
insert into positionInVehicule (cargomanifest_id, container_id, containerpositionX, containerpositionY, containerpositionZ) values (53304, 6956397, 12, 9, 3);
insert into positionInVehicule (cargomanifest_id, container_id, containerpositionX, containerpositionY, containerpositionZ) values (78991, 123768, 5, 3, 3);
insert into positionInVehicule (cargomanifest_id, container_id, containerpositionX, containerpositionY, containerpositionZ) values (89260, 2722759, 9, 3, 5);
insert into positionInVehicule (cargomanifest_id, container_id, containerpositionX, containerpositionY, containerpositionZ) values (91736, 6458130, 9, 9, 5);
insert into positionInVehicule (cargomanifest_id, container_id, containerpositionX, containerpositionY, containerpositionZ) values (37588, 9608504, 10, 3, 5);
insert into positionInVehicule (cargomanifest_id, container_id, containerpositionX, containerpositionY, containerpositionZ) values (83244, 3462818, 5, 7, 1);
insert into positionInVehicule (cargomanifest_id, container_id, containerpositionX, containerpositionY, containerpositionZ) values (723, 6724197, 4, 9, 2);
insert into positionInVehicule (cargomanifest_id, container_id, containerpositionX, containerpositionY, containerpositionZ) values (73258, 5659368, 12, 8, 1);
insert into positionInVehicule (cargomanifest_id, container_id, containerpositionX, containerpositionY, containerpositionZ) values (54091, 1274563, 9, 2, 3);
insert into positionInVehicule (cargomanifest_id, container_id, containerpositionX, containerpositionY, containerpositionZ) values (91736, 837583, 11, 5, 3);
insert into positionInVehicule (cargomanifest_id, container_id, containerpositionX, containerpositionY, containerpositionZ) values (79225, 586095, 10, 10, 6);
insert into positionInVehicule (cargomanifest_id, container_id, containerpositionX, containerpositionY, containerpositionZ) values (89260, 9661114, 2, 10, 1);
insert into positionInVehicule (cargomanifest_id, container_id, containerpositionX, containerpositionY, containerpositionZ) values (77328, 7572031, 7, 3, 3);
insert into positionInVehicule (cargomanifest_id, container_id, containerpositionX, containerpositionY, containerpositionZ) values (54561, 8218495, 2, 10, 5);
insert into positionInVehicule (cargomanifest_id, container_id, containerpositionX, containerpositionY, containerpositionZ) values (19821, 2767540, 6, 3, 5);
insert into positionInVehicule (cargomanifest_id, container_id, containerpositionX, containerpositionY, containerpositionZ) values (2163, 745998, 1, 5, 1);
insert into positionInVehicule (cargomanifest_id, container_id, containerpositionX, containerpositionY, containerpositionZ) values (64912, 3795095, 12, 10, 6);
insert into positionInVehicule (cargomanifest_id, container_id, containerpositionX, containerpositionY, containerpositionZ) values (12366, 1986974, 10, 6, 3);
insert into positionInVehicule (cargomanifest_id, container_id, containerpositionX, containerpositionY, containerpositionZ) values (34893, 6889907, 6, 5, 1);
insert into positionInVehicule (cargomanifest_id, container_id, containerpositionX, containerpositionY, containerpositionZ) values (45228, 5638346, 11, 2, 3);
insert into positionInVehicule (cargomanifest_id, container_id, containerpositionX, containerpositionY, containerpositionZ) values (73258, 540114, 7, 8, 6);
insert into positionInVehicule (cargomanifest_id, container_id, containerpositionX, containerpositionY, containerpositionZ) values (91736, 8935466, 8, 1, 6);
insert into positionInVehicule (cargomanifest_id, container_id, containerpositionX, containerpositionY, containerpositionZ) values (91736, 3576467, 8, 9, 6);
insert into positionInVehicule (cargomanifest_id, container_id, containerpositionX, containerpositionY, containerpositionZ) values (91736, 8498533, 4, 2, 2);
insert into positionInVehicule (cargomanifest_id, container_id, containerpositionX, containerpositionY, containerpositionZ) values (86476, 6278703, 5, 1, 6);
insert into positionInVehicule (cargomanifest_id, container_id, containerpositionX, containerpositionY, containerpositionZ) values (66729, 5985041, 8, 1, 1);
insert into positionInVehicule (cargomanifest_id, container_id, containerpositionX, containerpositionY, containerpositionZ) values (78548, 3000853, 3, 2, 3);
insert into positionInVehicule (cargomanifest_id, container_id, containerpositionX, containerpositionY, containerpositionZ) values (64229, 8950208, 12, 8, 5);
insert into positionInVehicule (cargomanifest_id, container_id, containerpositionX, containerpositionY, containerpositionZ) values (78548, 9987446, 7, 7, 2);
insert into positionInVehicule (cargomanifest_id, container_id, containerpositionX, containerpositionY, containerpositionZ) values (64912, 810979, 9, 6, 5);
insert into positionInVehicule (cargomanifest_id, container_id, containerpositionX, containerpositionY, containerpositionZ) values (96922, 9226749, 4, 10, 2);
insert into positionInVehicule (cargomanifest_id, container_id, containerpositionX, containerpositionY, containerpositionZ) values (64229, 3989030, 7, 10, 3);
insert into positionInVehicule (cargomanifest_id, container_id, containerpositionX, containerpositionY, containerpositionZ) values (39823, 9203377, 2, 10, 1);
insert into positionInVehicule (cargomanifest_id, container_id, containerpositionX, containerpositionY, containerpositionZ) values (57546, 283730, 2, 2, 4);
insert into positionInVehicule (cargomanifest_id, container_id, containerpositionX, containerpositionY, containerpositionZ) values (67603, 4074022, 5, 5, 5);
insert into positionInVehicule (cargomanifest_id, container_id, containerpositionX, containerpositionY, containerpositionZ) values (16358, 7459573, 11, 9, 1);
insert into positionInVehicule (cargomanifest_id, container_id, containerpositionX, containerpositionY, containerpositionZ) values (79225, 9466123, 9, 6, 5);
insert into positionInVehicule (cargomanifest_id, container_id, containerpositionX, containerpositionY, containerpositionZ) values (45228, 5540054, 3, 5, 4);
insert into positionInVehicule (cargomanifest_id, container_id, containerpositionX, containerpositionY, containerpositionZ) values (64229, 7857665, 9, 10, 6);
insert into positionInVehicule (cargomanifest_id, container_id, containerpositionX, containerpositionY, containerpositionZ) values (93962, 1277238, 11, 2, 2);
insert into positionInVehicule (cargomanifest_id, container_id, containerpositionX, containerpositionY, containerpositionZ) values (93962, 2750735, 5, 6, 2);
insert into positionInVehicule (cargomanifest_id, container_id, containerpositionX, containerpositionY, containerpositionZ) values (82845, 5359558, 8, 7, 3);
insert into positionInVehicule (cargomanifest_id, container_id, containerpositionX, containerpositionY, containerpositionZ) values (73258, 6915770, 4, 9, 5);
insert into positionInVehicule (cargomanifest_id, container_id, containerpositionX, containerpositionY, containerpositionZ) values (78991, 5351520, 6, 7, 5);
insert into positionInVehicule (cargomanifest_id, container_id, containerpositionX, containerpositionY, containerpositionZ) values (78991, 6680360, 3, 8, 2);
insert into positionInVehicule (cargomanifest_id, container_id, containerpositionX, containerpositionY, containerpositionZ) values (59447, 3401835, 7, 6, 3);
insert into positionInVehicule (cargomanifest_id, container_id, containerpositionX, containerpositionY, containerpositionZ) values (30009, 6064923, 6, 7, 6);
insert into positionInVehicule (cargomanifest_id, container_id, containerpositionX, containerpositionY, containerpositionZ) values (66729, 4220768, 3, 10, 2);
insert into positionInVehicule (cargomanifest_id, container_id, containerpositionX, containerpositionY, containerpositionZ) values (82845, 8529220, 6, 3, 1);
insert into positionInVehicule (cargomanifest_id, container_id, containerpositionX, containerpositionY, containerpositionZ) values (9004, 6215351, 8, 6, 5);
insert into positionInVehicule (cargomanifest_id, container_id, containerpositionX, containerpositionY, containerpositionZ) values (80342, 5919556, 2, 7, 3);
insert into positionInVehicule (cargomanifest_id, container_id, containerpositionX, containerpositionY, containerpositionZ) values (12366, 857965, 6, 4, 4);
insert into positionInVehicule (cargomanifest_id, container_id, containerpositionX, containerpositionY, containerpositionZ) values (62698, 7226444, 4, 1, 1);
insert into positionInVehicule (cargomanifest_id, container_id, containerpositionX, containerpositionY, containerpositionZ) values (723, 7852564, 1, 2, 5);
insert into positionInVehicule (cargomanifest_id, container_id, containerpositionX, containerpositionY, containerpositionZ) values (64229, 9917166, 2, 3, 6);
insert into positionInVehicule (cargomanifest_id, container_id, containerpositionX, containerpositionY, containerpositionZ) values (16358, 7850304, 3, 8, 2);
insert into positionInVehicule (cargomanifest_id, container_id, containerpositionX, containerpositionY, containerpositionZ) values (2163, 1573723, 1, 6, 3);
insert into positionInVehicule (cargomanifest_id, container_id, containerpositionX, containerpositionY, containerpositionZ) values (45228, 7511557, 11, 9, 6);
insert into positionInVehicule (cargomanifest_id, container_id, containerpositionX, containerpositionY, containerpositionZ) values (78548, 1623809, 4, 10, 4);
insert into positionInVehicule (cargomanifest_id, container_id, containerpositionX, containerpositionY, containerpositionZ) values (19821, 3652803, 5, 10, 4);
insert into positionInVehicule (cargomanifest_id, container_id, containerpositionX, containerpositionY, containerpositionZ) values (45806, 2818829, 10, 5, 3);
insert into positionInVehicule (cargomanifest_id, container_id, containerpositionX, containerpositionY, containerpositionZ) values (79225, 4897238, 8, 3, 3);
insert into positionInVehicule (cargomanifest_id, container_id, containerpositionX, containerpositionY, containerpositionZ) values (73258, 8255706, 3, 8, 4);
insert into positionInVehicule (cargomanifest_id, container_id, containerpositionX, containerpositionY, containerpositionZ) values (9062, 8889089, 1, 2, 1);
insert into positionInVehicule (cargomanifest_id, container_id, containerpositionX, containerpositionY, containerpositionZ) values (86476, 5967879, 3, 5, 5);
insert into positionInVehicule (cargomanifest_id, container_id, containerpositionX, containerpositionY, containerpositionZ) values (34893, 3921493, 9, 10, 2);
insert into positionInVehicule (cargomanifest_id, container_id, containerpositionX, containerpositionY, containerpositionZ) values (54091, 5179239, 5, 7, 6);
insert into positionInVehicule (cargomanifest_id, container_id, containerpositionX, containerpositionY, containerpositionZ) values (39823, 6441995, 10, 1, 1);
insert into positionInVehicule (cargomanifest_id, container_id, containerpositionX, containerpositionY, containerpositionZ) values (12366, 551621, 5, 6, 5);
insert into positionInVehicule (cargomanifest_id, container_id, containerpositionX, containerpositionY, containerpositionZ) values (62590, 8965558, 3, 1, 6);
insert into positionInVehicule (cargomanifest_id, container_id, containerpositionX, containerpositionY, containerpositionZ) values (19821, 8213390, 9, 4, 6);
insert into positionInVehicule (cargomanifest_id, container_id, containerpositionX, containerpositionY, containerpositionZ) values (62590, 7515848, 11, 6, 3);
insert into positionInVehicule (cargomanifest_id, container_id, containerpositionX, containerpositionY, containerpositionZ) values (80342, 7136029, 10, 1, 2);
insert into positionInVehicule (cargomanifest_id, container_id, containerpositionX, containerpositionY, containerpositionZ) values (9004, 961837, 12, 3, 6);
insert into positionInVehicule (cargomanifest_id, container_id, containerpositionX, containerpositionY, containerpositionZ) values (79225, 5063635, 11, 3, 4);
insert into positionInVehicule (cargomanifest_id, container_id, containerpositionX, containerpositionY, containerpositionZ) values (73258, 2753171, 3, 5, 5);
insert into positionInVehicule (cargomanifest_id, container_id, containerpositionX, containerpositionY, containerpositionZ) values (89260, 3913156, 10, 1, 2);
insert into positionInVehicule (cargomanifest_id, container_id, containerpositionX, containerpositionY, containerpositionZ) values (78991, 6107524, 11, 10, 2);
insert into positionInVehicule (cargomanifest_id, container_id, containerpositionX, containerpositionY, containerpositionZ) values (723, 7525736, 1, 3, 6);
insert into positionInVehicule (cargomanifest_id, container_id, containerpositionX, containerpositionY, containerpositionZ) values (64912, 6626959, 1, 5, 5);
insert into positionInVehicule (cargomanifest_id, container_id, containerpositionX, containerpositionY, containerpositionZ) values (73258, 1152784, 3, 1, 4);
insert into positionInVehicule (cargomanifest_id, container_id, containerpositionX, containerpositionY, containerpositionZ) values (25442, 2755128, 3, 9, 1);
insert into positionInVehicule (cargomanifest_id, container_id, containerpositionX, containerpositionY, containerpositionZ) values (2025, 3513855, 2, 4, 1);
insert into positionInVehicule (cargomanifest_id, container_id, containerpositionX, containerpositionY, containerpositionZ) values (59447, 9469931, 11, 1, 6);
insert into positionInVehicule (cargomanifest_id, container_id, containerpositionX, containerpositionY, containerpositionZ) values (34491, 4515914, 9, 1, 2);
insert into positionInVehicule (cargomanifest_id, container_id, containerpositionX, containerpositionY, containerpositionZ) values (80342, 7715183, 9, 6, 1);
insert into positionInVehicule (cargomanifest_id, container_id, containerpositionX, containerpositionY, containerpositionZ) values (83244, 309787, 6, 9, 4);
insert into positionInVehicule (cargomanifest_id, container_id, containerpositionX, containerpositionY, containerpositionZ) values (25442, 2913804, 11, 5, 4);
insert into positionInVehicule (cargomanifest_id, container_id, containerpositionX, containerpositionY, containerpositionZ) values (80342, 4399451, 2, 6, 1);
insert into positionInVehicule (cargomanifest_id, container_id, containerpositionX, containerpositionY, containerpositionZ) values (96922, 386410, 9, 5, 2);
insert into positionInVehicule (cargomanifest_id, container_id, containerpositionX, containerpositionY, containerpositionZ) values (52328, 8539085, 11, 6, 4);
insert into positionInVehicule (cargomanifest_id, container_id, containerpositionX, containerpositionY, containerpositionZ) values (47409, 9355505, 6, 10, 6);
insert into positionInVehicule (cargomanifest_id, container_id, containerpositionX, containerpositionY, containerpositionZ) values (54091, 9000932, 2, 1, 1);
insert into positionInVehicule (cargomanifest_id, container_id, containerpositionX, containerpositionY, containerpositionZ) values (52328, 2116393, 5, 4, 3);
insert into positionInVehicule (cargomanifest_id, container_id, containerpositionX, containerpositionY, containerpositionZ) values (59447, 2549246, 12, 1, 1);
insert into positionInVehicule (cargomanifest_id, container_id, containerpositionX, containerpositionY, containerpositionZ) values (47409, 6191019, 1, 1, 2);
insert into positionInVehicule (cargomanifest_id, container_id, containerpositionX, containerpositionY, containerpositionZ) values (53304, 6955932, 9, 8, 2);
insert into positionInVehicule (cargomanifest_id, container_id, containerpositionX, containerpositionY, containerpositionZ) values (34893, 3272382, 7, 2, 6);
insert into positionInVehicule (cargomanifest_id, container_id, containerpositionX, containerpositionY, containerpositionZ) values (2163, 1475321, 7, 10, 2);
insert into positionInVehicule (cargomanifest_id, container_id, containerpositionX, containerpositionY, containerpositionZ) values (57546, 666915, 1, 2, 5);
insert into positionInVehicule (cargomanifest_id, container_id, containerpositionX, containerpositionY, containerpositionZ) values (69477, 4107082, 2, 10, 1);
insert into positionInVehicule (cargomanifest_id, container_id, containerpositionX, containerpositionY, containerpositionZ) values (66729, 3011850, 5, 1, 3);
insert into positionInVehicule (cargomanifest_id, container_id, containerpositionX, containerpositionY, containerpositionZ) values (47409, 1506075, 10, 8, 5);
insert into positionInVehicule (cargomanifest_id, container_id, containerpositionX, containerpositionY, containerpositionZ) values (53304, 5887416, 11, 3, 1);
insert into positionInVehicule (cargomanifest_id, container_id, containerpositionX, containerpositionY, containerpositionZ) values (82845, 7636252, 6, 10, 1);
insert into positionInVehicule (cargomanifest_id, container_id, containerpositionX, containerpositionY, containerpositionZ) values (86476, 8527619, 11, 10, 3);
insert into positionInVehicule (cargomanifest_id, container_id, containerpositionX, containerpositionY, containerpositionZ) values (34893, 3355821, 9, 3, 1);
insert into positionInVehicule (cargomanifest_id, container_id, containerpositionX, containerpositionY, containerpositionZ) values (59447, 5002135, 9, 10, 5);
insert into positionInVehicule (cargomanifest_id, container_id, containerpositionX, containerpositionY, containerpositionZ) values (45228, 3143910, 9, 5, 1);
insert into positionInVehicule (cargomanifest_id, container_id, containerpositionX, containerpositionY, containerpositionZ) values (30009, 7305599, 2, 4, 3);
insert into positionInVehicule (cargomanifest_id, container_id, containerpositionX, containerpositionY, containerpositionZ) values (54091, 6686080, 2, 3, 6);
insert into positionInVehicule (cargomanifest_id, container_id, containerpositionX, containerpositionY, containerpositionZ) values (9062, 2661497, 7, 2, 4);
insert into positionInVehicule (cargomanifest_id, container_id, containerpositionX, containerpositionY, containerpositionZ) values (67603, 2877511, 4, 5, 6);
insert into positionInVehicule (cargomanifest_id, container_id, containerpositionX, containerpositionY, containerpositionZ) values (3598, 4847076, 12, 2, 2);
insert into positionInVehicule (cargomanifest_id, container_id, containerpositionX, containerpositionY, containerpositionZ) values (57650, 3113560, 6, 7, 1);
insert into positionInVehicule (cargomanifest_id, container_id, containerpositionX, containerpositionY, containerpositionZ) values (78548, 7213722, 11, 7, 3);
insert into positionInVehicule (cargomanifest_id, container_id, containerpositionX, containerpositionY, containerpositionZ) values (25442, 1049486, 5, 5, 5);
insert into positionInVehicule (cargomanifest_id, container_id, containerpositionX, containerpositionY, containerpositionZ) values (45228, 4889108, 2, 10, 6);
insert into positionInVehicule (cargomanifest_id, container_id, containerpositionX, containerpositionY, containerpositionZ) values (3598, 8284377, 4, 9, 1);
insert into positionInVehicule (cargomanifest_id, container_id, containerpositionX, containerpositionY, containerpositionZ) values (69477, 1382188, 12, 6, 4);
insert into positionInVehicule (cargomanifest_id, container_id, containerpositionX, containerpositionY, containerpositionZ) values (30009, 2802505, 11, 8, 3);
--400 POSITIONS IN VEHICULE INSERTED

alter session set nls_date_format = 'DD-MM-YYYY';
insert into shiptrip (shiptrip_id, mmsi, departure_location, arrival_location, loading_cargo_id, unloading_cargo_id, est_departure_date, est_arrival_date, real_departure_date, real_arrival_date) values (73929, 228339600, 22522, 27248, 66729, 54561, '22/02/2021', '17/05/2021', '28/02/2021', '12/05/2021');
insert into shiptrip (shiptrip_id, mmsi, departure_location, arrival_location, loading_cargo_id, unloading_cargo_id, est_departure_date, est_arrival_date, real_departure_date, real_arrival_date) values (84901, 229767000, 13390, 20512, 64229, 86476, '24/02/2021', '14/06/2021', '21/03/2021', '30/04/2021');
insert into shiptrip (shiptrip_id, mmsi, departure_location, arrival_location, loading_cargo_id, unloading_cargo_id, est_departure_date, est_arrival_date, real_departure_date, real_arrival_date) values (57328, 258692000, 22522, 25350, 71971, 45806, '29/03/2021', '10/06/2021', '28/03/2021', '02/06/2021');
insert into shiptrip (shiptrip_id, mmsi, departure_location, arrival_location, loading_cargo_id, unloading_cargo_id, est_departure_date, est_arrival_date, real_departure_date, real_arrival_date) values (71434, 636019825, 27728, 23247, 54091, 82845, '15/02/2021', '02/05/2021', '07/03/2021', '05/05/2021');
insert into shiptrip (shiptrip_id, mmsi, departure_location, arrival_location, loading_cargo_id, unloading_cargo_id, est_departure_date, est_arrival_date, real_departure_date, real_arrival_date) values (62258, 229767000, 21457, 11180, 83244, 89260, '15/02/2021', '06/05/2021', '20/03/2021', '23/05/2021');
insert into shiptrip (shiptrip_id, mmsi, departure_location, arrival_location, loading_cargo_id, unloading_cargo_id, est_departure_date, est_arrival_date, real_departure_date, real_arrival_date) values (16586, 210950000, 26670, 18682, 89260, 62590, '14/02/2021', '11/04/2021', '02/02/2021', '02/05/2021');
insert into shiptrip (shiptrip_id, mmsi, departure_location, arrival_location, loading_cargo_id, unloading_cargo_id, est_departure_date, est_arrival_date, real_departure_date, real_arrival_date) values (59448, 229767000, 22770, 18682, 87507, 16358, '12/03/2021', '18/06/2021', '10/03/2021', '03/04/2021');
insert into shiptrip (shiptrip_id, mmsi, departure_location, arrival_location, loading_cargo_id, unloading_cargo_id, est_departure_date, est_arrival_date, real_departure_date, real_arrival_date) values (30076, 249047000, 28313, 23247, 71971, 73258, '09/03/2021', '31/05/2021', '06/02/2021', '29/05/2021');
insert into shiptrip (shiptrip_id, mmsi, departure_location, arrival_location, loading_cargo_id, unloading_cargo_id, est_departure_date, est_arrival_date, real_departure_date, real_arrival_date) values (64050, 258692000, 20847, 216592, 723, 723, '18/02/2021', '27/06/2021', '27/02/2021', '10/06/2021');
insert into shiptrip (shiptrip_id, mmsi, departure_location, arrival_location, loading_cargo_id, unloading_cargo_id, est_departure_date, est_arrival_date, real_departure_date, real_arrival_date) values (63798, 258692000, 10860, 20826, 57650, 62698, '18/03/2021', '19/06/2021', '01/03/2021', '27/05/2021');
insert into shiptrip (shiptrip_id, mmsi, departure_location, arrival_location, loading_cargo_id, unloading_cargo_id, est_departure_date, est_arrival_date, real_departure_date, real_arrival_date) values (89070, 636092932, 28781, 25007, 54561, 93962, '30/03/2021', '24/04/2021', '01/02/2021', '24/05/2021');
insert into shiptrip (shiptrip_id, mmsi, departure_location, arrival_location, loading_cargo_id, unloading_cargo_id, est_departure_date, est_arrival_date, real_departure_date, real_arrival_date) values (33710, 636092932, 14459, 28781, 2025, 3598, '23/03/2021', '04/04/2021', '31/03/2021', '25/06/2021');
insert into shiptrip (shiptrip_id, mmsi, departure_location, arrival_location, loading_cargo_id, unloading_cargo_id, est_departure_date, est_arrival_date, real_departure_date, real_arrival_date) values (31695, 235092459, 17941, 18326, 57546, 86476, '12/02/2021', '26/04/2021', '25/02/2021', '23/06/2021');
insert into shiptrip (shiptrip_id, mmsi, departure_location, arrival_location, loading_cargo_id, unloading_cargo_id, est_departure_date, est_arrival_date, real_departure_date, real_arrival_date) values (29960, 636092932, 28313, 16485, 54561, 30009, '03/03/2021', '14/05/2021', '07/03/2021', '08/06/2021');
insert into shiptrip (shiptrip_id, mmsi, departure_location, arrival_location, loading_cargo_id, unloading_cargo_id, est_departure_date, est_arrival_date, real_departure_date, real_arrival_date) values (99784, 229961000, 29973, 21457, 45228, 89260, '18/02/2021', '31/05/2021', '22/03/2021', '03/04/2021');
insert into shiptrip (shiptrip_id, mmsi, departure_location, arrival_location, loading_cargo_id, unloading_cargo_id, est_departure_date, est_arrival_date, real_departure_date, real_arrival_date) values (76372, 636019825, 20512, 216593, 71971, 45228, '10/02/2021', '06/04/2021', '23/03/2021', '20/05/2021');
insert into shiptrip (shiptrip_id, mmsi, departure_location, arrival_location, loading_cargo_id, unloading_cargo_id, est_departure_date, est_arrival_date, real_departure_date, real_arrival_date) values (98507, 228339600, 24795, 10136, 34491, 86476, '05/03/2021', '27/04/2021', '19/02/2021', '28/06/2021');
insert into shiptrip (shiptrip_id, mmsi, departure_location, arrival_location, loading_cargo_id, unloading_cargo_id, est_departure_date, est_arrival_date, real_departure_date, real_arrival_date) values (29440, 228339600, 20301, 22226, 34893, 52328, '09/02/2021', '19/04/2021', '04/03/2021', '02/06/2021');
insert into shiptrip (shiptrip_id, mmsi, departure_location, arrival_location, loading_cargo_id, unloading_cargo_id, est_departure_date, est_arrival_date, real_departure_date, real_arrival_date) values (65729, 256304000, 29876, 246265, 62590, 34491, '01/03/2021', '01/06/2021', '28/03/2021', '13/04/2021');
insert into shiptrip (shiptrip_id, mmsi, departure_location, arrival_location, loading_cargo_id, unloading_cargo_id, est_departure_date, est_arrival_date, real_departure_date, real_arrival_date) values (36929, 305176000, 18137, 14635, 71971, 3598, '27/03/2021', '10/06/2021', '04/03/2021', '26/05/2021');
insert into shiptrip (shiptrip_id, mmsi, departure_location, arrival_location, loading_cargo_id, unloading_cargo_id, est_departure_date, est_arrival_date, real_departure_date, real_arrival_date) values (90333, 305176000, 18012, 24951, 87507, 39823, '19/02/2021', '26/04/2021', '12/03/2021', '30/06/2021');
insert into shiptrip (shiptrip_id, mmsi, departure_location, arrival_location, loading_cargo_id, unloading_cargo_id, est_departure_date, est_arrival_date, real_departure_date, real_arrival_date) values (1334, 636019825, 20351, 14277, 16358, 52328, '18/02/2021', '24/05/2021', '12/02/2021', '07/05/2021');
insert into shiptrip (shiptrip_id, mmsi, departure_location, arrival_location, loading_cargo_id, unloading_cargo_id, est_departure_date, est_arrival_date, real_departure_date, real_arrival_date) values (89964, 212180000, 15107, 21206, 3598, 69477, '08/03/2021', '28/04/2021', '14/03/2021', '10/04/2021');
insert into shiptrip (shiptrip_id, mmsi, departure_location, arrival_location, loading_cargo_id, unloading_cargo_id, est_departure_date, est_arrival_date, real_departure_date, real_arrival_date) values (68626, 228339600, 14226, 11180, 34893, 77328, '21/03/2021', '07/04/2021', '14/03/2021', '02/04/2021');
insert into shiptrip (shiptrip_id, mmsi, departure_location, arrival_location, loading_cargo_id, unloading_cargo_id, est_departure_date, est_arrival_date, real_departure_date, real_arrival_date) values (77575, 305176000, 20847, 29973, 87507, 34893, '18/02/2021', '21/05/2021', '16/03/2021', '09/06/2021');
insert into shiptrip (shiptrip_id, mmsi, departure_location, arrival_location, loading_cargo_id, unloading_cargo_id, est_departure_date, est_arrival_date, real_departure_date, real_arrival_date) values (55237, 258692000, 17941, 21381, 34491, 79225, '10/03/2021', '23/04/2021', '18/02/2021', '01/06/2021');
insert into shiptrip (shiptrip_id, mmsi, departure_location, arrival_location, loading_cargo_id, unloading_cargo_id, est_departure_date, est_arrival_date, real_departure_date, real_arrival_date) values (48547, 303221000, 11180, 29876, 64229, 2163, '07/02/2021', '18/04/2021', '13/02/2021', '29/05/2021');
insert into shiptrip (shiptrip_id, mmsi, departure_location, arrival_location, loading_cargo_id, unloading_cargo_id, est_departure_date, est_arrival_date, real_departure_date, real_arrival_date) values (69482, 228339600, 10860, 23247, 77328, 45806, '17/03/2021', '19/04/2021', '01/02/2021', '28/05/2021');
insert into shiptrip (shiptrip_id, mmsi, departure_location, arrival_location, loading_cargo_id, unloading_cargo_id, est_departure_date, est_arrival_date, real_departure_date, real_arrival_date) values (82933, 210950000, 25350, 18433, 91736, 79225, '15/03/2021', '20/06/2021', '07/02/2021', '19/06/2021');
insert into shiptrip (shiptrip_id, mmsi, departure_location, arrival_location, loading_cargo_id, unloading_cargo_id, est_departure_date, est_arrival_date, real_departure_date, real_arrival_date) values (15217, 212180000, 14635, 19473, 62698, 79225, '01/02/2021', '23/06/2021', '24/02/2021', '30/06/2021');
insert into shiptrip (shiptrip_id, mmsi, departure_location, arrival_location, loading_cargo_id, unloading_cargo_id, est_departure_date, est_arrival_date, real_departure_date, real_arrival_date) values (25803, 636092932, 24951, 11180, 62698, 83244, '09/03/2021', '17/05/2021', '19/02/2021', '20/05/2021');
insert into shiptrip (shiptrip_id, mmsi, departure_location, arrival_location, loading_cargo_id, unloading_cargo_id, est_departure_date, est_arrival_date, real_departure_date, real_arrival_date) values (5230, 228339600, 29749, 22770, 52328, 85242, '26/03/2021', '18/06/2021', '04/02/2021', '07/06/2021');
insert into shiptrip (shiptrip_id, mmsi, departure_location, arrival_location, loading_cargo_id, unloading_cargo_id, est_departure_date, est_arrival_date, real_departure_date, real_arrival_date) values (47090, 256888000, 22522, 18012, 86476, 47409, '03/02/2021', '27/06/2021', '05/02/2021', '05/04/2021');
insert into shiptrip (shiptrip_id, mmsi, departure_location, arrival_location, loading_cargo_id, unloading_cargo_id, est_departure_date, est_arrival_date, real_departure_date, real_arrival_date) values (53526, 636092932, 224858, 19057, 78548, 87507, '06/02/2021', '05/04/2021', '22/03/2021', '17/05/2021');
insert into shiptrip (shiptrip_id, mmsi, departure_location, arrival_location, loading_cargo_id, unloading_cargo_id, est_departure_date, est_arrival_date, real_departure_date, real_arrival_date) values (80020, 258692000, 14277, 18867, 62698, 9004, '07/02/2021', '23/04/2021', '29/03/2021', '27/06/2021');
insert into shiptrip (shiptrip_id, mmsi, departure_location, arrival_location, loading_cargo_id, unloading_cargo_id, est_departure_date, est_arrival_date, real_departure_date, real_arrival_date) values (86152, 229767000, 10563, 24951, 53304, 34491, '19/03/2021', '23/06/2021', '06/03/2021', '06/04/2021');
insert into shiptrip (shiptrip_id, mmsi, departure_location, arrival_location, loading_cargo_id, unloading_cargo_id, est_departure_date, est_arrival_date, real_departure_date, real_arrival_date) values (13398, 636092932, 13176, 13390, 45806, 77328, '13/03/2021', '09/06/2021', '13/02/2021', '06/05/2021');
insert into shiptrip (shiptrip_id, mmsi, departure_location, arrival_location, loading_cargo_id, unloading_cargo_id, est_departure_date, est_arrival_date, real_departure_date, real_arrival_date) values (91586, 212180000, 29239, 20512, 25442, 62698, '19/03/2021', '12/05/2021', '30/03/2021', '14/05/2021');
insert into shiptrip (shiptrip_id, mmsi, departure_location, arrival_location, loading_cargo_id, unloading_cargo_id, est_departure_date, est_arrival_date, real_departure_date, real_arrival_date) values (22209, 305176000, 24951, 18682, 3598, 45228, '24/02/2021', '22/04/2021', '15/03/2021', '19/04/2021');
insert into shiptrip (shiptrip_id, mmsi, departure_location, arrival_location, loading_cargo_id, unloading_cargo_id, est_departure_date, est_arrival_date, real_departure_date, real_arrival_date) values (57425, 636091400, 14470, 21556, 52328, 57546, '04/02/2021', '08/06/2021', '31/03/2021', '18/06/2021');
insert into shiptrip (shiptrip_id, mmsi, departure_location, arrival_location, loading_cargo_id, unloading_cargo_id, est_departure_date, est_arrival_date, real_departure_date, real_arrival_date) values (57052, 229767000, 20301, 30045, 67603, 71971, '18/03/2021', '19/05/2021', '18/03/2021', '20/06/2021');
insert into shiptrip (shiptrip_id, mmsi, departure_location, arrival_location, loading_cargo_id, unloading_cargo_id, est_departure_date, est_arrival_date, real_departure_date, real_arrival_date) values (35642, 636091400, 216592, 11771, 80342, 34893, '14/03/2021', '05/04/2021', '27/03/2021', '05/05/2021');
insert into shiptrip (shiptrip_id, mmsi, departure_location, arrival_location, loading_cargo_id, unloading_cargo_id, est_departure_date, est_arrival_date, real_departure_date, real_arrival_date) values (6999, 210950000, 18454, 216592, 62698, 9004, '30/03/2021', '31/05/2021', '24/02/2021', '21/05/2021');
insert into shiptrip (shiptrip_id, mmsi, departure_location, arrival_location, loading_cargo_id, unloading_cargo_id, est_departure_date, est_arrival_date, real_departure_date, real_arrival_date) values (99648, 303267000, 29973, 28082, 9004, 78991, '19/03/2021', '23/05/2021', '04/02/2021', '21/04/2021');
insert into shiptrip (shiptrip_id, mmsi, departure_location, arrival_location, loading_cargo_id, unloading_cargo_id, est_departure_date, est_arrival_date, real_departure_date, real_arrival_date) values (41177, 257881000, 14459, 27248, 91736, 66729, '16/03/2021', '04/06/2021', '08/02/2021', '07/06/2021');
insert into shiptrip (shiptrip_id, mmsi, departure_location, arrival_location, loading_cargo_id, unloading_cargo_id, est_departure_date, est_arrival_date, real_departure_date, real_arrival_date) values (13631, 228339600, 28082, 18476, 87507, 64912, '28/03/2021', '19/06/2021', '12/03/2021', '21/04/2021');
insert into shiptrip (shiptrip_id, mmsi, departure_location, arrival_location, loading_cargo_id, unloading_cargo_id, est_departure_date, est_arrival_date, real_departure_date, real_arrival_date) values (3133, 258692000, 18682, 17386, 59447, 19821, '12/03/2021', '16/06/2021', '12/02/2021', '26/06/2021');
insert into shiptrip (shiptrip_id, mmsi, departure_location, arrival_location, loading_cargo_id, unloading_cargo_id, est_departure_date, est_arrival_date, real_departure_date, real_arrival_date) values (25226, 212180000, 14459, 26670, 66729, 723, '30/03/2021', '27/04/2021', '17/03/2021', '03/04/2021');
insert into shiptrip (shiptrip_id, mmsi, departure_location, arrival_location, loading_cargo_id, unloading_cargo_id, est_departure_date, est_arrival_date, real_departure_date, real_arrival_date) values (16347, 636091400, 29973, 14459, 78548, 34893, '13/03/2021', '23/04/2021', '21/03/2021', '03/06/2021');
insert into shiptrip (shiptrip_id, mmsi, departure_location, arrival_location, loading_cargo_id, unloading_cargo_id, est_departure_date, est_arrival_date, real_departure_date, real_arrival_date) values (54675, 256888000, 24951, 14226, 78991, 78548, '19/02/2021', '31/05/2021', '11/03/2021', '20/05/2021');
insert into shiptrip (shiptrip_id, mmsi, departure_location, arrival_location, loading_cargo_id, unloading_cargo_id, est_departure_date, est_arrival_date, real_departure_date, real_arrival_date) values (42648, 303267000, 21206, 11180, 3598, 25442, '21/02/2021', '14/06/2021', '30/03/2021', '19/06/2021');
insert into shiptrip (shiptrip_id, mmsi, departure_location, arrival_location, loading_cargo_id, unloading_cargo_id, est_departure_date, est_arrival_date, real_departure_date, real_arrival_date) values (89586, 249047000, 24795, 28082, 54091, 723, '21/03/2021', '25/05/2021', '26/02/2021', '30/04/2021');
insert into shiptrip (shiptrip_id, mmsi, departure_location, arrival_location, loading_cargo_id, unloading_cargo_id, est_departure_date, est_arrival_date, real_departure_date, real_arrival_date) values (59324, 235092459, 10563, 13390, 52328, 83244, '31/03/2021', '22/06/2021', '28/03/2021', '17/06/2021');
insert into shiptrip (shiptrip_id, mmsi, departure_location, arrival_location, loading_cargo_id, unloading_cargo_id, est_departure_date, est_arrival_date, real_departure_date, real_arrival_date) values (46988, 636019825, 29002, 19473, 89260, 79225, '08/02/2021', '19/06/2021', '03/03/2021', '12/04/2021');
insert into shiptrip (shiptrip_id, mmsi, departure_location, arrival_location, loading_cargo_id, unloading_cargo_id, est_departure_date, est_arrival_date, real_departure_date, real_arrival_date) values (41359, 636091400, 18433, 14277, 2163, 48193, '10/02/2021', '16/05/2021', '31/03/2021', '29/05/2021');
insert into shiptrip (shiptrip_id, mmsi, departure_location, arrival_location, loading_cargo_id, unloading_cargo_id, est_departure_date, est_arrival_date, real_departure_date, real_arrival_date) values (56510, 636019825, 14226, 18476, 78548, 37588, '09/02/2021', '26/06/2021', '09/03/2021', '19/04/2021');
insert into shiptrip (shiptrip_id, mmsi, departure_location, arrival_location, loading_cargo_id, unloading_cargo_id, est_departure_date, est_arrival_date, real_departure_date, real_arrival_date) values (88427, 212180000, 10136, 29239, 78548, 78991, '03/02/2021', '21/06/2021', '14/03/2021', '03/04/2021');
insert into shiptrip (shiptrip_id, mmsi, departure_location, arrival_location, loading_cargo_id, unloading_cargo_id, est_departure_date, est_arrival_date, real_departure_date, real_arrival_date) values (64368, 212180000, 22522, 28781, 19821, 64229, '01/02/2021', '09/05/2021', '07/02/2021', '09/06/2021');
insert into shiptrip (shiptrip_id, mmsi, departure_location, arrival_location, loading_cargo_id, unloading_cargo_id, est_departure_date, est_arrival_date, real_departure_date, real_arrival_date) values (98872, 235092459, 27248, 26147, 67603, 2025, '28/02/2021', '21/05/2021', '21/03/2021', '29/05/2021');
insert into shiptrip (shiptrip_id, mmsi, departure_location, arrival_location, loading_cargo_id, unloading_cargo_id, est_departure_date, est_arrival_date, real_departure_date, real_arrival_date) values (95954, 249047000, 10136, 29749, 62698, 86476, '03/03/2021', '12/05/2021', '11/03/2021', '04/05/2021');
insert into shiptrip (shiptrip_id, mmsi, departure_location, arrival_location, loading_cargo_id, unloading_cargo_id, est_departure_date, est_arrival_date, real_departure_date, real_arrival_date) values (47433, 303221000, 18012, 28313, 19821, 57650, '16/03/2021', '29/05/2021', '03/03/2021', '07/05/2021');
insert into shiptrip (shiptrip_id, mmsi, departure_location, arrival_location, loading_cargo_id, unloading_cargo_id, est_departure_date, est_arrival_date, real_departure_date, real_arrival_date) values (83011, 249047000, 24795, 14113, 9062, 30009, '23/02/2021', '28/05/2021', '20/03/2021', '05/04/2021');
insert into shiptrip (shiptrip_id, mmsi, departure_location, arrival_location, loading_cargo_id, unloading_cargo_id, est_departure_date, est_arrival_date, real_departure_date, real_arrival_date) values (68138, 212351000, 18867, 24795, 77328, 87507, '24/02/2021', '17/05/2021', '27/03/2021', '26/04/2021');
insert into shiptrip (shiptrip_id, mmsi, departure_location, arrival_location, loading_cargo_id, unloading_cargo_id, est_departure_date, est_arrival_date, real_departure_date, real_arrival_date) values (85922, 235092459, 18433, 24795, 34893, 16358, '31/03/2021', '10/05/2021', '12/02/2021', '16/04/2021');
insert into shiptrip (shiptrip_id, mmsi, departure_location, arrival_location, loading_cargo_id, unloading_cargo_id, est_departure_date, est_arrival_date, real_departure_date, real_arrival_date) values (29045, 228339600, 14459, 18137, 77328, 25442, '14/02/2021', '27/05/2021', '11/02/2021', '06/05/2021');
insert into shiptrip (shiptrip_id, mmsi, departure_location, arrival_location, loading_cargo_id, unloading_cargo_id, est_departure_date, est_arrival_date, real_departure_date, real_arrival_date) values (10710, 210950000, 216592, 22522, 86476, 86476, '27/03/2021', '22/05/2021', '09/02/2021', '20/04/2021');
insert into shiptrip (shiptrip_id, mmsi, departure_location, arrival_location, loading_cargo_id, unloading_cargo_id, est_departure_date, est_arrival_date, real_departure_date, real_arrival_date) values (59732, 303267000, 13176, 25007, 80342, 89260, '23/02/2021', '23/06/2021', '18/03/2021', '07/05/2021');
insert into shiptrip (shiptrip_id, mmsi, departure_location, arrival_location, loading_cargo_id, unloading_cargo_id, est_departure_date, est_arrival_date, real_departure_date, real_arrival_date) values (23183, 210950000, 29239, 23247, 66729, 2025, '24/02/2021', '23/06/2021', '17/03/2021', '25/05/2021');
insert into shiptrip (shiptrip_id, mmsi, departure_location, arrival_location, loading_cargo_id, unloading_cargo_id, est_departure_date, est_arrival_date, real_departure_date, real_arrival_date) values (23255, 303267000, 27248, 17941, 67603, 93962, '04/02/2021', '18/04/2021', '05/02/2021', '25/04/2021');
insert into shiptrip (shiptrip_id, mmsi, departure_location, arrival_location, loading_cargo_id, unloading_cargo_id, est_departure_date, est_arrival_date, real_departure_date, real_arrival_date) values (56778, 229767000, 14113, 18433, 73258, 62698, '26/02/2021', '09/04/2021', '01/03/2021', '09/06/2021');
insert into shiptrip (shiptrip_id, mmsi, departure_location, arrival_location, loading_cargo_id, unloading_cargo_id, est_departure_date, est_arrival_date, real_departure_date, real_arrival_date) values (74590, 636091400, 17386, 20826, 12366, 3598, '28/02/2021', '13/06/2021', '25/02/2021', '06/06/2021');
insert into shiptrip (shiptrip_id, mmsi, departure_location, arrival_location, loading_cargo_id, unloading_cargo_id, est_departure_date, est_arrival_date, real_departure_date, real_arrival_date) values (7326, 229767000, 13176, 21451, 53304, 45806, '12/03/2021', '21/06/2021', '11/03/2021', '15/05/2021');
insert into shiptrip (shiptrip_id, mmsi, departure_location, arrival_location, loading_cargo_id, unloading_cargo_id, est_departure_date, est_arrival_date, real_departure_date, real_arrival_date) values (92307, 256888000, 14459, 23428, 12366, 78991, '19/02/2021', '06/04/2021', '03/02/2021', '15/06/2021');
insert into shiptrip (shiptrip_id, mmsi, departure_location, arrival_location, loading_cargo_id, unloading_cargo_id, est_departure_date, est_arrival_date, real_departure_date, real_arrival_date) values (5468, 257881000, 18137, 21556, 80342, 9062, '17/03/2021', '03/05/2021', '14/03/2021', '11/04/2021');
insert into shiptrip (shiptrip_id, mmsi, departure_location, arrival_location, loading_cargo_id, unloading_cargo_id, est_departure_date, est_arrival_date, real_departure_date, real_arrival_date) values (70007, 258692000, 21556, 11174, 53304, 69477, '03/03/2021', '13/06/2021', '02/03/2021', '02/04/2021');
insert into shiptrip (shiptrip_id, mmsi, departure_location, arrival_location, loading_cargo_id, unloading_cargo_id, est_departure_date, est_arrival_date, real_departure_date, real_arrival_date) values (34710, 636019825, 13012, 27792, 45228, 73258, '31/03/2021', '08/06/2021', '02/02/2021', '16/05/2021');
insert into shiptrip (shiptrip_id, mmsi, departure_location, arrival_location, loading_cargo_id, unloading_cargo_id, est_departure_date, est_arrival_date, real_departure_date, real_arrival_date) values (74072, 303267000, 29239, 22522, 52328, 723, '05/03/2021', '22/05/2021', '21/02/2021', '29/05/2021');
insert into shiptrip (shiptrip_id, mmsi, departure_location, arrival_location, loading_cargo_id, unloading_cargo_id, est_departure_date, est_arrival_date, real_departure_date, real_arrival_date) values (65759, 258692000, 21206, 18476, 79225, 77328, '07/02/2021', '14/06/2021', '23/03/2021', '07/05/2021');
insert into shiptrip (shiptrip_id, mmsi, departure_location, arrival_location, loading_cargo_id, unloading_cargo_id, est_departure_date, est_arrival_date, real_departure_date, real_arrival_date) values (55009, 256888000, 18937, 10563, 9062, 25442, '06/02/2021', '16/06/2021', '15/02/2021', '14/05/2021');
insert into shiptrip (shiptrip_id, mmsi, departure_location, arrival_location, loading_cargo_id, unloading_cargo_id, est_departure_date, est_arrival_date, real_departure_date, real_arrival_date) values (14734, 303221000, 25007, 30045, 66729, 34491, '12/02/2021', '26/04/2021', '21/03/2021', '01/05/2021');
insert into shiptrip (shiptrip_id, mmsi, departure_location, arrival_location, loading_cargo_id, unloading_cargo_id, est_departure_date, est_arrival_date, real_departure_date, real_arrival_date) values (47538, 636091400, 17941, 20072, 83244, 93962, '16/02/2021', '13/04/2021', '18/03/2021', '14/06/2021');
insert into shiptrip (shiptrip_id, mmsi, departure_location, arrival_location, loading_cargo_id, unloading_cargo_id, est_departure_date, est_arrival_date, real_departure_date, real_arrival_date) values (97997, 258692000, 21381, 21206, 77328, 86476, '07/02/2021', '04/04/2021', '29/03/2021', '26/04/2021');
insert into shiptrip (shiptrip_id, mmsi, departure_location, arrival_location, loading_cargo_id, unloading_cargo_id, est_departure_date, est_arrival_date, real_departure_date, real_arrival_date) values (7282, 212351000, 21852, 18937, 54091, 78548, '01/03/2021', '08/06/2021', '10/03/2021', '07/04/2021');
insert into shiptrip (shiptrip_id, mmsi, departure_location, arrival_location, loading_cargo_id, unloading_cargo_id, est_departure_date, est_arrival_date, real_departure_date, real_arrival_date) values (9474, 636091400, 20072, 18867, 53304, 69477, '13/02/2021', '24/04/2021', '04/03/2021', '30/05/2021');
insert into shiptrip (shiptrip_id, mmsi, departure_location, arrival_location, loading_cargo_id, unloading_cargo_id, est_departure_date, est_arrival_date, real_departure_date, real_arrival_date) values (79138, 256888000, 17941, 21556, 53304, 89260, '07/02/2021', '21/05/2021', '09/02/2021', '03/04/2021');
insert into shiptrip (shiptrip_id, mmsi, departure_location, arrival_location, loading_cargo_id, unloading_cargo_id, est_departure_date, est_arrival_date, real_departure_date, real_arrival_date) values (69693, 235092459, 29876, 24795, 54561, 77328, '27/03/2021', '26/04/2021', '21/02/2021', '06/05/2021');
insert into shiptrip (shiptrip_id, mmsi, departure_location, arrival_location, loading_cargo_id, unloading_cargo_id, est_departure_date, est_arrival_date, real_departure_date, real_arrival_date) values (29730, 212180000, 13176, 13390, 73258, 54091, '01/02/2021', '26/04/2021', '08/03/2021', '29/05/2021');
insert into shiptrip (shiptrip_id, mmsi, departure_location, arrival_location, loading_cargo_id, unloading_cargo_id, est_departure_date, est_arrival_date, real_departure_date, real_arrival_date) values (6843, 258692000, 14226, 224858, 9004, 93962, '24/02/2021', '30/05/2021', '09/02/2021', '11/05/2021');
insert into shiptrip (shiptrip_id, mmsi, departure_location, arrival_location, loading_cargo_id, unloading_cargo_id, est_departure_date, est_arrival_date, real_departure_date, real_arrival_date) values (68973, 636019825, 20351, 20847, 96922, 37588, '06/03/2021', '02/04/2021', '15/02/2021', '27/06/2021');
insert into shiptrip (shiptrip_id, mmsi, departure_location, arrival_location, loading_cargo_id, unloading_cargo_id, est_departure_date, est_arrival_date, real_departure_date, real_arrival_date) values (18507, 256888000, 18454, 13176, 69477, 73258, '08/03/2021', '26/05/2021', '14/02/2021', '14/06/2021');
insert into shiptrip (shiptrip_id, mmsi, departure_location, arrival_location, loading_cargo_id, unloading_cargo_id, est_departure_date, est_arrival_date, real_departure_date, real_arrival_date) values (69451, 303221000, 29239, 10860, 86476, 57650, '17/03/2021', '30/05/2021', '23/02/2021', '07/04/2021');
insert into shiptrip (shiptrip_id, mmsi, departure_location, arrival_location, loading_cargo_id, unloading_cargo_id, est_departure_date, est_arrival_date, real_departure_date, real_arrival_date) values (75733, 210950000, 20512, 18200, 66729, 78548, '12/02/2021', '16/04/2021', '22/02/2021', '11/05/2021');
insert into shiptrip (shiptrip_id, mmsi, departure_location, arrival_location, loading_cargo_id, unloading_cargo_id, est_departure_date, est_arrival_date, real_departure_date, real_arrival_date) values (26085, 303267000, 21206, 21852, 45228, 79225, '10/03/2021', '13/04/2021', '21/03/2021', '07/06/2021');
insert into shiptrip (shiptrip_id, mmsi, departure_location, arrival_location, loading_cargo_id, unloading_cargo_id, est_departure_date, est_arrival_date, real_departure_date, real_arrival_date) values (17423, 212351000, 20826, 20826, 82845, 83244, '27/03/2021', '09/06/2021', '16/02/2021', '03/05/2021');
insert into shiptrip (shiptrip_id, mmsi, departure_location, arrival_location, loading_cargo_id, unloading_cargo_id, est_departure_date, est_arrival_date, real_departure_date, real_arrival_date) values (31374, 305176000, 10136, 29002, 78991, 79225, '22/03/2021', '24/05/2021', '02/03/2021', '24/04/2021');
insert into shiptrip (shiptrip_id, mmsi, departure_location, arrival_location, loading_cargo_id, unloading_cargo_id, est_departure_date, est_arrival_date, real_departure_date, real_arrival_date) values (19356, 249047000, 25007, 28082, 86476, 47409, '07/02/2021', '22/05/2021', '28/03/2021', '17/05/2021');
insert into shiptrip (shiptrip_id, mmsi, departure_location, arrival_location, loading_cargo_id, unloading_cargo_id, est_departure_date, est_arrival_date, real_departure_date, real_arrival_date) values (52877, 636092932, 14277, 29239, 54561, 9062, '31/03/2021', '13/05/2021', '17/02/2021', '20/04/2021');
insert into shiptrip (shiptrip_id, mmsi, departure_location, arrival_location, loading_cargo_id, unloading_cargo_id, est_departure_date, est_arrival_date, real_departure_date, real_arrival_date) values (98427, 636091400, 18867, 29749, 87507, 77328, '22/02/2021', '03/06/2021', '12/03/2021', '03/04/2021');
insert into shiptrip (shiptrip_id, mmsi, departure_location, arrival_location, loading_cargo_id, unloading_cargo_id, est_departure_date, est_arrival_date, real_departure_date, real_arrival_date) values (95119, 228339600, 15107, 29749, 67603, 723, '18/02/2021', '23/04/2021', '14/03/2021', '25/05/2021');
insert into shiptrip (shiptrip_id, mmsi, departure_location, arrival_location, loading_cargo_id, unloading_cargo_id, est_departure_date, est_arrival_date, real_departure_date, real_arrival_date) values (84683, 258692000, 21206, 21381, 723, 62698, '19/02/2021', '02/04/2021', '04/02/2021', '20/05/2021');
insert into shiptrip (shiptrip_id, mmsi, departure_location, arrival_location, loading_cargo_id, unloading_cargo_id, est_departure_date, est_arrival_date, real_departure_date, real_arrival_date) values (20458, 212180000, 27728, 24795, 82845, 723, '21/03/2021', '06/04/2021', '10/02/2021', '10/05/2021');
insert into shiptrip (shiptrip_id, mmsi, departure_location, arrival_location, loading_cargo_id, unloading_cargo_id, est_departure_date, est_arrival_date, real_departure_date, real_arrival_date) values (1792, 229767000, 16737, 24795, 3598, 80342, '22/02/2021', '28/04/2021', '01/03/2021', '12/04/2021');
insert into shiptrip (shiptrip_id, mmsi, departure_location, arrival_location, loading_cargo_id, unloading_cargo_id, est_departure_date, est_arrival_date, real_departure_date, real_arrival_date) values (56709, 258692000, 14113, 25350, 83244, 91736, '10/02/2021', '19/05/2021', '24/03/2021', '17/04/2021');
insert into shiptrip (shiptrip_id, mmsi, departure_location, arrival_location, loading_cargo_id, unloading_cargo_id, est_departure_date, est_arrival_date, real_departure_date, real_arrival_date) values (54452, 235092459, 28781, 21852, 47409, 59447, '02/03/2021', '02/04/2021', '02/02/2021', '15/06/2021');
insert into shiptrip (shiptrip_id, mmsi, departure_location, arrival_location, loading_cargo_id, unloading_cargo_id, est_departure_date, est_arrival_date, real_departure_date, real_arrival_date) values (95884, 636092932, 12543, 17941, 53304, 3598, '22/03/2021', '26/06/2021', '22/03/2021', '09/06/2021');
insert into shiptrip (shiptrip_id, mmsi, departure_location, arrival_location, loading_cargo_id, unloading_cargo_id, est_departure_date, est_arrival_date, real_departure_date, real_arrival_date) values (42101, 235092459, 12543, 28781, 62698, 64912, '19/02/2021', '13/06/2021', '29/03/2021', '26/04/2021');
insert into shiptrip (shiptrip_id, mmsi, departure_location, arrival_location, loading_cargo_id, unloading_cargo_id, est_departure_date, est_arrival_date, real_departure_date, real_arrival_date) values (23384, 228339600, 13012, 13390, 69477, 86476, '28/03/2021', '07/04/2021', '16/02/2021', '13/05/2021');
insert into shiptrip (shiptrip_id, mmsi, departure_location, arrival_location, loading_cargo_id, unloading_cargo_id, est_departure_date, est_arrival_date, real_departure_date, real_arrival_date) values (88084, 303221000, 28082, 13390, 79225, 53304, '26/03/2021', '11/04/2021', '25/02/2021', '27/04/2021');
insert into shiptrip (shiptrip_id, mmsi, departure_location, arrival_location, loading_cargo_id, unloading_cargo_id, est_departure_date, est_arrival_date, real_departure_date, real_arrival_date) values (98778, 258692000, 17386, 18867, 64229, 57546, '21/02/2021', '31/05/2021', '11/02/2021', '07/04/2021');
insert into shiptrip (shiptrip_id, mmsi, departure_location, arrival_location, loading_cargo_id, unloading_cargo_id, est_departure_date, est_arrival_date, real_departure_date, real_arrival_date) values (50660, 303221000, 17386, 20072, 2163, 77328, '09/02/2021', '04/04/2021', '17/03/2021', '21/06/2021');
insert into shiptrip (shiptrip_id, mmsi, departure_location, arrival_location, loading_cargo_id, unloading_cargo_id, est_departure_date, est_arrival_date, real_departure_date, real_arrival_date) values (12246, 305176000, 29973, 14459, 3598, 723, '03/02/2021', '27/05/2021', '27/02/2021', '22/06/2021');
insert into shiptrip (shiptrip_id, mmsi, departure_location, arrival_location, loading_cargo_id, unloading_cargo_id, est_departure_date, est_arrival_date, real_departure_date, real_arrival_date) values (30640, 305176000, 20072, 10358, 30009, 45806, '20/02/2021', '21/04/2021', '03/03/2021', '27/06/2021');
insert into shiptrip (shiptrip_id, mmsi, departure_location, arrival_location, loading_cargo_id, unloading_cargo_id, est_departure_date, est_arrival_date, real_departure_date, real_arrival_date) values (48427, 229961000, 18137, 14113, 64912, 53304, '11/03/2021', '13/05/2021', '04/03/2021', '20/05/2021');
insert into shiptrip (shiptrip_id, mmsi, departure_location, arrival_location, loading_cargo_id, unloading_cargo_id, est_departure_date, est_arrival_date, real_departure_date, real_arrival_date) values (16395, 235092459, 27792, 22522, 54561, 54091, '19/02/2021', '18/04/2021', '07/03/2021', '25/04/2021');
insert into shiptrip (shiptrip_id, mmsi, departure_location, arrival_location, loading_cargo_id, unloading_cargo_id, est_departure_date, est_arrival_date, real_departure_date, real_arrival_date) values (62883, 228339600, 20351, 10136, 45806, 82845, '22/02/2021', '24/06/2021', '02/03/2021', '20/05/2021');
insert into shiptrip (shiptrip_id, mmsi, departure_location, arrival_location, loading_cargo_id, unloading_cargo_id, est_departure_date, est_arrival_date, real_departure_date, real_arrival_date) values (95476, 212180000, 23247, 228264, 73258, 73258, '14/03/2021', '21/06/2021', '31/03/2021', '02/06/2021');
insert into shiptrip (shiptrip_id, mmsi, departure_location, arrival_location, loading_cargo_id, unloading_cargo_id, est_departure_date, est_arrival_date, real_departure_date, real_arrival_date) values (5322, 228339600, 21381, 21457, 87507, 45228, '23/03/2021', '09/06/2021', '28/03/2021', '25/04/2021');
insert into shiptrip (shiptrip_id, mmsi, departure_location, arrival_location, loading_cargo_id, unloading_cargo_id, est_departure_date, est_arrival_date, real_departure_date, real_arrival_date) values (15945, 229767000, 29239, 20351, 12366, 45806, '13/03/2021', '19/04/2021', '02/02/2021', '27/05/2021');
insert into shiptrip (shiptrip_id, mmsi, departure_location, arrival_location, loading_cargo_id, unloading_cargo_id, est_departure_date, est_arrival_date, real_departure_date, real_arrival_date) values (87776, 257881000, 29973, 21863, 78991, 2163, '25/02/2021', '12/04/2021', '19/03/2021', '03/05/2021');
insert into shiptrip (shiptrip_id, mmsi, departure_location, arrival_location, loading_cargo_id, unloading_cargo_id, est_departure_date, est_arrival_date, real_departure_date, real_arrival_date) values (27616, 258692000, 28082, 18454, 62590, 45228, '18/03/2021', '14/05/2021', '27/02/2021', '20/05/2021');
insert into shiptrip (shiptrip_id, mmsi, departure_location, arrival_location, loading_cargo_id, unloading_cargo_id, est_departure_date, est_arrival_date, real_departure_date, real_arrival_date) values (60579, 636019825, 14277, 246265, 83244, 78991, '06/03/2021', '14/06/2021', '20/02/2021', '24/06/2021');
insert into shiptrip (shiptrip_id, mmsi, departure_location, arrival_location, loading_cargo_id, unloading_cargo_id, est_departure_date, est_arrival_date, real_departure_date, real_arrival_date) values (95397, 256304000, 18200, 11180, 47409, 91736, '14/02/2021', '14/04/2021', '28/03/2021', '21/04/2021');
insert into shiptrip (shiptrip_id, mmsi, departure_location, arrival_location, loading_cargo_id, unloading_cargo_id, est_departure_date, est_arrival_date, real_departure_date, real_arrival_date) values (36230, 212351000, 10138, 29239, 16358, 19821, '02/03/2021', '21/05/2021', '11/02/2021', '19/04/2021');
insert into shiptrip (shiptrip_id, mmsi, departure_location, arrival_location, loading_cargo_id, unloading_cargo_id, est_departure_date, est_arrival_date, real_departure_date, real_arrival_date) values (43729, 256888000, 29749, 13176, 87507, 9062, '10/03/2021', '24/04/2021', '06/03/2021', '22/04/2021');
insert into shiptrip (shiptrip_id, mmsi, departure_location, arrival_location, loading_cargo_id, unloading_cargo_id, est_departure_date, est_arrival_date, real_departure_date, real_arrival_date) values (68399, 303221000, 28082, 14113, 82845, 78548, '25/03/2021', '10/04/2021', '13/02/2021', '25/04/2021');
insert into shiptrip (shiptrip_id, mmsi, departure_location, arrival_location, loading_cargo_id, unloading_cargo_id, est_departure_date, est_arrival_date, real_departure_date, real_arrival_date) values (41684, 212351000, 20847, 29749, 9062, 71971, '25/03/2021', '10/05/2021', '01/03/2021', '20/06/2021');
insert into shiptrip (shiptrip_id, mmsi, departure_location, arrival_location, loading_cargo_id, unloading_cargo_id, est_departure_date, est_arrival_date, real_departure_date, real_arrival_date) values (13590, 303221000, 16737, 21206, 89260, 53304, '28/02/2021', '25/04/2021', '28/03/2021', '17/04/2021');
insert into shiptrip (shiptrip_id, mmsi, departure_location, arrival_location, loading_cargo_id, unloading_cargo_id, est_departure_date, est_arrival_date, real_departure_date, real_arrival_date) values (27623, 212180000, 19473, 29239, 62590, 2025, '13/03/2021', '26/05/2021', '13/02/2021', '18/06/2021');
insert into shiptrip (shiptrip_id, mmsi, departure_location, arrival_location, loading_cargo_id, unloading_cargo_id, est_departure_date, est_arrival_date, real_departure_date, real_arrival_date) values (1159, 305176000, 10138, 11180, 89260, 89260, '29/03/2021', '11/06/2021', '25/03/2021', '27/06/2021');
insert into shiptrip (shiptrip_id, mmsi, departure_location, arrival_location, loading_cargo_id, unloading_cargo_id, est_departure_date, est_arrival_date, real_departure_date, real_arrival_date) values (92700, 229961000, 22226, 18200, 9062, 57546, '13/03/2021', '17/06/2021', '24/02/2021', '17/06/2021');
insert into shiptrip (shiptrip_id, mmsi, departure_location, arrival_location, loading_cargo_id, unloading_cargo_id, est_departure_date, est_arrival_date, real_departure_date, real_arrival_date) values (37671, 256888000, 29239, 10563, 73258, 71971, '23/03/2021', '01/05/2021', '27/02/2021', '11/06/2021');
insert into shiptrip (shiptrip_id, mmsi, departure_location, arrival_location, loading_cargo_id, unloading_cargo_id, est_departure_date, est_arrival_date, real_departure_date, real_arrival_date) values (41366, 636019825, 21556, 10138, 78548, 54561, '30/03/2021', '24/05/2021', '24/03/2021', '06/04/2021');
insert into shiptrip (shiptrip_id, mmsi, departure_location, arrival_location, loading_cargo_id, unloading_cargo_id, est_departure_date, est_arrival_date, real_departure_date, real_arrival_date) values (85163, 229767000, 10138, 21852, 3598, 39823, '10/02/2021', '07/05/2021', '10/02/2021', '16/06/2021');
insert into shiptrip (shiptrip_id, mmsi, departure_location, arrival_location, loading_cargo_id, unloading_cargo_id, est_departure_date, est_arrival_date, real_departure_date, real_arrival_date) values (26900, 258692000, 17386, 21852, 11031, 39823, '13/02/2021', '24/04/2021', '29/03/2021', '15/04/2021');
insert into shiptrip (shiptrip_id, mmsi, departure_location, arrival_location, loading_cargo_id, unloading_cargo_id, est_departure_date, est_arrival_date, real_departure_date, real_arrival_date) values (70578, 636019825, 20301, 27248, 12366, 723, '23/02/2021', '06/05/2021', '14/03/2021', '31/05/2021');
insert into shiptrip (shiptrip_id, mmsi, departure_location, arrival_location, loading_cargo_id, unloading_cargo_id, est_departure_date, est_arrival_date, real_departure_date, real_arrival_date) values (36207, 305373000, 10563, 24951, 71971, 54091, '13/03/2021', '30/04/2021', '01/03/2021', '24/04/2021');
insert into shiptrip (shiptrip_id, mmsi, departure_location, arrival_location, loading_cargo_id, unloading_cargo_id, est_departure_date, est_arrival_date, real_departure_date, real_arrival_date) values (46687, 258692000, 29239, 16485, 91736, 80342, '27/03/2021', '27/04/2021', '03/03/2021', '25/04/2021');
insert into shiptrip (shiptrip_id, mmsi, departure_location, arrival_location, loading_cargo_id, unloading_cargo_id, est_departure_date, est_arrival_date, real_departure_date, real_arrival_date) values (42398, 636091400, 246265, 26147, 34491, 73258, '21/03/2021', '17/04/2021', '07/02/2021', '04/05/2021');
insert into shiptrip (shiptrip_id, mmsi, departure_location, arrival_location, loading_cargo_id, unloading_cargo_id, est_departure_date, est_arrival_date, real_departure_date, real_arrival_date) values (9612, 303267000, 16485, 16737, 30009, 34893, '14/03/2021', '20/06/2021', '29/03/2021', '14/04/2021');
insert into shiptrip (shiptrip_id, mmsi, departure_location, arrival_location, loading_cargo_id, unloading_cargo_id, est_departure_date, est_arrival_date, real_departure_date, real_arrival_date) values (78430, 249047000, 27248, 25350, 80342, 54561, '15/02/2021', '05/06/2021', '07/03/2021', '23/05/2021');
insert into shiptrip (shiptrip_id, mmsi, departure_location, arrival_location, loading_cargo_id, unloading_cargo_id, est_departure_date, est_arrival_date, real_departure_date, real_arrival_date) values (37862, 636092932, 25350, 27728, 45228, 3598, '08/02/2021', '15/06/2021', '13/02/2021', '21/06/2021');
insert into shiptrip (shiptrip_id, mmsi, departure_location, arrival_location, loading_cargo_id, unloading_cargo_id, est_departure_date, est_arrival_date, real_departure_date, real_arrival_date) values (90619, 636091400, 20847, 10563, 57650, 30009, '09/02/2021', '18/06/2021', '28/02/2021', '08/04/2021');
insert into shiptrip (shiptrip_id, mmsi, departure_location, arrival_location, loading_cargo_id, unloading_cargo_id, est_departure_date, est_arrival_date, real_departure_date, real_arrival_date) values (13600, 303267000, 18137, 21451, 73258, 62698, '04/02/2021', '25/06/2021', '23/03/2021', '31/05/2021');
insert into shiptrip (shiptrip_id, mmsi, departure_location, arrival_location, loading_cargo_id, unloading_cargo_id, est_departure_date, est_arrival_date, real_departure_date, real_arrival_date) values (32347, 212351000, 18433, 18012, 80342, 37588, '08/03/2021', '15/05/2021', '29/03/2021', '23/06/2021');
insert into shiptrip (shiptrip_id, mmsi, departure_location, arrival_location, loading_cargo_id, unloading_cargo_id, est_departure_date, est_arrival_date, real_departure_date, real_arrival_date) values (76884, 305373000, 14470, 18433, 3598, 89260, '05/02/2021', '25/06/2021', '11/03/2021', '09/04/2021');
insert into shiptrip (shiptrip_id, mmsi, departure_location, arrival_location, loading_cargo_id, unloading_cargo_id, est_departure_date, est_arrival_date, real_departure_date, real_arrival_date) values (13689, 258692000, 21451, 228264, 67603, 66729, '03/02/2021', '28/04/2021', '07/03/2021', '24/04/2021');
insert into shiptrip (shiptrip_id, mmsi, departure_location, arrival_location, loading_cargo_id, unloading_cargo_id, est_departure_date, est_arrival_date, real_departure_date, real_arrival_date) values (20015, 257881000, 18137, 29876, 9062, 53304, '15/02/2021', '04/05/2021', '24/02/2021', '28/05/2021');
insert into shiptrip (shiptrip_id, mmsi, departure_location, arrival_location, loading_cargo_id, unloading_cargo_id, est_departure_date, est_arrival_date, real_departure_date, real_arrival_date) values (20945, 636019825, 28261, 29002, 77328, 71971, '26/02/2021', '21/05/2021', '04/03/2021', '16/06/2021');
insert into shiptrip (shiptrip_id, mmsi, departure_location, arrival_location, loading_cargo_id, unloading_cargo_id, est_departure_date, est_arrival_date, real_departure_date, real_arrival_date) values (33875, 305373000, 21863, 246265, 45806, 37588, '18/02/2021', '02/04/2021', '18/03/2021', '29/05/2021');
insert into shiptrip (shiptrip_id, mmsi, departure_location, arrival_location, loading_cargo_id, unloading_cargo_id, est_departure_date, est_arrival_date, real_departure_date, real_arrival_date) values (13993, 212180000, 11180, 28261, 66729, 45806, '14/02/2021', '22/06/2021', '18/02/2021', '03/06/2021');
insert into shiptrip (shiptrip_id, mmsi, departure_location, arrival_location, loading_cargo_id, unloading_cargo_id, est_departure_date, est_arrival_date, real_departure_date, real_arrival_date) values (73685, 258692000, 14470, 23428, 59447, 62698, '10/02/2021', '18/06/2021', '02/02/2021', '05/04/2021');
insert into shiptrip (shiptrip_id, mmsi, departure_location, arrival_location, loading_cargo_id, unloading_cargo_id, est_departure_date, est_arrival_date, real_departure_date, real_arrival_date) values (4622, 229961000, 15107, 14277, 93962, 54561, '02/03/2021', '16/05/2021', '16/02/2021', '25/05/2021');
insert into shiptrip (shiptrip_id, mmsi, departure_location, arrival_location, loading_cargo_id, unloading_cargo_id, est_departure_date, est_arrival_date, real_departure_date, real_arrival_date) values (5039, 235092459, 28261, 10136, 73258, 62590, '27/02/2021', '13/04/2021', '21/03/2021', '14/05/2021');
insert into shiptrip (shiptrip_id, mmsi, departure_location, arrival_location, loading_cargo_id, unloading_cargo_id, est_departure_date, est_arrival_date, real_departure_date, real_arrival_date) values (50905, 229767000, 25007, 22770, 85242, 25442, '01/02/2021', '08/05/2021', '13/03/2021', '03/06/2021');
insert into shiptrip (shiptrip_id, mmsi, departure_location, arrival_location, loading_cargo_id, unloading_cargo_id, est_departure_date, est_arrival_date, real_departure_date, real_arrival_date) values (89039, 249047000, 27248, 14470, 16358, 11031, '03/02/2021', '11/05/2021', '14/03/2021', '13/06/2021');
insert into shiptrip (shiptrip_id, mmsi, departure_location, arrival_location, loading_cargo_id, unloading_cargo_id, est_departure_date, est_arrival_date, real_departure_date, real_arrival_date) values (99629, 636091400, 21206, 23428, 52328, 64229, '02/02/2021', '22/05/2021', '04/03/2021', '30/04/2021');
insert into shiptrip (shiptrip_id, mmsi, departure_location, arrival_location, loading_cargo_id, unloading_cargo_id, est_departure_date, est_arrival_date, real_departure_date, real_arrival_date) values (48190, 212180000, 20351, 18326, 9062, 54561, '22/03/2021', '09/05/2021', '19/03/2021', '16/05/2021');
insert into shiptrip (shiptrip_id, mmsi, departure_location, arrival_location, loading_cargo_id, unloading_cargo_id, est_departure_date, est_arrival_date, real_departure_date, real_arrival_date) values (11922, 210950000, 20512, 28082, 34491, 54561, '08/02/2021', '12/05/2021', '02/03/2021', '24/05/2021');
insert into shiptrip (shiptrip_id, mmsi, departure_location, arrival_location, loading_cargo_id, unloading_cargo_id, est_departure_date, est_arrival_date, real_departure_date, real_arrival_date) values (18735, 229961000, 19473, 14635, 30009, 45228, '25/02/2021', '05/06/2021', '07/02/2021', '13/06/2021');
insert into shiptrip (shiptrip_id, mmsi, departure_location, arrival_location, loading_cargo_id, unloading_cargo_id, est_departure_date, est_arrival_date, real_departure_date, real_arrival_date) values (81775, 636092932, 20826, 22226, 87507, 52328, '01/03/2021', '13/06/2021', '25/02/2021', '02/06/2021');
insert into shiptrip (shiptrip_id, mmsi, departure_location, arrival_location, loading_cargo_id, unloading_cargo_id, est_departure_date, est_arrival_date, real_departure_date, real_arrival_date) values (81341, 212351000, 224858, 16485, 19821, 723, '06/02/2021', '18/06/2021', '26/02/2021', '08/05/2021');
insert into shiptrip (shiptrip_id, mmsi, departure_location, arrival_location, loading_cargo_id, unloading_cargo_id, est_departure_date, est_arrival_date, real_departure_date, real_arrival_date) values (53938, 305176000, 10136, 228264, 85242, 723, '08/02/2021', '28/06/2021', '02/02/2021', '02/05/2021');
insert into shiptrip (shiptrip_id, mmsi, departure_location, arrival_location, loading_cargo_id, unloading_cargo_id, est_departure_date, est_arrival_date, real_departure_date, real_arrival_date) values (58249, 305176000, 20301, 16737, 77328, 39823, '17/02/2021', '13/04/2021', '27/03/2021', '25/06/2021');
insert into shiptrip (shiptrip_id, mmsi, departure_location, arrival_location, loading_cargo_id, unloading_cargo_id, est_departure_date, est_arrival_date, real_departure_date, real_arrival_date) values (13910, 249047000, 23428, 28082, 37588, 83244, '17/02/2021', '29/05/2021', '06/02/2021', '15/06/2021');
insert into shiptrip (shiptrip_id, mmsi, departure_location, arrival_location, loading_cargo_id, unloading_cargo_id, est_departure_date, est_arrival_date, real_departure_date, real_arrival_date) values (81346, 249047000, 224858, 216592, 39823, 57546, '03/03/2021', '14/06/2021', '05/02/2021', '10/04/2021');
insert into shiptrip (shiptrip_id, mmsi, departure_location, arrival_location, loading_cargo_id, unloading_cargo_id, est_departure_date, est_arrival_date, real_departure_date, real_arrival_date) values (27123, 235092459, 13012, 20512, 39823, 11031, '22/03/2021', '17/06/2021', '31/03/2021', '12/04/2021');
insert into shiptrip (shiptrip_id, mmsi, departure_location, arrival_location, loading_cargo_id, unloading_cargo_id, est_departure_date, est_arrival_date, real_departure_date, real_arrival_date) values (15408, 303221000, 20826, 27248, 12366, 59447, '15/02/2021', '23/05/2021', '28/03/2021', '27/05/2021');
insert into shiptrip (shiptrip_id, mmsi, departure_location, arrival_location, loading_cargo_id, unloading_cargo_id, est_departure_date, est_arrival_date, real_departure_date, real_arrival_date) values (3248, 258692000, 21457, 12543, 78548, 86476, '19/03/2021', '20/05/2021', '19/02/2021', '24/04/2021');
insert into shiptrip (shiptrip_id, mmsi, departure_location, arrival_location, loading_cargo_id, unloading_cargo_id, est_departure_date, est_arrival_date, real_departure_date, real_arrival_date) values (29507, 636091400, 17386, 28261, 53304, 48193, '13/02/2021', '22/05/2021', '15/02/2021', '27/05/2021');
insert into shiptrip (shiptrip_id, mmsi, departure_location, arrival_location, loading_cargo_id, unloading_cargo_id, est_departure_date, est_arrival_date, real_departure_date, real_arrival_date) values (48103, 258692000, 21206, 21206, 54091, 45228, '07/02/2021', '30/06/2021', '26/02/2021', '10/04/2021');
insert into shiptrip (shiptrip_id, mmsi, departure_location, arrival_location, loading_cargo_id, unloading_cargo_id, est_departure_date, est_arrival_date, real_departure_date, real_arrival_date) values (2791, 636091400, 16737, 28781, 78991, 77328, '07/03/2021', '13/04/2021', '05/02/2021', '15/06/2021');
insert into shiptrip (shiptrip_id, mmsi, departure_location, arrival_location, loading_cargo_id, unloading_cargo_id, est_departure_date, est_arrival_date, real_departure_date, real_arrival_date) values (89828, 228339600, 224858, 18433, 34893, 80342, '17/03/2021', '09/05/2021', '27/02/2021', '06/04/2021');
insert into shiptrip (shiptrip_id, mmsi, departure_location, arrival_location, loading_cargo_id, unloading_cargo_id, est_departure_date, est_arrival_date, real_departure_date, real_arrival_date) values (57531, 305373000, 10860, 20512, 62590, 9062, '24/03/2021', '12/05/2021', '25/02/2021', '05/04/2021');
insert into shiptrip (shiptrip_id, mmsi, departure_location, arrival_location, loading_cargo_id, unloading_cargo_id, est_departure_date, est_arrival_date, real_departure_date, real_arrival_date) values (87639, 249047000, 14459, 11771, 45806, 57650, '16/02/2021', '13/04/2021', '23/02/2021', '30/05/2021');
insert into shiptrip (shiptrip_id, mmsi, departure_location, arrival_location, loading_cargo_id, unloading_cargo_id, est_departure_date, est_arrival_date, real_departure_date, real_arrival_date) values (34603, 636019825, 21381, 11174, 64229, 71971, '22/03/2021', '22/06/2021', '16/03/2021', '20/05/2021');
insert into shiptrip (shiptrip_id, mmsi, departure_location, arrival_location, loading_cargo_id, unloading_cargo_id, est_departure_date, est_arrival_date, real_departure_date, real_arrival_date) values (53004, 303221000, 23428, 24795, 48193, 64912, '06/03/2021', '20/04/2021', '08/02/2021', '05/06/2021');
insert into shiptrip (shiptrip_id, mmsi, departure_location, arrival_location, loading_cargo_id, unloading_cargo_id, est_departure_date, est_arrival_date, real_departure_date, real_arrival_date) values (84994, 249047000, 29876, 22522, 62590, 3598, '26/02/2021', '27/05/2021', '03/02/2021', '14/04/2021');
insert into shiptrip (shiptrip_id, mmsi, departure_location, arrival_location, loading_cargo_id, unloading_cargo_id, est_departure_date, est_arrival_date, real_departure_date, real_arrival_date) values (2863, 257881000, 19473, 11174, 2163, 16358, '15/02/2021', '26/05/2021', '09/03/2021', '19/05/2021');
insert into shiptrip (shiptrip_id, mmsi, departure_location, arrival_location, loading_cargo_id, unloading_cargo_id, est_departure_date, est_arrival_date, real_departure_date, real_arrival_date) values (87104, 305373000, 26147, 20512, 71971, 62698, '17/03/2021', '31/05/2021', '09/02/2021', '06/06/2021');
insert into shiptrip (shiptrip_id, mmsi, departure_location, arrival_location, loading_cargo_id, unloading_cargo_id, est_departure_date, est_arrival_date, real_departure_date, real_arrival_date) values (78351, 210950000, 29973, 26670, 73258, 45228, '21/03/2021', '29/04/2021', '03/02/2021', '16/06/2021');
insert into shiptrip (shiptrip_id, mmsi, departure_location, arrival_location, loading_cargo_id, unloading_cargo_id, est_departure_date, est_arrival_date, real_departure_date, real_arrival_date) values (97101, 212351000, 13012, 20847, 87507, 39823, '20/03/2021', '03/05/2021', '17/02/2021', '15/06/2021');
insert into shiptrip (shiptrip_id, mmsi, departure_location, arrival_location, loading_cargo_id, unloading_cargo_id, est_departure_date, est_arrival_date, real_departure_date, real_arrival_date) values (94394, 256888000, 27728, 29876, 16358, 82845, '19/03/2021', '11/06/2021', '25/03/2021', '11/06/2021');
insert into shiptrip (shiptrip_id, mmsi, departure_location, arrival_location, loading_cargo_id, unloading_cargo_id, est_departure_date, est_arrival_date, real_departure_date, real_arrival_date) values (81475, 258692000, 27728, 21206, 2025, 45228, '09/03/2021', '23/04/2021', '20/02/2021', '15/05/2021');
insert into shiptrip (shiptrip_id, mmsi, departure_location, arrival_location, loading_cargo_id, unloading_cargo_id, est_departure_date, est_arrival_date, real_departure_date, real_arrival_date) values (92725, 256888000, 26147, 17386, 2025, 89260, '06/02/2021', '22/04/2021', '27/02/2021', '14/05/2021');
insert into shiptrip (shiptrip_id, mmsi, departure_location, arrival_location, loading_cargo_id, unloading_cargo_id, est_departure_date, est_arrival_date, real_departure_date, real_arrival_date) values (14089, 636092932, 228264, 26147, 69477, 93962, '22/03/2021', '09/05/2021', '18/03/2021', '20/06/2021');
insert into shiptrip (shiptrip_id, mmsi, departure_location, arrival_location, loading_cargo_id, unloading_cargo_id, est_departure_date, est_arrival_date, real_departure_date, real_arrival_date) values (46943, 636091400, 14635, 20072, 86476, 25442, '24/02/2021', '16/04/2021', '28/02/2021', '25/06/2021');
insert into shiptrip (shiptrip_id, mmsi, departure_location, arrival_location, loading_cargo_id, unloading_cargo_id, est_departure_date, est_arrival_date, real_departure_date, real_arrival_date) values (56638, 229767000, 213737, 18867, 69477, 2025, '18/03/2021', '10/05/2021', '01/02/2021', '26/06/2021');
insert into shiptrip (shiptrip_id, mmsi, departure_location, arrival_location, loading_cargo_id, unloading_cargo_id, est_departure_date, est_arrival_date, real_departure_date, real_arrival_date) values (67131, 212351000, 13012, 11771, 39823, 45806, '11/02/2021', '30/06/2021', '11/03/2021', '17/06/2021');
insert into shiptrip (shiptrip_id, mmsi, departure_location, arrival_location, loading_cargo_id, unloading_cargo_id, est_departure_date, est_arrival_date, real_departure_date, real_arrival_date) values (86462, 258692000, 21852, 20512, 16358, 54091, '06/03/2021', '16/05/2021', '25/02/2021', '23/04/2021');
insert into shiptrip (shiptrip_id, mmsi, departure_location, arrival_location, loading_cargo_id, unloading_cargo_id, est_departure_date, est_arrival_date, real_departure_date, real_arrival_date) values (72026, 258692000, 20826, 20512, 12366, 54091, '16/02/2021', '15/06/2021', '05/03/2021', '12/05/2021');
insert into shiptrip (shiptrip_id, mmsi, departure_location, arrival_location, loading_cargo_id, unloading_cargo_id, est_departure_date, est_arrival_date, real_departure_date, real_arrival_date) values (37293, 212180000, 12543, 16485, 96922, 57650, '03/02/2021', '02/04/2021', '22/03/2021', '15/05/2021');
insert into shiptrip (shiptrip_id, mmsi, departure_location, arrival_location, loading_cargo_id, unloading_cargo_id, est_departure_date, est_arrival_date, real_departure_date, real_arrival_date) values (63980, 256888000, 18867, 18867, 77328, 62698, '11/02/2021', '29/05/2021', '22/02/2021', '06/04/2021');
insert into shiptrip (shiptrip_id, mmsi, departure_location, arrival_location, loading_cargo_id, unloading_cargo_id, est_departure_date, est_arrival_date, real_departure_date, real_arrival_date) values (46319, 229767000, 20847, 22226, 62590, 25442, '16/03/2021', '05/05/2021', '14/02/2021', '23/04/2021');
insert into shiptrip (shiptrip_id, mmsi, departure_location, arrival_location, loading_cargo_id, unloading_cargo_id, est_departure_date, est_arrival_date, real_departure_date, real_arrival_date) values (16455, 257881000, 29973, 19473, 12366, 82845, '25/02/2021', '15/05/2021', '14/03/2021', '06/06/2021');
insert into shiptrip (shiptrip_id, mmsi, departure_location, arrival_location, loading_cargo_id, unloading_cargo_id, est_departure_date, est_arrival_date, real_departure_date, real_arrival_date) values (62631, 303267000, 21206, 216592, 47409, 34893, '05/02/2021', '10/04/2021', '24/03/2021', '02/05/2021');
insert into shiptrip (shiptrip_id, mmsi, departure_location, arrival_location, loading_cargo_id, unloading_cargo_id, est_departure_date, est_arrival_date, real_departure_date, real_arrival_date) values (89077, 256888000, 14113, 20301, 19821, 16358, '21/03/2021', '06/04/2021', '02/02/2021', '10/05/2021');
insert into shiptrip (shiptrip_id, mmsi, departure_location, arrival_location, loading_cargo_id, unloading_cargo_id, est_departure_date, est_arrival_date, real_departure_date, real_arrival_date) values (74923, 258692000, 11771, 21852, 83244, 16358, '05/02/2021', '25/04/2021', '24/03/2021', '18/04/2021');
insert into shiptrip (shiptrip_id, mmsi, departure_location, arrival_location, loading_cargo_id, unloading_cargo_id, est_departure_date, est_arrival_date, real_departure_date, real_arrival_date) values (57602, 258692000, 17941, 10563, 62590, 54561, '18/02/2021', '09/06/2021', '04/03/2021', '12/05/2021');
insert into shiptrip (shiptrip_id, mmsi, departure_location, arrival_location, loading_cargo_id, unloading_cargo_id, est_departure_date, est_arrival_date, real_departure_date, real_arrival_date) values (46179, 258692000, 25350, 18200, 16358, 79225, '10/03/2021', '08/04/2021', '25/03/2021', '08/04/2021');
insert into shiptrip (shiptrip_id, mmsi, departure_location, arrival_location, loading_cargo_id, unloading_cargo_id, est_departure_date, est_arrival_date, real_departure_date, real_arrival_date) values (81259, 256888000, 22770, 10358, 34893, 73258, '13/03/2021', '19/05/2021', '13/03/2021', '29/04/2021');
insert into shiptrip (shiptrip_id, mmsi, departure_location, arrival_location, loading_cargo_id, unloading_cargo_id, est_departure_date, est_arrival_date, real_departure_date, real_arrival_date) values (81259, 256888000, 22770, 10358, 34893, 73258, '13/04/2021', '19/05/2021', '13/03/2021', '29/04/2021');
insert into shiptrip (shiptrip_id, mmsi, departure_location, arrival_location, loading_cargo_id, unloading_cargo_id, est_departure_date, est_arrival_date, real_departure_date, real_arrival_date) values (81239, 256888000, 22770, 10358, 34893, 73258, '23/04/2021', '19/05/2021', '13/03/2021', '01/04/2021');

insert into shiptrip (shiptrip_id, mmsi, departure_location, arrival_location, loading_cargo_id, unloading_cargo_id, est_departure_date, est_arrival_date, real_departure_date, real_arrival_date) values (57601, 636092932, 17941, 10563, 62590, 54561, '16/05/2021', '09/06/2021', '04/03/2021', '12/05/2021');
insert into shiptrip (shiptrip_id, mmsi, departure_location, arrival_location, loading_cargo_id, unloading_cargo_id, est_departure_date, est_arrival_date, real_departure_date, real_arrival_date) values (57621, 636092932, 17941, 10563, 62590, 54561, '04/01/2022', '24/01/2022', null, null);
insert into shiptrip (shiptrip_id, mmsi, departure_location, arrival_location, loading_cargo_id, unloading_cargo_id, est_departure_date, est_arrival_date, real_departure_date, real_arrival_date) values (41171, 258692000, 25350, 18200, 16358, 79225, '10/03/2021', '08/04/2021', '25/03/2021', '08/04/2021');
insert into shiptrip (shiptrip_id, mmsi, departure_location, arrival_location, loading_cargo_id, unloading_cargo_id, est_departure_date, est_arrival_date, real_departure_date, real_arrival_date) values (46171, 258692000, 25350, 18200, 16358, 79225, '08/01/2022', '24/01/2022', null, null);
insert into shiptrip (shiptrip_id, mmsi, departure_location, arrival_location, loading_cargo_id, unloading_cargo_id, est_departure_date, est_arrival_date, real_departure_date, real_arrival_date) values (81251, 256888000, 22770, 10358, 34893, 73258, '13/03/2021', '19/05/2021', '13/03/2021', null);
insert into shiptrip (shiptrip_id, mmsi, departure_location, arrival_location, loading_cargo_id, unloading_cargo_id, est_departure_date, est_arrival_date, real_departure_date, real_arrival_date) values (80251, 256888000, 22770, 10358, 34893, 73258, '29/01/2022', '24/02/2022', null, null);
insert into shiptrip (shiptrip_id, mmsi, departure_location, arrival_location, loading_cargo_id, unloading_cargo_id, est_departure_date, est_arrival_date, real_departure_date, real_arrival_date) values (81254, 229767000, 22770, 10358, 34893, 73258, '13/04/2021', '19/05/2021', '13/03/2021', '29/04/2021');
insert into shiptrip (shiptrip_id, mmsi, departure_location, arrival_location, loading_cargo_id, unloading_cargo_id, est_departure_date, est_arrival_date, real_departure_date, real_arrival_date) values (81232, 212180000, 22770, 10358, 34893, 73258, '23/04/2021', '19/05/2021', '13/03/2021', '01/04/2021');


--200 shiptrips inserted

insert into shipment (container_id, shiptrip_id) values (9803333, 47538);
insert into shipment (container_id, shiptrip_id) values (1386341, 98872);
insert into shipment (container_id, shiptrip_id) values (531766, 62883);
insert into shipment (container_id, shiptrip_id) values (3086183, 57052);
insert into shipment (container_id, shiptrip_id) values (8335151, 59324);
insert into shipment (container_id, shiptrip_id) values (9333060, 97101);
insert into shipment (container_id, shiptrip_id) values (2973602, 86462);
insert into shipment (container_id, shiptrip_id) values (6075721, 94394);
insert into shipment (container_id, shiptrip_id) values (8519913, 36929);
insert into shipment (container_id, shiptrip_id) values (8864057, 15408);
insert into shipment (container_id, shiptrip_id) values (6479280, 13631);
insert into shipment (container_id, shiptrip_id) values (3951071, 12246);
insert into shipment (container_id, shiptrip_id) values (5210890, 99629);
insert into shipment (container_id, shiptrip_id) values (6879109, 29507);
insert into shipment (container_id, shiptrip_id) values (5035824, 9474);
insert into shipment (container_id, shiptrip_id) values (1524166, 75733);
insert into shipment (container_id, shiptrip_id) values (9659312, 68626);
insert into shipment (container_id, shiptrip_id) values (4300882, 86152);
insert into shipment (container_id, shiptrip_id) values (1857493, 74590);
insert into shipment (container_id, shiptrip_id) values (4504662, 99784);
insert into shipment (container_id, shiptrip_id) values (4216799, 68399);
insert into shipment (container_id, shiptrip_id) values (6657019, 87104);
insert into shipment (container_id, shiptrip_id) values (5248256, 99784);
insert into shipment (container_id, shiptrip_id) values (7964863, 31374);
insert into shipment (container_id, shiptrip_id) values (9279781, 77575);
insert into shipment (container_id, shiptrip_id) values (9419579, 16395);
insert into shipment (container_id, shiptrip_id) values (7214991, 81341);
insert into shipment (container_id, shiptrip_id) values (2575956, 59732);
insert into shipment (container_id, shiptrip_id) values (2348350, 13689);
insert into shipment (container_id, shiptrip_id) values (8512993, 84994);
insert into shipment (container_id, shiptrip_id) values (9292064, 36929);
insert into shipment (container_id, shiptrip_id) values (9427410, 48427);
insert into shipment (container_id, shiptrip_id) values (7863279, 71434);
insert into shipment (container_id, shiptrip_id) values (1772644, 70007);
insert into shipment (container_id, shiptrip_id) values (682790, 15945);
insert into shipment (container_id, shiptrip_id) values (9554295, 87639);
insert into shipment (container_id, shiptrip_id) values (9883497, 14734);
insert into shipment (container_id, shiptrip_id) values (505155, 53526);
insert into shipment (container_id, shiptrip_id) values (209885, 47538);
insert into shipment (container_id, shiptrip_id) values (4853420, 92700);
insert into shipment (container_id, shiptrip_id) values (9868404, 54452);
insert into shipment (container_id, shiptrip_id) values (10933, 27623);
insert into shipment (container_id, shiptrip_id) values (9761539, 29730);
insert into shipment (container_id, shiptrip_id) values (2019607, 29507);
insert into shipment (container_id, shiptrip_id) values (2983468, 81259);
insert into shipment (container_id, shiptrip_id) values (7065594, 16455);
insert into shipment (container_id, shiptrip_id) values (9578352, 78351);
insert into shipment (container_id, shiptrip_id) values (3422706, 84683);
insert into shipment (container_id, shiptrip_id) values (4390453, 26900);
insert into shipment (container_id, shiptrip_id) values (3221270, 6843);
insert into shipment (container_id, shiptrip_id) values (8234084, 82933);
insert into shipment (container_id, shiptrip_id) values (7978977, 16347);
insert into shipment (container_id, shiptrip_id) values (307890, 3248);
insert into shipment (container_id, shiptrip_id) values (2061543, 98778);
insert into shipment (container_id, shiptrip_id) values (3904478, 56778);
insert into shipment (container_id, shiptrip_id) values (722415, 29440);
insert into shipment (container_id, shiptrip_id) values (1065235, 53004);
insert into shipment (container_id, shiptrip_id) values (1866154, 47538);
insert into shipment (container_id, shiptrip_id) values (708747, 9612);
insert into shipment (container_id, shiptrip_id) values (9666660, 5039);
insert into shipment (container_id, shiptrip_id) values (6122391, 92725);
insert into shipment (container_id, shiptrip_id) values (3908753, 29507);
insert into shipment (container_id, shiptrip_id) values (9326301, 29440);
insert into shipment (container_id, shiptrip_id) values (1354371, 78430);
insert into shipment (container_id, shiptrip_id) values (4953629, 5322);
insert into shipment (container_id, shiptrip_id) values (4871217, 29507);
insert into shipment (container_id, shiptrip_id) values (3705156, 55009);
insert into shipment (container_id, shiptrip_id) values (3761220, 1334);
insert into shipment (container_id, shiptrip_id) values (3633640, 34710);
insert into shipment (container_id, shiptrip_id) values (6049696, 99629);
insert into shipment (container_id, shiptrip_id) values (7977522, 98507);
insert into shipment (container_id, shiptrip_id) values (7800813, 56510);
insert into shipment (container_id, shiptrip_id) values (282200, 27623);
insert into shipment (container_id, shiptrip_id) values (6030852, 3133);
insert into shipment (container_id, shiptrip_id) values (4578305, 6843);
insert into shipment (container_id, shiptrip_id) values (3292360, 23255);
insert into shipment (container_id, shiptrip_id) values (7927862, 70578);
insert into shipment (container_id, shiptrip_id) values (2954426, 74590);
insert into shipment (container_id, shiptrip_id) values (4692520, 20458);
insert into shipment (container_id, shiptrip_id) values (4825735, 7282);
insert into shipment (container_id, shiptrip_id) values (2617744, 57602);
insert into shipment (container_id, shiptrip_id) values (8674855, 14734);
insert into shipment (container_id, shiptrip_id) values (7014398, 54675);
insert into shipment (container_id, shiptrip_id) values (1360235, 89077);
insert into shipment (container_id, shiptrip_id) values (4309735, 23183);
insert into shipment (container_id, shiptrip_id) values (4868136, 34710);
insert into shipment (container_id, shiptrip_id) values (4467720, 11922);
insert into shipment (container_id, shiptrip_id) values (4101616, 18735);
insert into shipment (container_id, shiptrip_id) values (7827555, 88427);
insert into shipment (container_id, shiptrip_id) values (9010621, 56510);
insert into shipment (container_id, shiptrip_id) values (9275571, 59448);
insert into shipment (container_id, shiptrip_id) values (2343659, 74923);
insert into shipment (container_id, shiptrip_id) values (1720027, 18507);
insert into shipment (container_id, shiptrip_id) values (8019448, 59732);
insert into shipment (container_id, shiptrip_id) values (9551907, 36230);
insert into shipment (container_id, shiptrip_id) values (7584299, 37293);
insert into shipment (container_id, shiptrip_id) values (6586081, 92725);
insert into shipment (container_id, shiptrip_id) values (4903273, 48103);
insert into shipment (container_id, shiptrip_id) values (1747858, 95954);
insert into shipment (container_id, shiptrip_id) values (8794102, 69482);
insert into shipment (container_id, shiptrip_id) values (8054992, 89964);
insert into shipment (container_id, shiptrip_id) values (598775, 87639);
insert into shipment (container_id, shiptrip_id) values (2501672, 13590);
insert into shipment (container_id, shiptrip_id) values (3785436, 27616);
insert into shipment (container_id, shiptrip_id) values (2059763, 20015);
insert into shipment (container_id, shiptrip_id) values (3848567, 88427);
insert into shipment (container_id, shiptrip_id) values (8561580, 89828);
insert into shipment (container_id, shiptrip_id) values (628900, 7326);
insert into shipment (container_id, shiptrip_id) values (140768, 30640);
insert into shipment (container_id, shiptrip_id) values (8288132, 89586);
insert into shipment (container_id, shiptrip_id) values (739179, 98427);
insert into shipment (container_id, shiptrip_id) values (2469210, 1792);
insert into shipment (container_id, shiptrip_id) values (7248906, 46943);
insert into shipment (container_id, shiptrip_id) values (3476951, 70578);
insert into shipment (container_id, shiptrip_id) values (4707570, 3248);
insert into shipment (container_id, shiptrip_id) values (2333562, 74072);
insert into shipment (container_id, shiptrip_id) values (3760110, 29045);
insert into shipment (container_id, shiptrip_id) values (915050, 63980);
insert into shipment (container_id, shiptrip_id) values (5465471, 27623);
insert into shipment (container_id, shiptrip_id) values (5510727, 2863);
insert into shipment (container_id, shiptrip_id) values (1053408, 68138);
insert into shipment (container_id, shiptrip_id) values (269705, 37671);
insert into shipment (container_id, shiptrip_id) values (7701223, 42398);
insert into shipment (container_id, shiptrip_id) values (2721157, 46179);
insert into shipment (container_id, shiptrip_id) values (2701262, 42648);
insert into shipment (container_id, shiptrip_id) values (2183409, 89077);
insert into shipment (container_id, shiptrip_id) values (8364967, 20015);
insert into shipment (container_id, shiptrip_id) values (9213039, 86152);
insert into shipment (container_id, shiptrip_id) values (4644478, 62631);
insert into shipment (container_id, shiptrip_id) values (7960424, 91586);
insert into shipment (container_id, shiptrip_id) values (110541, 62883);
insert into shipment (container_id, shiptrip_id) values (2449204, 56638);
insert into shipment (container_id, shiptrip_id) values (9518347, 6999);
insert into shipment (container_id, shiptrip_id) values (3213128, 52877);
insert into shipment (container_id, shiptrip_id) values (4687970, 59732);
insert into shipment (container_id, shiptrip_id) values (7684257, 6999);
insert into shipment (container_id, shiptrip_id) values (4166453, 60579);
insert into shipment (container_id, shiptrip_id) values (2814058, 53526);
insert into shipment (container_id, shiptrip_id) values (2693992, 63798);
insert into shipment (container_id, shiptrip_id) values (5734111, 41177);
insert into shipment (container_id, shiptrip_id) values (9070585, 34710);
insert into shipment (container_id, shiptrip_id) values (721797, 78430);
insert into shipment (container_id, shiptrip_id) values (7020916, 65759);
insert into shipment (container_id, shiptrip_id) values (1935697, 63980);
insert into shipment (container_id, shiptrip_id) values (5708813, 62883);
insert into shipment (container_id, shiptrip_id) values (8542533, 30640);
insert into shipment (container_id, shiptrip_id) values (1858468, 59324);
insert into shipment (container_id, shiptrip_id) values (8561707, 5322);
insert into shipment (container_id, shiptrip_id) values (2262730, 4622);
insert into shipment (container_id, shiptrip_id) values (7609909, 85922);
insert into shipment (container_id, shiptrip_id) values (3509579, 13590);
insert into shipment (container_id, shiptrip_id) values (7189955, 95954);
insert into shipment (container_id, shiptrip_id) values (5138381, 55237);
insert into shipment (container_id, shiptrip_id) values (7788724, 95119);
insert into shipment (container_id, shiptrip_id) values (2355235, 99629);
insert into shipment (container_id, shiptrip_id) values (9113177, 25803);
insert into shipment (container_id, shiptrip_id) values (9834739, 13398);
insert into shipment (container_id, shiptrip_id) values (3196942, 80020);
insert into shipment (container_id, shiptrip_id) values (8145745, 14089);
insert into shipment (container_id, shiptrip_id) values (2882607, 97997);
insert into shipment (container_id, shiptrip_id) values (8419671, 22209);
insert into shipment (container_id, shiptrip_id) values (6766832, 36929);
insert into shipment (container_id, shiptrip_id) values (7329290, 47433);
insert into shipment (container_id, shiptrip_id) values (4615675, 81346);
insert into shipment (container_id, shiptrip_id) values (4661451, 84901);
insert into shipment (container_id, shiptrip_id) values (6069919, 95397);
insert into shipment (container_id, shiptrip_id) values (4810054, 81259);
insert into shipment (container_id, shiptrip_id) values (5982865, 29960);
insert into shipment (container_id, shiptrip_id) values (9845504, 13993);
insert into shipment (container_id, shiptrip_id) values (5789700, 53004);
insert into shipment (container_id, shiptrip_id) values (6451050, 72026);
insert into shipment (container_id, shiptrip_id) values (9752298, 63980);
insert into shipment (container_id, shiptrip_id) values (9977728, 10710);
insert into shipment (container_id, shiptrip_id) values (5683858, 76884);
insert into shipment (container_id, shiptrip_id) values (2322868, 82933);
insert into shipment (container_id, shiptrip_id) values (122488, 35642);
insert into shipment (container_id, shiptrip_id) values (8928241, 12246);
insert into shipment (container_id, shiptrip_id) values (4774533, 48103);
insert into shipment (container_id, shiptrip_id) values (6589883, 80020);
insert into shipment (container_id, shiptrip_id) values (8059722, 46943);
insert into shipment (container_id, shiptrip_id) values (7778636, 47538);
insert into shipment (container_id, shiptrip_id) values (8763855, 84683);
insert into shipment (container_id, shiptrip_id) values (3587136, 60579);
insert into shipment (container_id, shiptrip_id) values (6409960, 14089);
insert into shipment (container_id, shiptrip_id) values (9874086, 64050);
insert into shipment (container_id, shiptrip_id) values (5019213, 23384);
insert into shipment (container_id, shiptrip_id) values (3760501, 75733);
insert into shipment (container_id, shiptrip_id) values (4142370, 4622);
insert into shipment (container_id, shiptrip_id) values (9280628, 99648);
insert into shipment (container_id, shiptrip_id) values (6558839, 42648);
insert into shipment (container_id, shiptrip_id) values (4993946, 81775);
insert into shipment (container_id, shiptrip_id) values (133065, 60579);
insert into shipment (container_id, shiptrip_id) values (3753096, 62631);
insert into shipment (container_id, shiptrip_id) values (790684, 41684);
insert into shipment (container_id, shiptrip_id) values (8574023, 68626);
insert into shipment (container_id, shiptrip_id) values (4162565, 18735);
insert into shipment (container_id, shiptrip_id) values (4924955, 97101);
insert into shipment (container_id, shiptrip_id) values (7840775, 84901);
insert into shipment (container_id, shiptrip_id) values (5577067, 56709);
insert into shipment (container_id, shiptrip_id) values (4411636, 41359);
insert into shipment (container_id, shiptrip_id) values (9496641, 46179);
insert into shipment (container_id, shiptrip_id) values (1123490, 20015);
insert into shipment (container_id, shiptrip_id) values (1738638, 62631);
insert into shipment (container_id, shiptrip_id) values (9892633, 46687);
insert into shipment (container_id, shiptrip_id) values (7514776, 95119);
insert into shipment (container_id, shiptrip_id) values (6107423, 95397);
insert into shipment (container_id, shiptrip_id) values (8039713, 33710);
insert into shipment (container_id, shiptrip_id) values (9001569, 69482);
insert into shipment (container_id, shiptrip_id) values (2096251, 47538);
insert into shipment (container_id, shiptrip_id) values (7489426, 54452);
insert into shipment (container_id, shiptrip_id) values (9946077, 59324);
insert into shipment (container_id, shiptrip_id) values (8356455, 23384);
insert into shipment (container_id, shiptrip_id) values (9605893, 73685);
insert into shipment (container_id, shiptrip_id) values (1555143, 15217);
insert into shipment (container_id, shiptrip_id) values (8475727, 53004);
insert into shipment (container_id, shiptrip_id) values (3492860, 15408);
insert into shipment (container_id, shiptrip_id) values (8501002, 53526);
insert into shipment (container_id, shiptrip_id) values (1736584, 98872);
insert into shipment (container_id, shiptrip_id) values (4299262, 23255);
insert into shipment (container_id, shiptrip_id) values (8591341, 23255);
insert into shipment (container_id, shiptrip_id) values (863716, 64368);
insert into shipment (container_id, shiptrip_id) values (5626896, 14089);
insert into shipment (container_id, shiptrip_id) values (2650387, 92700);
insert into shipment (container_id, shiptrip_id) values (9019057, 41359);
insert into shipment (container_id, shiptrip_id) values (2693114, 72026);
insert into shipment (container_id, shiptrip_id) values (7104943, 85163);
insert into shipment (container_id, shiptrip_id) values (441419, 34710);
insert into shipment (container_id, shiptrip_id) values (4783022, 46988);
insert into shipment (container_id, shiptrip_id) values (5579420, 13910);
insert into shipment (container_id, shiptrip_id) values (7078879, 68626);
insert into shipment (container_id, shiptrip_id) values (6807391, 47538);
insert into shipment (container_id, shiptrip_id) values (7874154, 26085);
insert into shipment (container_id, shiptrip_id) values (2609773, 16586);
insert into shipment (container_id, shiptrip_id) values (9741567, 16586);
insert into shipment (container_id, shiptrip_id) values (8546378, 23183);
insert into shipment (container_id, shiptrip_id) values (6397520, 16455);
insert into shipment (container_id, shiptrip_id) values (8914667, 57602);
insert into shipment (container_id, shiptrip_id) values (9143577, 48427);
insert into shipment (container_id, shiptrip_id) values (4326904, 88427);
insert into shipment (container_id, shiptrip_id) values (9137286, 25226);
insert into shipment (container_id, shiptrip_id) values (1305336, 31695);
insert into shipment (container_id, shiptrip_id) values (2136499, 89964);
insert into shipment (container_id, shiptrip_id) values (6198473, 95476);
insert into shipment (container_id, shiptrip_id) values (9764185, 13398);
insert into shipment (container_id, shiptrip_id) values (938340, 1334);
insert into shipment (container_id, shiptrip_id) values (896255, 88427);
insert into shipment (container_id, shiptrip_id) values (4404245, 54452);
insert into shipment (container_id, shiptrip_id) values (5947097, 68399);
insert into shipment (container_id, shiptrip_id) values (86822, 59732);
insert into shipment (container_id, shiptrip_id) values (3723819, 81346);
insert into shipment (container_id, shiptrip_id) values (1029352, 55237);
insert into shipment (container_id, shiptrip_id) values (4322877, 13600);
insert into shipment (container_id, shiptrip_id) values (5015254, 15217);
insert into shipment (container_id, shiptrip_id) values (7682515, 27123);
insert into shipment (container_id, shiptrip_id) values (5841368, 47538);
insert into shipment (container_id, shiptrip_id) values (2733809, 81259);
insert into shipment (container_id, shiptrip_id) values (8056115, 83011);
insert into shipment (container_id, shiptrip_id) values (7560668, 95476);
insert into shipment (container_id, shiptrip_id) values (7082372, 2863);
insert into shipment (container_id, shiptrip_id) values (5655299, 68973);
insert into shipment (container_id, shiptrip_id) values (5308377, 30076);
insert into shipment (container_id, shiptrip_id) values (9216307, 74072);
insert into shipment (container_id, shiptrip_id) values (2031503, 74590);
insert into shipment (container_id, shiptrip_id) values (9978599, 25226);
insert into shipment (container_id, shiptrip_id) values (978199, 84901);
insert into shipment (container_id, shiptrip_id) values (4481941, 29960);
insert into shipment (container_id, shiptrip_id) values (2672406, 48103);
insert into shipment (container_id, shiptrip_id) values (1987586, 16586);
insert into shipment (container_id, shiptrip_id) values (7807239, 1792);
insert into shipment (container_id, shiptrip_id) values (144449, 84901);
insert into shipment (container_id, shiptrip_id) values (9795786, 76372);
insert into shipment (container_id, shiptrip_id) values (5312279, 99629);
insert into shipment (container_id, shiptrip_id) values (7749375, 82933);
insert into shipment (container_id, shiptrip_id) values (2504454, 98427);
insert into shipment (container_id, shiptrip_id) values (1558071, 55009);
insert into shipment (container_id, shiptrip_id) values (1962396, 2863);
insert into shipment (container_id, shiptrip_id) values (2353883, 84994);
insert into shipment (container_id, shiptrip_id) values (3434488, 11922);
insert into shipment (container_id, shiptrip_id) values (1418596, 76372);
insert into shipment (container_id, shiptrip_id) values (6956397, 68138);
insert into shipment (container_id, shiptrip_id) values (123768, 25226);
insert into shipment (container_id, shiptrip_id) values (2722759, 92700);
insert into shipment (container_id, shiptrip_id) values (6458130, 94394);
insert into shipment (container_id, shiptrip_id) values (9608504, 92725);
insert into shipment (container_id, shiptrip_id) values (3462818, 41177);
insert into shipment (container_id, shiptrip_id) values (6724197, 13590);
insert into shipment (container_id, shiptrip_id) values (5659368, 80020);
insert into shipment (container_id, shiptrip_id) values (1274563, 68399);
insert into shipment (container_id, shiptrip_id) values (837583, 62258);
insert into shipment (container_id, shiptrip_id) values (586095, 68138);
insert into shipment (container_id, shiptrip_id) values (9661114, 72026);
insert into shipment (container_id, shiptrip_id) values (7572031, 55237);
insert into shipment (container_id, shiptrip_id) values (8218495, 97997);
insert into shipment (container_id, shiptrip_id) values (2767540, 86152);
insert into shipment (container_id, shiptrip_id) values (745998, 53004);
insert into shipment (container_id, shiptrip_id) values (3795095, 58249);
insert into shipment (container_id, shiptrip_id) values (1986974, 16395);
insert into shipment (container_id, shiptrip_id) values (6889907, 70578);
insert into shipment (container_id, shiptrip_id) values (5638346, 10710);
insert into shipment (container_id, shiptrip_id) values (540114, 81259);
insert into shipment (container_id, shiptrip_id) values (8935466, 37671);
insert into shipment (container_id, shiptrip_id) values (3576467, 6843);
insert into shipment (container_id, shiptrip_id) values (8498533, 80020);
insert into shipment (container_id, shiptrip_id) values (6278703, 29045);
insert into shipment (container_id, shiptrip_id) values (5985041, 64050);
insert into shipment (container_id, shiptrip_id) values (3000853, 79138);
insert into shipment (container_id, shiptrip_id) values (8950208, 68973);
insert into shipment (container_id, shiptrip_id) values (9987446, 89077);
insert into shipment (container_id, shiptrip_id) values (810979, 89586);
insert into shipment (container_id, shiptrip_id) values (9226749, 1159);
insert into shipment (container_id, shiptrip_id) values (3989030, 42101);
insert into shipment (container_id, shiptrip_id) values (9203377, 78351);
insert into shipment (container_id, shiptrip_id) values (283730, 14734);
insert into shipment (container_id, shiptrip_id) values (4074022, 56510);
insert into shipment (container_id, shiptrip_id) values (7459573, 65759);
insert into shipment (container_id, shiptrip_id) values (9466123, 20015);
insert into shipment (container_id, shiptrip_id) values (5540054, 71434);
insert into shipment (container_id, shiptrip_id) values (7857665, 57052);
insert into shipment (container_id, shiptrip_id) values (1277238, 56510);
insert into shipment (container_id, shiptrip_id) values (2750735, 84994);
insert into shipment (container_id, shiptrip_id) values (5359558, 64368);
insert into shipment (container_id, shiptrip_id) values (6915770, 29730);
insert into shipment (container_id, shiptrip_id) values (5351520, 19356);
insert into shipment (container_id, shiptrip_id) values (6680360, 88084);
insert into shipment (container_id, shiptrip_id) values (3401835, 5322);
insert into shipment (container_id, shiptrip_id) values (6064923, 76372);
insert into shipment (container_id, shiptrip_id) values (4220768, 83011);
insert into shipment (container_id, shiptrip_id) values (8529220, 9474);
insert into shipment (container_id, shiptrip_id) values (6215351, 37671);
insert into shipment (container_id, shiptrip_id) values (5919556, 50905);
insert into shipment (container_id, shiptrip_id) values (857965, 18735);
insert into shipment (container_id, shiptrip_id) values (7226444, 89077);
insert into shipment (container_id, shiptrip_id) values (7852564, 86462);
insert into shipment (container_id, shiptrip_id) values (9917166, 22209);
insert into shipment (container_id, shiptrip_id) values (7850304, 26085);
insert into shipment (container_id, shiptrip_id) values (1573723, 75733);
insert into shipment (container_id, shiptrip_id) values (7511557, 13600);
insert into shipment (container_id, shiptrip_id) values (1623809, 95884);
insert into shipment (container_id, shiptrip_id) values (3652803, 16347);
insert into shipment (container_id, shiptrip_id) values (2818829, 68626);
insert into shipment (container_id, shiptrip_id) values (4897238, 33875);
insert into shipment (container_id, shiptrip_id) values (8255706, 94394);
insert into shipment (container_id, shiptrip_id) values (8889089, 56778);
insert into shipment (container_id, shiptrip_id) values (5967879, 99648);
insert into shipment (container_id, shiptrip_id) values (3921493, 48547);
insert into shipment (container_id, shiptrip_id) values (5179239, 92700);
insert into shipment (container_id, shiptrip_id) values (6441995, 55009);
insert into shipment (container_id, shiptrip_id) values (551621, 75733);
insert into shipment (container_id, shiptrip_id) values (8965558, 6999);
insert into shipment (container_id, shiptrip_id) values (8213390, 47433);
insert into shipment (container_id, shiptrip_id) values (7515848, 47538);
insert into shipment (container_id, shiptrip_id) values (7136029, 54452);
insert into shipment (container_id, shiptrip_id) values (961837, 47538);
insert into shipment (container_id, shiptrip_id) values (5063635, 22209);
insert into shipment (container_id, shiptrip_id) values (2753171, 13398);
insert into shipment (container_id, shiptrip_id) values (3913156, 13993);
insert into shipment (container_id, shiptrip_id) values (6107524, 84683);
insert into shipment (container_id, shiptrip_id) values (7525736, 5230);
insert into shipment (container_id, shiptrip_id) values (6626959, 18507);
insert into shipment (container_id, shiptrip_id) values (1152784, 85922);
insert into shipment (container_id, shiptrip_id) values (2755128, 1792);
insert into shipment (container_id, shiptrip_id) values (3513855, 70578);
insert into shipment (container_id, shiptrip_id) values (9469931, 14089);
insert into shipment (container_id, shiptrip_id) values (4515914, 48547);
insert into shipment (container_id, shiptrip_id) values (7715183, 3133);
insert into shipment (container_id, shiptrip_id) values (309787, 47538);
insert into shipment (container_id, shiptrip_id) values (2913804, 29507);
insert into shipment (container_id, shiptrip_id) values (4399451, 64050);
insert into shipment (container_id, shiptrip_id) values (386410, 64368);
insert into shipment (container_id, shiptrip_id) values (8539085, 76372);
insert into shipment (container_id, shiptrip_id) values (9355505, 4622);
insert into shipment (container_id, shiptrip_id) values (9000932, 89828);
insert into shipment (container_id, shiptrip_id) values (2116393, 81341);
insert into shipment (container_id, shiptrip_id) values (2549246, 16347);
insert into shipment (container_id, shiptrip_id) values (6191019, 98427);
insert into shipment (container_id, shiptrip_id) values (6955932, 81259);
insert into shipment (container_id, shiptrip_id) values (3272382, 58249);
insert into shipment (container_id, shiptrip_id) values (1475321, 74590);
insert into shipment (container_id, shiptrip_id) values (666915, 6843);
insert into shipment (container_id, shiptrip_id) values (9803333, 48427);
insert into shipment (container_id, shiptrip_id) values (3011850, 98872);
insert into shipment (container_id, shiptrip_id) values (1506075, 53938);
insert into shipment (container_id, shiptrip_id) values (5887416, 23255);
insert into shipment (container_id, shiptrip_id) values (7636252, 81475);
insert into shipment (container_id, shiptrip_id) values (8527619, 16586);
insert into shipment (container_id, shiptrip_id) values (3355821, 62258);
insert into shipment (container_id, shiptrip_id) values (5002135, 57052);
insert into shipment (container_id, shiptrip_id) values (3143910, 41366);
insert into shipment (container_id, shiptrip_id) values (7305599, 99648);
insert into shipment (container_id, shiptrip_id) values (6686080, 27623);
insert into shipment (container_id, shiptrip_id) values (2661497, 89586);
insert into shipment (container_id, shiptrip_id) values (2877511, 92700);
insert into shipment (container_id, shiptrip_id) values (4847076, 92700);
insert into shipment (container_id, shiptrip_id) values (3113560, 95397);
insert into shipment (container_id, shiptrip_id) values (7213722, 47433);
insert into shipment (container_id, shiptrip_id) values (1049486, 88084);
insert into shipment (container_id, shiptrip_id) values (4889108, 94394);
insert into shipment (container_id, shiptrip_id) values (8284377, 98507);
insert into shipment (container_id, shiptrip_id) values (1382188, 81341);
insert into shipment (container_id, shiptrip_id) values (2802505, 35642);
insert into shipment (container_id, shiptrip_id) values (9803333, 48427);

--400 shipment inserted229767000

--FOR US208 AND US209:

insert into ship (mmsi, vesseltypeid, imo, callsign, shipname, currentcapacity, draft, length, width) values (212351001, 70, 'IMO9305686', '5BZP4', 'HYUNDAI SINGAPORA', '79', 14.5, 303, 40);
insert into ship (mmsi, vesseltypeid, imo, callsign, shipname, currentcapacity, draft, length, width) values (636092933, 79, 'IMO9225642', 'D5VK7', 'MSC ILONO', '30', 11.8, 299, 40);

insert into cargomanifest (cargomanifest_id) values (19822);
insert into cargomanifest (cargomanifest_id) values (724);
insert into cargomanifest (cargomanifest_id) values (39824);
insert into cargomanifest (cargomanifest_id) values (45807);
insert into cargomanifest (cargomanifest_id) values (77329);
insert into cargomanifest (cargomanifest_id) values (87508);

insert into containerincargomanifest (container_id, cargomanifest_id, temperature_kept) values (8234084, 19822, null);
insert into containerincargomanifest (container_id, cargomanifest_id, temperature_kept) values (628900, 19822, -18);
insert into containerincargomanifest (container_id, cargomanifest_id, temperature_kept) values (2183409, 19822, 20);
insert into containerincargomanifest (container_id, cargomanifest_id, temperature_kept) values (8561707, 19822, null);
insert into containerincargomanifest (container_id, cargomanifest_id, temperature_kept) values (2650387, 19822, -26);
insert into containerincargomanifest (container_id, cargomanifest_id, temperature_kept) values (7749375, 19822, 11);
insert into containerincargomanifest (container_id, cargomanifest_id, temperature_kept) values (9661114, 19822, null);
insert into containerincargomanifest (container_id, cargomanifest_id, temperature_kept) values (7857665, 19822, 6);
insert into containerincargomanifest (container_id, cargomanifest_id, temperature_kept) values (8889089, 19822, -28);
insert into containerincargomanifest (container_id, cargomanifest_id, temperature_kept) values (4107082, 19822, 21);

insert into containerincargomanifest (container_id, cargomanifest_id, temperature_kept) values (5351520, 724, null);

insert into containerincargomanifest (container_id, cargomanifest_id, temperature_kept) values (3705156, 39824, -11);
insert into containerincargomanifest (container_id, cargomanifest_id, temperature_kept) values (3753096, 39824, null);
insert into containerincargomanifest (container_id, cargomanifest_id, temperature_kept) values (4162565, 39824, 24);
insert into containerincargomanifest (container_id, cargomanifest_id, temperature_kept) values (6807391, 39824, null);
insert into containerincargomanifest (container_id, cargomanifest_id, temperature_kept) values (5308377, 39824, -11);
insert into containerincargomanifest (container_id, cargomanifest_id, temperature_kept) values (6956397, 39824, -17);
insert into containerincargomanifest (container_id, cargomanifest_id, temperature_kept) values (4074022, 39824, -4);
insert into containerincargomanifest (container_id, cargomanifest_id, temperature_kept) values (6915770, 39824, 21);

insert into containerincargomanifest (container_id, cargomanifest_id, temperature_kept) values (2353883, 45807, null);
insert into containerincargomanifest (container_id, cargomanifest_id, temperature_kept) values (3011850, 45807, null);
insert into containerincargomanifest (container_id, cargomanifest_id, temperature_kept) values (4847076, 45807, -7);

insert into containerincargomanifest (container_id, cargomanifest_id, temperature_kept) values (123768, 77329, 15);
insert into containerincargomanifest (container_id, cargomanifest_id, temperature_kept) values (1558071, 77329, null);
insert into containerincargomanifest (container_id, cargomanifest_id, temperature_kept) values (896255, 77329, 19);
insert into containerincargomanifest (container_id, cargomanifest_id, temperature_kept) values (7329290, 77329, 7);
insert into containerincargomanifest (container_id, cargomanifest_id, temperature_kept) values (140768, 77329, null);
insert into containerincargomanifest (container_id, cargomanifest_id, temperature_kept) values (7827555, 77329, -15);
insert into containerincargomanifest (container_id, cargomanifest_id, temperature_kept) values (3951071, 77329, 8);

insert into containerincargomanifest (container_id, cargomanifest_id, temperature_kept) values (9803333, 87508, null);
insert into containerincargomanifest (container_id, cargomanifest_id, temperature_kept) values (5734111, 87508, -12);
insert into containerincargomanifest (container_id, cargomanifest_id, temperature_kept) values (4661451, 87508, -13);
insert into containerincargomanifest (container_id, cargomanifest_id, temperature_kept) values (5577067, 87508, -5);
insert into containerincargomanifest (container_id, cargomanifest_id, temperature_kept) values (7104943, 87508, 20);
insert into containerincargomanifest (container_id, cargomanifest_id, temperature_kept) values (961837, 87508, -9);

insert into shiptrip (shiptrip_id, mmsi, departure_location, arrival_location, loading_cargo_id, unloading_cargo_id, est_departure_date, est_arrival_date, real_departure_date, real_arrival_date) values (81342, 212351001, 224858, 16485, 19822, 724, '06/02/2021', '08/02/2021', '26/02/2021', '08/05/2021');
insert into shiptrip (shiptrip_id, mmsi, departure_location, arrival_location, loading_cargo_id, unloading_cargo_id, est_departure_date, est_arrival_date, real_departure_date, real_arrival_date) values (67132, 212351001, 13012, 11771, 39824, 45807, '11/02/2021', '20/02/2021', '11/03/2021', '17/06/2021');
insert into shiptrip (shiptrip_id, mmsi, departure_location, arrival_location, loading_cargo_id, unloading_cargo_id, est_departure_date, est_arrival_date, real_departure_date, real_arrival_date) values (68139, 212351001, 18867, 24795, 77329, 87508, '24/02/2021', '26/02/2021', '27/03/2021', '26/04/2021');

--END OF INSERTS FOR US208 AND US209.

--FOR US308:

insert into ship (mmsi, vesseltypeid, imo, callsign, shipname, currentcapacity, draft, length, width) values (212351004, 70, 'IMO9307686', '5BSP4', 'HYUNDEI SINGAPORA', '30', 14.5, 303, 40);

insert into cargomanifest (cargomanifest_id) values (19823);
insert into cargomanifest (cargomanifest_id) values (19824);

insert into shiptrip (shiptrip_id, mmsi, departure_location, arrival_location, loading_cargo_id, unloading_cargo_id, est_departure_date, est_arrival_date, real_departure_date, real_arrival_date) values (81347, 212351004, 224858, 16485, 19823, 19824, '06/02/2021', '08/02/2021', '26/02/2021', '08/05/2021');

insert into containerincargomanifest (container_id, cargomanifest_id, temperature_kept) values (4853420, 19823, -25);
insert into containerincargomanifest (container_id, cargomanifest_id, temperature_kept) values (8054992, 19823, 2);

insert into containerincargomanifest (container_id, cargomanifest_id, temperature_kept) values (4853420, 19824, -25);
insert into containerincargomanifest (container_id, cargomanifest_id, temperature_kept) values (8054992, 19824, 2);

insert into cargomanifest (cargomanifest_id) values (82846);

insert into containerincargomanifest (container_id, cargomanifest_id, temperature_kept) values (144449, 82846, 4);
insert into containerincargomanifest (container_id, cargomanifest_id, temperature_kept) values (666915, 82846, 3);
insert into containerincargomanifest (container_id, cargomanifest_id, temperature_kept) values (1049486, 82846, null);
insert into containerincargomanifest (container_id, cargomanifest_id, temperature_kept) values (1382188, 82846, null);
insert into containerincargomanifest (container_id, cargomanifest_id, temperature_kept) values (1475321, 82846, null);
insert into containerincargomanifest (container_id, cargomanifest_id, temperature_kept) values (1506075, 82846, 4);
insert into containerincargomanifest (container_id, cargomanifest_id, temperature_kept) values (1623809, 82846, -4);
insert into containerincargomanifest (container_id, cargomanifest_id, temperature_kept) values (1736584, 82846, null);
insert into containerincargomanifest (container_id, cargomanifest_id, temperature_kept) values (2650387, 82846, -26);
insert into containerincargomanifest (container_id, cargomanifest_id, temperature_kept) values (2661497, 82846, -30);
insert into containerincargomanifest (container_id, cargomanifest_id, temperature_kept) values (2701262, 82846, null);
insert into containerincargomanifest (container_id, cargomanifest_id, temperature_kept) values (2733809, 82846, 6);
insert into containerincargomanifest (container_id, cargomanifest_id, temperature_kept) values (2802505, 82846, -12);
insert into containerincargomanifest (container_id, cargomanifest_id, temperature_kept) values (2877511, 82846, null);
insert into containerincargomanifest (container_id, cargomanifest_id, temperature_kept) values (3011850, 82846, null);
insert into containerincargomanifest (container_id, cargomanifest_id, temperature_kept) values (3113560, 82846, null);
insert into containerincargomanifest (container_id, cargomanifest_id, temperature_kept) values (3143910, 82846, 18);
insert into containerincargomanifest (container_id, cargomanifest_id, temperature_kept) values (3272382, 82846, null);
insert into containerincargomanifest (container_id, cargomanifest_id, temperature_kept) values (3355821, 82846, 0);
insert into containerincargomanifest (container_id, cargomanifest_id, temperature_kept) values (4107082, 82846, 21);
insert into containerincargomanifest (container_id, cargomanifest_id, temperature_kept) values (4847076, 82846, -7);
insert into containerincargomanifest (container_id, cargomanifest_id, temperature_kept) values (4853420, 82846, -25);
insert into containerincargomanifest (container_id, cargomanifest_id, temperature_kept) values (4889108, 82846, -18);
insert into containerincargomanifest (container_id, cargomanifest_id, temperature_kept) values (5002135, 82846, -19);
insert into containerincargomanifest (container_id, cargomanifest_id, temperature_kept) values (5887416, 82846, -18);
insert into containerincargomanifest (container_id, cargomanifest_id, temperature_kept) values (6686080, 82846, -8);
insert into containerincargomanifest (container_id, cargomanifest_id, temperature_kept) values (7213722, 82846, -25);
insert into containerincargomanifest (container_id, cargomanifest_id, temperature_kept) values (7305599, 82846, null);
insert into containerincargomanifest (container_id, cargomanifest_id, temperature_kept) values (7636252, 82846, -21);
insert into containerincargomanifest (container_id, cargomanifest_id, temperature_kept) values (7749375, 82846, 11);
insert into containerincargomanifest (container_id, cargomanifest_id, temperature_kept) values (8054992, 82846, 2);
insert into containerincargomanifest (container_id, cargomanifest_id, temperature_kept) values (8364967, 82846, null);
insert into containerincargomanifest (container_id, cargomanifest_id, temperature_kept) values (8527619, 82846, 23);
insert into containerincargomanifest (container_id, cargomanifest_id, temperature_kept) values (8284377, 82846, -25);

insert into cargomanifest (cargomanifest_id) values (82847);

insert into containerincargomanifest (container_id, cargomanifest_id, temperature_kept) values (4853420, 82847, -25);
insert into containerincargomanifest (container_id, cargomanifest_id, temperature_kept) values (8054992, 82847, 2);
insert into containerincargomanifest (container_id, cargomanifest_id, temperature_kept) values (2701262, 82847, null);
insert into containerincargomanifest (container_id, cargomanifest_id, temperature_kept) values (8364967, 82847, null);
insert into containerincargomanifest (container_id, cargomanifest_id, temperature_kept) values (1736584, 82847, null);

--END OF INSERTS FOR US308.