insert into continent(continent_id, continent_name) values (1, 'America');
insert into continent(continent_id, continent_name) values (2, 'Europe');

--inserted 2 continents

insert into Country (country_name, continent_id) values ('Cyprus', 2);
insert into Country (country_name, continent_id) values ('Malta', 2);
insert into Country (country_name, continent_id) values ('Greece', 2);
insert into Country (country_name, continent_id) values ('Portugal', 2);
insert into Country (country_name, continent_id) values ('Turkey', 2);
insert into Country (country_name, continent_id) values ('Armenia', 2);
insert into Country (country_name, continent_id) values ('Spain', 2);
insert into Country (country_name, continent_id) values ('Albania', 2);
insert into Country (country_name, continent_id) values ('Georgia', 2);
insert into Country (country_name, continent_id) values ('Italy', 2);
insert into Country (country_name, continent_id) values ('Macedonia', 2);
insert into Country (country_name, continent_id) values ('Montenegro', 2);
insert into Country (country_name, continent_id) values ('Kosovo', 2);
insert into Country (country_name, continent_id) values ('Bulgaria', 2);
insert into Country (country_name, continent_id) values ('Monaco', 2);
insert into Country (country_name, continent_id) values ('Bosnia', 2);
insert into Country (country_name, continent_id) values ('Romania', 2);
insert into Country (country_name, continent_id) values ('Serbia', 2);
insert into Country (country_name, continent_id) values ('Croatia', 2);
insert into Country (country_name, continent_id) values ('Slovenia', 2);
insert into Country (country_name, continent_id) values ('Switzerland', 2);
insert into Country (country_name, continent_id) values ('Moldova', 2);
insert into Country (country_name, continent_id) values ('Liechtenstein', 2);
insert into Country (country_name, continent_id) values ('Hungary', 2);
insert into Country (country_name, continent_id) values ('Slovakia', 2);
insert into Country (country_name, continent_id) values ('Austria', 2);
insert into Country (country_name, continent_id) values ('France', 2);
insert into Country (country_name, continent_id) values ('Luxembourg', 2);
insert into Country (country_name, continent_id) values ('Czech Republic', 2);
insert into Country (country_name, continent_id) values ('Ukraine', 2);
insert into Country (country_name, continent_id) values ('Belgium', 2);
insert into Country (country_name, continent_id) values ('United Kingdom', 2);
insert into Country (country_name, continent_id) values ('Poland', 2);
insert into Country (country_name, continent_id) values ('Netherlands', 2);
insert into Country (country_name, continent_id) values ('Germany', 2);
insert into Country (country_name, continent_id) values ('Ireland', 2);
insert into Country (country_name, continent_id) values ('Belarus', 2);
insert into Country (country_name, continent_id) values ('Lithuania', 2);
insert into Country (country_name, continent_id) values ('Denmark', 2);
insert into Country (country_name, continent_id) values ('Russia', 2);
insert into Country (country_name, continent_id) values ('Latvia', 2);
insert into Country (country_name, continent_id) values ('Sweden', 2);
insert into Country (country_name, continent_id) values ('Estonia', 2);
insert into Country (country_name, continent_id) values ('Norway', 2);
insert into Country (country_name, continent_id) values ('Finland', 2);
insert into Country (country_name, continent_id) values ('Iceland', 2);
insert into Country (country_name, continent_id) values ('Mexico', 1);
insert into Country (country_name, continent_id) values ('Canada', 1);
insert into Country (country_name, continent_id) values ('United States', 1);
insert into Country (country_name, continent_id) values ('Panama', 1);
insert into Country (country_name, continent_id) values ('Costa Rica', 1);
insert into Country (country_name, continent_id) values ('Nicaragua', 1);
insert into Country (country_name, continent_id) values ('El Salvador', 1);
insert into Country (country_name, continent_id) values ('Honduras', 1);
insert into Country (country_name, continent_id) values ('Guatemala', 1);
insert into Country (country_name, continent_id) values ('Belize', 1);
insert into Country (country_name, continent_id) values ('Uruguay', 1);
insert into Country (country_name, continent_id) values ('Argentina', 1);
insert into Country (country_name, continent_id) values ('Chile', 1);
insert into Country (country_name, continent_id) values ('Paraguay', 1);
insert into Country (country_name, continent_id) values ('Bolivia', 1);
insert into Country (country_name, continent_id) values ('Brazil', 1);
insert into Country (country_name, continent_id) values ('Peru', 1);
insert into Country (country_name, continent_id) values ('Ecuador', 1);
insert into Country (country_name, continent_id) values ('Colombia', 1);
insert into Country (country_name, continent_id) values ('Suriname', 1);
insert into Country (country_name, continent_id) values ('Guyana', 1);
insert into Country (country_name, continent_id) values ('Venezuela', 1);

insert into border (country_a, country_b) values ('Belize', ' Mexico');
insert into border (country_a, country_b) values ('Canada', ' United States');
insert into border (country_a, country_b) values ('Costa Rica', ' Nicaragua ');
insert into border (country_a, country_b) values ('Costa Rica', ' Panama');
insert into border (country_a, country_b) values ('Guatemala', ' Mexico');
insert into border (country_a, country_b) values ('Guatemala', ' El Salvador');
insert into border (country_a, country_b) values ('Honduras', ' El Salvador');
insert into border (country_a, country_b) values ('Honduras', ' Nicaragua');
insert into border (country_a, country_b) values ('Mexico', ' United States');
insert into border (country_a, country_b) values ('Panama', ' Colombia ');
insert into border (country_a, country_b) values ('Argentina', ' Bolivia');
insert into border (country_a, country_b) values ('Argentina', ' Brazil');
insert into border (country_a, country_b) values ('Argentina', ' Chile');
insert into border (country_a, country_b) values ('Argentina', ' Paraguay');
insert into border (country_a, country_b) values ('Argentina', ' Uruguay');
insert into border (country_a, country_b) values ('Bolivia', ' Brazil');
insert into border (country_a, country_b) values ('Bolivia', ' Chile');
insert into border (country_a, country_b) values ('Bolivia', ' Paraguay');
insert into border (country_a, country_b) values ('Bolivia', ' Peru');
insert into border (country_a, country_b) values ('Brazil', ' Colombia');
insert into border (country_a, country_b) values ('Brazil', ' Guyana');
insert into border (country_a, country_b) values ('Brazil', ' Paraguay');
insert into border (country_a, country_b) values ('Brazil', ' Peru');
insert into border (country_a, country_b) values ('Brazil', ' Suriname');
insert into border (country_a, country_b) values ('Brazil', ' Uruguay');
insert into border (country_a, country_b) values ('Brazil', ' Venezuela');
insert into border (country_a, country_b) values ('Chile', ' Peru');
insert into border (country_a, country_b) values ('Colombia', ' Ecuador');
insert into border (country_a, country_b) values ('Colombia', ' Peru');
insert into border (country_a, country_b) values ('Colombia', ' Venezuela');
insert into border (country_a, country_b) values ('Ecuador', ' Peru');
insert into border (country_a, country_b) values ('Guiana', ' Suriname');
insert into border (country_a, country_b) values ('Guiana', ' Venezuela');
insert into border (country_a, country_b) values ('Albania', ' Greece');
insert into border (country_a, country_b) values ('Albania', ' Macedonia');
insert into border (country_a, country_b) values ('Albania', ' Montenegro');
insert into border (country_a, country_b) values ('Albania', ' Kosovo');
insert into border (country_a, country_b) values ('Germany', ' Austria');
insert into border (country_a, country_b) values ('Germany', ' Belgium');
insert into border (country_a, country_b) values ('Germany', ' Denmark');
insert into border (country_a, country_b) values ('Germany', ' France');
insert into border (country_a, country_b) values ('Germany', ' Netherlands');
insert into border (country_a, country_b) values ('Germany', ' Luxembourg');
insert into border (country_a, country_b) values ('Germany', ' Poland');
insert into border (country_a, country_b) values ('Germany', ' Czech Republic');
insert into border (country_a, country_b) values ('Germany', ' Switzerland');
insert into border (country_a, country_b) values ('Armenia', ' Georgia');
insert into border (country_a, country_b) values ('Armenia', ' Turkey');
insert into border (country_a, country_b) values ('Austria', ' Slovakia');
insert into border (country_a, country_b) values ('Austria', ' Slovenia');
insert into border (country_a, country_b) values ('Austria', ' Hungary');
insert into border (country_a, country_b) values ('Austria', ' Italy');
insert into border (country_a, country_b) values ('Austria', ' Liechtenstein');
insert into border (country_a, country_b) values ('Austria', ' Czech Republic');
insert into border (country_a, country_b) values ('Austria', ' Switzerland');
insert into border (country_a, country_b) values ('Belgium', ' France');
insert into border (country_a, country_b) values ('Belgium', ' Netherlands');
insert into border (country_a, country_b) values ('Belgium', ' Luxembourg');
insert into border (country_a, country_b) values ('Belarus', ' Latvia');
insert into border (country_a, country_b) values ('Belarus', ' Lithuania');
insert into border (country_a, country_b) values ('Belarus', ' Poland');
insert into border (country_a, country_b) values ('Belarus', ' Russia');
insert into border (country_a, country_b) values ('Belarus', ' Ukraine');
insert into border (country_a, country_b) values ('Bosnia', ' Croatia');
insert into border (country_a, country_b) values ('Bosnia', ' Montenegro');
insert into border (country_a, country_b) values ('Bosnia', ' Serbia');
insert into border (country_a, country_b) values ('Bulgaria', ' Greece');
insert into border (country_a, country_b) values ('Bulgaria', ' Macedonia');
insert into border (country_a, country_b) values ('Bulgaria', ' Romania');
insert into border (country_a, country_b) values ('Bulgaria', ' Serbia');
insert into border (country_a, country_b) values ('Bulgaria', ' Turkey');
insert into border (country_a, country_b) values ('Croatia', ' Slovenia');
insert into border (country_a, country_b) values ('Croatia', ' Hungary');
insert into border (country_a, country_b) values ('Croatia', ' Montenegro');
insert into border (country_a, country_b) values ('Croatia', ' Serbia');
insert into border (country_a, country_b) values ('Slovakia', ' Hungary');
insert into border (country_a, country_b) values ('Slovakia', ' Poland');
insert into border (country_a, country_b) values ('Slovakia', ' Czech Republic');
insert into border (country_a, country_b) values ('Slovakia', ' Ukraine');
insert into border (country_a, country_b) values ('Slovenia', ' Hungary');
insert into border (country_a, country_b) values ('Slovenia', ' Italy');
insert into border (country_a, country_b) values ('Spain', ' France');
insert into border (country_a, country_b) values ('Spain', ' Portugal');
insert into border (country_a, country_b) values ('Estonia', ' Latvia');
insert into border (country_a, country_b) values ('Estonia', ' Russia');
insert into border (country_a, country_b) values ('Finland', ' Norway');
insert into border (country_a, country_b) values ('Finland', ' Russia');
insert into border (country_a, country_b) values ('Finland', ' Sweden');
insert into border (country_a, country_b) values ('France', ' Italy');
insert into border (country_a, country_b) values ('France', ' Luxembourg');
insert into border (country_a, country_b) values ('France', ' Monaco');
insert into border (country_a, country_b) values ('France', ' Switzerland');
insert into border (country_a, country_b) values ('Georgia', ' Russia');
insert into border (country_a, country_b) values ('Georgia', ' Turkey');
insert into border (country_a, country_b) values ('Greece', ' Macedonia');
insert into border (country_a, country_b) values ('Greece', ' Turkey');
insert into border (country_a, country_b) values ('Hungary', ' Romania');
insert into border (country_a, country_b) values ('Hungary', ' Serbia');
insert into border (country_a, country_b) values ('Hungary', ' Ukraine');
insert into border (country_a, country_b) values ('Ireland', ' United Kingdom');
insert into border (country_a, country_b) values ('Italy', ' Switzerland');
insert into border (country_a, country_b) values ('Kosovo', ' Macedonia');
insert into border (country_a, country_b) values ('Kosovo', ' Montenegro');
insert into border (country_a, country_b) values ('Kosovo', ' Serbia');
insert into border (country_a, country_b) values ('Latvia', ' Lithuania');
insert into border (country_a, country_b) values ('Latvia', ' Russia');
insert into border (country_a, country_b) values ('Liechtenstein', ' Switzerland');
insert into border (country_a, country_b) values ('Lithuania', ' Poland');
insert into border (country_a, country_b) values ('Lithuania', ' Russia');
insert into border (country_a, country_b) values ('Macedonia', ' Serbia');
insert into border (country_a, country_b) values ('Moldova', ' Romania');
insert into border (country_a, country_b) values ('Moldova', ' Ukraine');
insert into border (country_a, country_b) values ('Norway', ' Sweden');
insert into border (country_a, country_b) values ('Norway', ' Russia');
insert into border (country_a, country_b) values ('Montenegro', ' Serbia');
insert into border (country_a, country_b) values ('Poland', ' Czech Republic');
insert into border (country_a, country_b) values ('Poland', ' Russia');
insert into border (country_a, country_b) values ('Poland', ' Ukraine');
insert into border (country_a, country_b) values ('Romania', ' Serbia');
insert into border (country_a, country_b) values ('Romania', ' Ukraine');
insert into border (country_a, country_b) values ('Russia', ' Ukraine');


insert into capital (capital_name, country_name, locationLatitude, locationLongitude) values ('Nicosia', 'Cyprus', 35.16666667, 33.366667);
insert into capital (capital_name, country_name, locationLatitude, locationLongitude) values ('Valletta', 'Malta', 35.88333333, 14.5);
insert into capital (capital_name, country_name, locationLatitude, locationLongitude) values ('Athens', 'Greece', 37.98333333, 23.733333);
insert into capital (capital_name, country_name, locationLatitude, locationLongitude) values ('Lisbon', 'Portugal', 38.71666667, -9.133333);
insert into capital (capital_name, country_name, locationLatitude, locationLongitude) values ('Ankara', 'Turkey', 39.93333333, 32.866667);
insert into capital (capital_name, country_name, locationLatitude, locationLongitude) values ('Yerevan', 'Armenia', 40.16666667, 44.5);
insert into capital (capital_name, country_name, locationLatitude, locationLongitude) values ('Madrid', 'Spain', 40.4, -3.683333);
insert into capital (capital_name, country_name, locationLatitude, locationLongitude) values ('Tirana', 'Albania', 41.31666667, 19.816667);
insert into capital (capital_name, country_name, locationLatitude, locationLongitude) values ('Tbilisi', 'Georgia', 41.68333333, 44.833333);
insert into capital (capital_name, country_name, locationLatitude, locationLongitude) values ('Rome', 'Italy', 41.9, 12.483333);
insert into capital (capital_name, country_name, locationLatitude, locationLongitude) values ('Skopje', 'Macedonia', 42, 21.433333);
insert into capital (capital_name, country_name, locationLatitude, locationLongitude) values ('Podgorica', 'Montenegro', 42.43333333, 19.266667);
insert into capital (capital_name, country_name, locationLatitude, locationLongitude) values ('Pristina', 'Kosovo', 42.66666667, 21.166667);
insert into capital (capital_name, country_name, locationLatitude, locationLongitude) values ('Sofia', 'Bulgaria', 42.68333333, 23.316667);
insert into capital (capital_name, country_name, locationLatitude, locationLongitude) values ('Monaco', 'Monaco', 43.73333333, 7.416667);
insert into capital (capital_name, country_name, locationLatitude, locationLongitude) values ('Sarajevo', 'Bosnia', 43.86666667, 18.416667);
insert into capital (capital_name, country_name, locationLatitude, locationLongitude) values ('Bucharest', 'Romania', 44.43333333, 26.1);
insert into capital (capital_name, country_name, locationLatitude, locationLongitude) values ('Belgrade', 'Serbia', 44.83333333, 20.5);
insert into capital (capital_name, country_name, locationLatitude, locationLongitude) values ('Zagreb', 'Croatia', 45.8, 16);
insert into capital (capital_name, country_name, locationLatitude, locationLongitude) values ('Ljubljana', 'Slovenia', 46.05, 14.516667);
insert into capital (capital_name, country_name, locationLatitude, locationLongitude) values ('Bern', 'Switzerland', 46.91666667, 7.466667);
insert into capital (capital_name, country_name, locationLatitude, locationLongitude) values ('Chisinau', 'Moldova', 47, 28.85);
insert into capital (capital_name, country_name, locationLatitude, locationLongitude) values ('Vaduz', 'Liechtenstein', 47.13333333, 9.516667);
insert into capital (capital_name, country_name, locationLatitude, locationLongitude) values ('Budapest', 'Hungary', 47.5, 19.083333);
insert into capital (capital_name, country_name, locationLatitude, locationLongitude) values ('Bratislava', 'Slovakia', 48.15, 17.116667);
insert into capital (capital_name, country_name, locationLatitude, locationLongitude) values ('Vienna', 'Austria', 48.2, 16.366667);
insert into capital (capital_name, country_name, locationLatitude, locationLongitude) values ('Paris', 'France', 48.86666667, 2.333333);
insert into capital (capital_name, country_name, locationLatitude, locationLongitude) values ('Luxembourg', 'Luxembourg', 49.6, 6.116667);
insert into capital (capital_name, country_name, locationLatitude, locationLongitude) values ('Prague', 'Czech Republic', 50.08333333, 14.466667);
insert into capital (capital_name, country_name, locationLatitude, locationLongitude) values ('Kyiv', 'Ukraine', 50.43333333, 30.516667);
insert into capital (capital_name, country_name, locationLatitude, locationLongitude) values ('Brussels', 'Belgium', 50.83333333, 4.333333);
insert into capital (capital_name, country_name, locationLatitude, locationLongitude) values ('London', 'United Kingdom', 51.5, -0.083333);
insert into capital (capital_name, country_name, locationLatitude, locationLongitude) values ('Warsaw', 'Poland', 52.25, 21);
insert into capital (capital_name, country_name, locationLatitude, locationLongitude) values ('Amsterdam', 'Netherlands', 52.35, 4.916667);
insert into capital (capital_name, country_name, locationLatitude, locationLongitude) values ('Berlin', 'Germany', 52.51666667, 13.4);
insert into capital (capital_name, country_name, locationLatitude, locationLongitude) values ('Dublin', 'Ireland', 53.31666667, -6.233333);
insert into capital (capital_name, country_name, locationLatitude, locationLongitude) values ('Minsk', 'Belarus', 53.9, 27.566667);
insert into capital (capital_name, country_name, locationLatitude, locationLongitude) values ('Vilnius', 'Lithuania', 54.68333333, 25.316667);
insert into capital (capital_name, country_name, locationLatitude, locationLongitude) values ('Copenhagen', 'Denmark', 55.66666667, 12.583333);
insert into capital (capital_name, country_name, locationLatitude, locationLongitude) values ('Moscow', 'Russia', 55.75, 37.6);
insert into capital (capital_name, country_name, locationLatitude, locationLongitude) values ('Riga', 'Latvia', 56.95, 24.1);
insert into capital (capital_name, country_name, locationLatitude, locationLongitude) values ('Stockholm', 'Sweden', 59.33333333, 18.05);
insert into capital (capital_name, country_name, locationLatitude, locationLongitude) values ('Tallinn', 'Estonia', 59.43333333, 24.716667);
insert into capital (capital_name, country_name, locationLatitude, locationLongitude) values ('Oslo', 'Norway', 59.91666667, 10.75);
insert into capital (capital_name, country_name, locationLatitude, locationLongitude) values ('Helsinki', 'Finland', 60.16666667, 24.933333);
insert into capital (capital_name, country_name, locationLatitude, locationLongitude) values ('Reykjavik', 'Iceland', 64.15, -21.95);
insert into capital (capital_name, country_name, locationLatitude, locationLongitude) values ('Mexico City', 'Mexico', 19.43333333, -99.133333);
insert into capital (capital_name, country_name, locationLatitude, locationLongitude) values ('Ottawa', 'Canada', 45.41666667, -75.7);
insert into capital (capital_name, country_name, locationLatitude, locationLongitude) values ('Washington', 'United States', 38.89511, -77.03637);
insert into capital (capital_name, country_name, locationLatitude, locationLongitude) values ('Panama City', 'Panama', 8.966666667, -79.533333);
insert into capital (capital_name, country_name, locationLatitude, locationLongitude) values ('San Jose', 'Costa Rica', 9.933333333, -84.083333);
insert into capital (capital_name, country_name, locationLatitude, locationLongitude) values ('Managua', 'Nicaragua', 12.13333333, -86.25);
insert into capital (capital_name, country_name, locationLatitude, locationLongitude) values ('San Salvador', 'El Salvador', 13.7, -89.2);
insert into capital (capital_name, country_name, locationLatitude, locationLongitude) values ('Tegucigalpa', 'Honduras', 14.1, -87.216667);
insert into capital (capital_name, country_name, locationLatitude, locationLongitude) values ('Guatemala City', 'Guatemala', 14.61666667, -90.516667);
insert into capital (capital_name, country_name, locationLatitude, locationLongitude) values ('Belmopan', 'Belize', 17.25, -88.766667);
insert into capital (capital_name, country_name, locationLatitude, locationLongitude) values ('Montevideo', 'Uruguay', -34.85, -56.166667);
insert into capital (capital_name, country_name, locationLatitude, locationLongitude) values ('Buenos Aires', 'Argentina', -34.58333333, -58.666667);
insert into capital (capital_name, country_name, locationLatitude, locationLongitude) values ('Santiago', 'Chile', -33.45, -70.666667);
insert into capital (capital_name, country_name, locationLatitude, locationLongitude) values ('Asuncion', 'Paraguay', -25.26666667, -57.666667);
insert into capital (capital_name, country_name, locationLatitude, locationLongitude) values ('La Paz', 'Bolivia', -16.5, -68.15);
insert into capital (capital_name, country_name, locationLatitude, locationLongitude) values ('Brasilia', 'Brazil', -15.78333333, -47.916667);
insert into capital (capital_name, country_name, locationLatitude, locationLongitude) values ('Lima', 'Peru', -12.05, -77.05);
insert into capital (capital_name, country_name, locationLatitude, locationLongitude) values ('Quito', 'Ecuador', -0.216666667, -78.5);
insert into capital (capital_name, country_name, locationLatitude, locationLongitude) values ('Bogota', 'Colombia', 4.6, -74.083333);
insert into capital (capital_name, country_name, locationLatitude, locationLongitude) values ('Paramaribo', 'Suriname', 5.833333333, -55.166667);
insert into capital (capital_name, country_name, locationLatitude, locationLongitude) values ('Georgetown', 'Guyana', 6.8, -58.15);
insert into capital (capital_name, country_name, locationLatitude, locationLongitude) values ('Caracas', 'Venezuela', 10.48333333, -66.866667);
 --inserted 43 countries

insert into PlaceLocation (location_id, locationlatitude, locationLongitude, country) values (4251, 34.91666667, 33.65, 'Cyprus');
insert into PlaceLocation (location_id, locationlatitude, locationLongitude, country) values (3463, 35.84194, 14.54306, 'Malta');
insert into PlaceLocation (location_id, locationlatitude, locationLongitude, country) values (3485, 56.15, 10.21666667, 'Denmark');
insert into PlaceLocation (location_id, locationlatitude, locationLongitude, country) values (1153, 55.7, 12.61666667, 'Denmark');
insert into PlaceLocation (location_id, locationlatitude, locationLongitude, country) values (2736, -17, -72.1, 'Peru');
insert into PlaceLocation (location_id, locationlatitude, locationLongitude, country) values (4366, 44.4, 8.933333333, 'Italy');
insert into PlaceLocation (location_id, locationlatitude, locationLongitude, country) values (1858, 64.3572, -21.7781, 'Iceland');
insert into PlaceLocation (location_id, locationlatitude, locationLongitude, country) values (5651, 54.7, 20.48333333, 'Russia');
insert into PlaceLocation (location_id, locationlatitude, locationLongitude, country) values (2306, 54.35, 18.68333333, 'Poland');
insert into PlaceLocation (location_id, locationlatitude, locationLongitude, country) values (4289, 41.18333333, -8.7, 'Portugal');
insert into PlaceLocation (location_id, locationlatitude, locationLongitude, country) values (3373, 45.43333333, 12.33333333, 'Italy');
insert into PlaceLocation (location_id, locationlatitude, locationLongitude, country) values (1064, 38.5, -8.916666667, 'Portugal');
insert into PlaceLocation (location_id, locationlatitude, locationLongitude, country) values (4001, -38.78333333, -62.26666667, 'Argentina');
insert into PlaceLocation (location_id, locationlatitude, locationLongitude, country) values (7054, 1, -79.63333333, 'Ecuador');
insert into PlaceLocation (location_id, locationlatitude, locationLongitude, country) values (5191, 19.05, -104.3333333, 'Mexico');
insert into PlaceLocation (location_id, locationlatitude, locationLongitude, country) values (1659, 44.16666667, 28.65, 'Romania');
insert into PlaceLocation (location_id, locationlatitude, locationLongitude, country) values (6108, 45.41666667, 28.08333333, 'Romania');
insert into PlaceLocation (location_id, locationlatitude, locationLongitude, country) values (4872, 33.71666667, -118.2666667, 'United States');
insert into PlaceLocation (location_id, locationlatitude, locationLongitude, country) values (698, 13.33333333, -87.81666667, 'El Salvador');
insert into PlaceLocation (location_id, locationlatitude, locationLongitude, country) values (1741, 60.16666667, 24.95, 'Finland');
insert into PlaceLocation (location_id, locationlatitude, locationLongitude, country) values (1079, 60.46666667, 26.95, 'Finland');
insert into PlaceLocation (location_id, locationlatitude, locationLongitude, country) values (8378, 41.33333333, 2.166666667, 'Spain');
insert into PlaceLocation (location_id, locationlatitude, locationLongitude, country) values (9845, -34.9, -56.21666667, 'Uruguay');
insert into PlaceLocation (location_id, locationlatitude, locationLongitude, country) values (5550, 48.4, -4.5, 'France');
insert into PlaceLocation (location_id, locationlatitude, locationLongitude, country) values (94, 41.65, 41.63333333, 'Georgia');
insert into PlaceLocation (location_id, locationlatitude, locationLongitude, country) values (9937, 40.48333333, 19.48333333, 'Albania');
insert into PlaceLocation (location_id, locationlatitude, locationLongitude, country) values (1114, 51.05, 2.366666667, 'France');
insert into PlaceLocation (location_id, locationlatitude, locationLongitude, country) values (9616, 38.53333333, -28.61666667, 'Portugal');
insert into PlaceLocation (location_id, locationlatitude, locationLongitude, country) values (7393, 59.88333333, 30.21666667, 'Russia');
insert into PlaceLocation (location_id, locationlatitude, locationLongitude, country) values (3195, 37.73333333, -25.66666667, 'Portugal');
insert into PlaceLocation (location_id, locationlatitude, locationLongitude, country) values (2996, 42.13333333, 41.65, 'Georgia');
insert into PlaceLocation (location_id, locationlatitude, locationLongitude, country) values (9214, 59.45, 24.76666667, 'Estonia');
insert into PlaceLocation (location_id, locationlatitude, locationLongitude, country) values (3530, 39.45, -0.3, 'Spain');
insert into PlaceLocation (location_id, locationlatitude, locationLongitude, country) values (5294, 51.23333333, 4.466666667, 'Belgium');
insert into PlaceLocation (location_id, locationlatitude, locationLongitude, country) values (9339, 51.33333333, 3.2, 'Belgium');
insert into PlaceLocation (location_id, locationlatitude, locationLongitude, country) values (3418, 54.15, 12.1, 'Germany');
insert into PlaceLocation (location_id, locationlatitude, locationLongitude, country) values (843, -32.06666667, -52.06666667, 'Brazil');
insert into PlaceLocation (location_id, locationlatitude, locationLongitude, country) values (7410, -12.96666667, -38.51666667, 'Brazil');
insert into PlaceLocation (location_id, locationlatitude, locationLongitude, country) values (4879, 58.26666667, 11.41666667, 'Sweden');
insert into PlaceLocation (location_id, locationlatitude, locationLongitude, country) values (8801, 42.5, 27.48333333, 'Bulgaria');
insert into PlaceLocation (location_id, locationlatitude, locationLongitude, country) values (2778, 43.2, 27.95, 'Bulgaria');
insert into PlaceLocation (location_id, locationlatitude, locationLongitude, country) values (5827, 59.33333333, 18.05, 'Sweden');
insert into PlaceLocation (location_id, locationlatitude, locationLongitude, country) values (7203, 45.55, 13.73333333, 'Slovenia');
insert into PlaceLocation (location_id, locationlatitude, locationLongitude, country) values (7743, 19.2, -96.13333333, 'Mexico');
insert into PlaceLocation (location_id, locationlatitude, locationLongitude, country) values (2377, 43.73333333, 7.45, 'Monaco');
insert into PlaceLocation (location_id, locationlatitude, locationLongitude, country) values (3075, 43.5, 16.43333333, 'Croatia');
insert into PlaceLocation (location_id, locationlatitude, locationLongitude, country) values (2317, 37.95, 23.63333333, 'Greece');
insert into PlaceLocation (location_id, locationlatitude, locationLongitude, country) values (9517, 38.03333333, 23.58333333, 'Greece');
insert into PlaceLocation (location_id, locationlatitude, locationLongitude, country) values (7321, 44.65, -63.56666667, 'Canada');
insert into PlaceLocation (location_id, locationlatitude, locationLongitude, country) values (9364, 36.76666667, 34.65, 'Turkey');
insert into PlaceLocation (location_id, locationlatitude, locationLongitude, country) values (7903, 45.51666667, 13.6, 'Slovenia');
insert into PlaceLocation (location_id, locationlatitude, locationLongitude, country) values (7428, 51.45, 3.6, 'Netherlands');
insert into PlaceLocation (location_id, locationlatitude, locationLongitude, country) values (621, 32.65, -16.91666667, 'Portugal');
insert into PlaceLocation (location_id, locationlatitude, locationLongitude, country) values (379, 45.51666667, 13.68333333, 'Slovenia');
insert into PlaceLocation (location_id, locationlatitude, locationLongitude, country) values (4147, 45.31666667, 14.43333333, 'Croatia');
insert into PlaceLocation (location_id, locationlatitude, locationLongitude, country) values (7349, 40.66666667, -74.16666667, 'United States');
insert into PlaceLocation (location_id, locationlatitude, locationLongitude, country) values (46, 49.28333333, -123.1166667, 'Canada');
insert into PlaceLocation (location_id, locationlatitude, locationLongitude, country) values (122, 60.38333333, 5.3, 'Norway');
insert into PlaceLocation (location_id, locationlatitude, locationLongitude, country) values (3905, -34.56666667, -58.38333333, 'Argentina');
insert into PlaceLocation (location_id, locationlatitude, locationLongitude, country) values (3169, -23.93333333, -46.31666667, 'Brazil');
insert into PlaceLocation (location_id, locationlatitude, locationLongitude, country) values (7603, 68.41666667, 17.41666667, 'Norway');
insert into PlaceLocation (location_id, locationlatitude, locationLongitude, country) values (2671, -36.73333333, -73.15, 'Chile');
insert into PlaceLocation (location_id, locationlatitude, locationLongitude, country) values (1179, -33.01666667, -71.63333333, 'Chile');
insert into PlaceLocation (location_id, locationlatitude, locationLongitude, country) values (5665, 3.916666667, -77.05, 'Colombia');
insert into PlaceLocation (location_id, locationlatitude, locationLongitude, country) values (7478, 10.41666667, -75.53333333, 'Colombia');
insert into PlaceLocation (location_id, locationlatitude, locationLongitude, country) values (8964, 10, -83.01666667, 'Costa Rica');
insert into PlaceLocation (location_id, locationlatitude, locationLongitude, country) values (9229, 53.46666667, -3.033333333, 'United Kingdom');
insert into PlaceLocation (location_id, locationlatitude, locationLongitude, country) values (2700, 51.5, -0.066666667, 'United Kingdom');
insert into PlaceLocation (location_id, locationlatitude, locationLongitude, country) values (984, 53.35, -6.266666667, 'Ireland');
insert into PlaceLocation (location_id, locationlatitude, locationLongitude, country) values (5056, -2.266666667, -79.9, 'Ecuador');
insert into PlaceLocation (location_id, locationlatitude, locationLongitude, country) values (5447, 13.91666667, -90.78333333, 'Guatemala');
insert into PlaceLocation (location_id, locationlatitude, locationLongitude, country) values (7907, -12.05, -77.16666667, 'Peru');
insert into PlaceLocation (location_id, locationlatitude, locationLongitude, country) values (2519, 45.01666667, 35.38333333, 'Ukraine');
insert into PlaceLocation (location_id, locationlatitude, locationLongitude, country) values (1031, 9.35, -79.91666667, 'Panama');
insert into PlaceLocation (location_id, locationlatitude, locationLongitude, country) values (4441, 8.966666667, -79.56666667, 'Panama');
insert into PlaceLocation (location_id, locationlatitude, locationLongitude, country) values (7681, 53.55, 9.983333333, 'Germany');
insert into PlaceLocation (location_id, locationlatitude, locationLongitude, country) values (6693, 40.48333333, 19.48333333, 'Albania');
insert into PlaceLocation (location_id, locationlatitude, locationLongitude, country) values (2141, 40.98333333, 28.53333333, 'Turkey');
insert into PlaceLocation (location_id, locationlatitude, locationLongitude, country) values (10, 10.653860, -71.645966, 'Venezuela');


--inserted 78 place locations

insert into port (port_id, name, maxCapacity, location_id) values (10136, 'Larnaca', 50, 4251);
insert into port (port_id, name, maxCapacity, location_id) values (10138, 'Marsaxlokk', 50, 3463);
insert into port (port_id, name, maxCapacity, location_id) values (10358, 'Aarhus', 50, 3485);
insert into port (port_id, name, maxCapacity, location_id) values (10563, 'Copenhagen', 50, 1153);
insert into port (port_id, name, maxCapacity, location_id) values (10860, 'Matarani', 50, 2736);
insert into port (port_id, name, maxCapacity, location_id) values (11174, 'Genoa', 50, 4366);
insert into port (port_id, name, maxCapacity, location_id) values (11180, 'Grundartangi', 50, 1858);
insert into port (port_id, name, maxCapacity, location_id) values (11771, 'Kaliningrad', 50, 5651);
insert into port (port_id, name, maxCapacity, location_id) values (12543, 'Gdansk', 50, 2306);
insert into port (port_id, name, maxCapacity, location_id) values (13012, 'Leixoes', 50, 4289);
insert into port (port_id, name, maxCapacity, location_id) values (13176, 'Venice', 50, 3373);
insert into port (port_id, name, maxCapacity, location_id) values (13390, 'Setubal', 50, 1064);
insert into port (port_id, name, maxCapacity, location_id) values (14113, 'Bahia Blanca', 50, 4001);
insert into port (port_id, name, maxCapacity, location_id) values (14226, 'Esmeraldas', 50, 7054);
insert into port (port_id, name, maxCapacity, location_id) values (14277, 'Manzanillo', 50, 5191);
insert into port (port_id, name, maxCapacity, location_id) values (14459, 'Constantza', 50, 1659);
insert into port (port_id, name, maxCapacity, location_id) values (14470, 'Galatz', 50, 6108);
insert into port (port_id, name, maxCapacity, location_id) values (14635, 'Los Angeles', 50, 4872);
insert into port (port_id, name, maxCapacity, location_id) values (15107, 'Cutuco', 50, 698);
insert into port (port_id, name, maxCapacity, location_id) values (16485, 'Helsinki', 50, 1741);
insert into port (port_id, name, maxCapacity, location_id) values (16737, 'Kotka', 50, 1079);
insert into port (port_id, name, maxCapacity, location_id) values (17386, 'Barcelona', 50, 8378);
insert into port (port_id, name, maxCapacity, location_id) values (17941, 'Montevideo', 50, 9845);
insert into port (port_id, name, maxCapacity, location_id) values (18012, 'Brest', 50, 5550);
insert into port (port_id, name, maxCapacity, location_id) values (18137, 'Batumi', 50, 94);
insert into port (port_id, name, maxCapacity, location_id) values (18200, 'Vlore', 50, 9937);
insert into port (port_id, name, maxCapacity, location_id) values (18326, 'Dunkirk', 50, 1114);
insert into port (port_id, name, maxCapacity, location_id) values (18433, 'Horta', 50, 9616);
insert into port (port_id, name, maxCapacity, location_id) values (18454, 'St Petersburg', 50, 7393);
insert into port (port_id, name, maxCapacity, location_id) values (18476, 'Ponta Delgada', 50, 3195);
insert into port (port_id, name, maxCapacity, location_id) values (18682, 'Poti', 50, 2996);
insert into port (port_id, name, maxCapacity, location_id) values (18867, 'Tallinn', 50, 9214);
insert into port (port_id, name, maxCapacity, location_id) values (18937, 'Valencia', 50, 3530);
insert into port (port_id, name, maxCapacity, location_id) values (19057, 'Antwerp', 50, 5294);
insert into port (port_id, name, maxCapacity, location_id) values (19473, 'Zeebrugge', 50, 9339);
insert into port (port_id, name, maxCapacity, location_id) values (20072, 'Rostock', 50, 3418);
insert into port (port_id, name, maxCapacity, location_id) values (20301, 'Rio Grande', 50, 843);
insert into port (port_id, name, maxCapacity, location_id) values (20351, 'Salvador', 50, 7410);
insert into port (port_id, name, maxCapacity, location_id) values (20512, 'Lysekil', 50, 4879);
insert into port (port_id, name, maxCapacity, location_id) values (20826, 'Bourgas', 50, 8801);
insert into port (port_id, name, maxCapacity, location_id) values (20847, 'Varna', 50, 2778);
insert into port (port_id, name, maxCapacity, location_id) values (21206, 'Stockholm', 50, 5827);
insert into port (port_id, name, maxCapacity, location_id) values (21381, 'Koper', 50, 7203);
insert into port (port_id, name, maxCapacity, location_id) values (21451, 'Veracruz', 50, 7743);
insert into port (port_id, name, maxCapacity, location_id) values (21457, 'Monaco', 50, 2377);
insert into port (port_id, name, maxCapacity, location_id) values (21556, 'Split', 50, 3075);
insert into port (port_id, name, maxCapacity, location_id) values (21852, 'Piraeus', 50, 2317);
insert into port (port_id, name, maxCapacity, location_id) values (21863, 'Aspropyrgos', 50, 9517);
insert into port (port_id, name, maxCapacity, location_id) values (22226, 'Halifax', 50, 7321);
insert into port (port_id, name, maxCapacity, location_id) values (22522, 'Mersin', 50, 9364);
insert into port (port_id, name, maxCapacity, location_id) values (22770, 'Piran', 50, 7903);
insert into port (port_id, name, maxCapacity, location_id) values (23247, 'Vlissingen', 50, 7428);
insert into port (port_id, name, maxCapacity, location_id) values (23428, 'Funchal', 50, 621);
insert into port (port_id, name, maxCapacity, location_id) values (24795, 'Izola', 50, 379);
insert into port (port_id, name, maxCapacity, location_id) values (24951, 'Rijeka', 50, 4147);
insert into port (port_id, name, maxCapacity, location_id) values (25007, 'New Jersey', 50, 7349);
insert into port (port_id, name, maxCapacity, location_id) values (25350, 'Vancouver', 50, 46);
insert into port (port_id, name, maxCapacity, location_id) values (26147, 'Bergen', 50, 122);
insert into port (port_id, name, maxCapacity, location_id) values (26670, 'Buenos Aires', 50, 3905);
insert into port (port_id, name, maxCapacity, location_id) values (27248, 'Santos', 50, 3169);
insert into port (port_id, name, maxCapacity, location_id) values (27728, 'Narvik', 50, 7603);
insert into port (port_id, name, maxCapacity, location_id) values (27792, 'San Vicente', 50, 2671);
insert into port (port_id, name, maxCapacity, location_id) values (28082, 'Valparaiso', 50, 1179);
insert into port (port_id, name, maxCapacity, location_id) values (28261, 'Buenaventura', 50, 5665);
insert into port (port_id, name, maxCapacity, location_id) values (28313, 'Cartagena', 50, 7478);
insert into port (port_id, name, maxCapacity, location_id) values (28781, 'Puerto Limon', 50, 8964);
insert into port (port_id, name, maxCapacity, location_id) values (29002, 'Liverpool', 50, 9229);
insert into port (port_id, name, maxCapacity, location_id) values (29239, 'London', 50, 2700);
insert into port (port_id, name, maxCapacity, location_id) values (29749, 'Dublin', 50, 984);
insert into port (port_id, name, maxCapacity, location_id) values (29876, 'Guayaquil', 50, 5056);
insert into port (port_id, name, maxCapacity, location_id) values (29973, 'Puerto Quetzal', 50, 5447);
insert into port (port_id, name, maxCapacity, location_id) values (30045, 'Callao', 50, 7907);
insert into port (port_id, name, maxCapacity, location_id) values (213737, 'Feodosia', 50, 2519);
insert into port (port_id, name, maxCapacity, location_id) values (216592, 'Cristobal', 50, 1031);
insert into port (port_id, name, maxCapacity, location_id) values (216593, 'Balboa', 50, 4441);
insert into port (port_id, name, maxCapacity, location_id) values (224858, 'Hamburg', 50, 7681);
insert into port (port_id, name, maxCapacity, location_id) values (228264, 'Vlone', 50, 6693);
insert into port (port_id, name, maxCapacity, location_id) values (246265, 'Ambarli', 50, 2141);
insert into port (port_id, name, maxCapacity, location_id) values (19974, 'Maracaibo', 50, 10);

-- puerto rico guanica 13610
-- venezuela 19974
-- Algiers 13523
-- Gabes tunisia 23495
-- Bizerte tunisia 23448

INSERT INTO  sea_dist(from_port, to_port, sea_dist)
VALUES
  (10358, 246265, 3673);

INSERT INTO  sea_dist(from_port, to_port, sea_dist)
VALUES
  (10358, 21863, 3377);

INSERT INTO  sea_dist(from_port, to_port, sea_dist)
VALUES
  (10358, 216593, 5159);

INSERT INTO  sea_dist(from_port, to_port, sea_dist)
VALUES
  (10358, 17386, 2403);

INSERT INTO  sea_dist(from_port, to_port, sea_dist)
VALUES
  (10358, 18137, 4274);

INSERT INTO  sea_dist(from_port, to_port, sea_dist)
VALUES
  (10358, 26147, 433);

INSERT INTO  sea_dist(from_port, to_port, sea_dist)
VALUES
  (10358, 23448, 2631);

INSERT INTO  sea_dist(from_port, to_port, sea_dist)
VALUES
  (10358, 18012, 1004);

INSERT INTO  sea_dist(from_port, to_port, sea_dist)
VALUES
  (10358, 30045, 6499);

INSERT INTO  sea_dist(from_port, to_port, sea_dist)
VALUES
  (10358, 14459, 3884);

INSERT INTO  sea_dist(from_port, to_port, sea_dist)
VALUES
  (10358, 10563, 113);

INSERT INTO  sea_dist(from_port, to_port, sea_dist)
VALUES
  (10358, 216592, 5120);

INSERT INTO  sea_dist(from_port, to_port, sea_dist)
VALUES
  (10358, 15107, 5900);

INSERT INTO  sea_dist(from_port, to_port, sea_dist)
VALUES
  (10358, 29749, 996);

INSERT INTO  sea_dist(from_port, to_port, sea_dist)
VALUES
  (10358, 18326, 668);

INSERT INTO  sea_dist(from_port, to_port, sea_dist)
VALUES
  (10358, 14226, 5639);

INSERT INTO  sea_dist(from_port, to_port, sea_dist)
VALUES
  (10358, 213737, 4079);

INSERT INTO  sea_dist(from_port, to_port, sea_dist)
VALUES
  (10358, 23428, 2058);

INSERT INTO  sea_dist(from_port, to_port, sea_dist)
VALUES
  (10358, 23495, 2923);

INSERT INTO  sea_dist(from_port, to_port, sea_dist)
VALUES
  (10358, 14470, 4008);

INSERT INTO  sea_dist(from_port, to_port, sea_dist)
VALUES
  (10358, 12543, 379);

INSERT INTO  sea_dist(from_port, to_port, sea_dist)
VALUES
  (10358, 11174, 2735);

INSERT INTO  sea_dist(from_port, to_port, sea_dist)
VALUES
  (10358, 13610, 4312);

INSERT INTO  sea_dist(from_port, to_port, sea_dist)
VALUES
  (10358, 29876, 5996);

INSERT INTO  sea_dist(from_port, to_port, sea_dist)
VALUES
  (10358, 224858, 223);

INSERT INTO  sea_dist(from_port, to_port, sea_dist)
VALUES
  (10358, 16485, 663);

INSERT INTO  sea_dist(from_port, to_port, sea_dist)
VALUES
  (10358, 24795, 3532);

INSERT INTO  sea_dist(from_port, to_port, sea_dist)
VALUES
  (10358, 11771, 410);

INSERT INTO  sea_dist(from_port, to_port, sea_dist)
VALUES
  (10358, 21381, 3532);

INSERT INTO  sea_dist(from_port, to_port, sea_dist)
VALUES
  (10358, 16737, 716);

INSERT INTO  sea_dist(from_port, to_port, sea_dist)
VALUES
  (10358, 13012, 1457);

INSERT INTO  sea_dist(from_port, to_port, sea_dist)
VALUES
  (10358, 29002, 1026);

INSERT INTO  sea_dist(from_port, to_port, sea_dist)
VALUES
  (10358, 29239, 681);

INSERT INTO  sea_dist(from_port, to_port, sea_dist)
VALUES
  (10358, 14635, 8071);

INSERT INTO  sea_dist(from_port, to_port, sea_dist)
VALUES
  (10358, 20512, 183);

INSERT INTO  sea_dist(from_port, to_port, sea_dist)
VALUES
  (10358, 14277, 6884);

INSERT INTO  sea_dist(from_port, to_port, sea_dist)
VALUES
  (10358, 19974, 4781);

INSERT INTO  sea_dist(from_port, to_port, sea_dist)
VALUES
  (10358, 10860, 6934);

INSERT INTO  sea_dist(from_port, to_port, sea_dist)
VALUES
  (10358, 22522, 3849);

INSERT INTO  sea_dist(from_port, to_port, sea_dist)
VALUES
  (10358, 21457, 2657);

INSERT INTO  sea_dist(from_port, to_port, sea_dist)
VALUES
  (10358, 17941, 6771);

INSERT INTO  sea_dist(from_port, to_port, sea_dist)
VALUES
  (10358, 27728, 1035);

INSERT INTO  sea_dist(from_port, to_port, sea_dist)
VALUES
  (10358, 25007, 3658);

INSERT INTO  sea_dist(from_port, to_port, sea_dist)
VALUES
  (10358, 21852, 3369);

INSERT INTO  sea_dist(from_port, to_port, sea_dist)
VALUES
  (10358, 22770, 3532);

INSERT INTO  sea_dist(from_port, to_port, sea_dist)
VALUES
  (10358, 18682, 4291);

INSERT INTO  sea_dist(from_port, to_port, sea_dist)
VALUES
  (10358, 29973, 6048);

INSERT INTO  sea_dist(from_port, to_port, sea_dist)
VALUES
  (10358, 20072, 158);

INSERT INTO  sea_dist(from_port, to_port, sea_dist)
VALUES
  (10358, 13756, 4201);

INSERT INTO  sea_dist(from_port, to_port, sea_dist)
VALUES
  (10358, 13390, 1639);

INSERT INTO  sea_dist(from_port, to_port, sea_dist)
VALUES
  (10358, 18454, 805);

INSERT INTO  sea_dist(from_port, to_port, sea_dist)
VALUES
  (10358, 21206, 536);

INSERT INTO  sea_dist(from_port, to_port, sea_dist)
VALUES
  (10358, 18867, 640);

INSERT INTO  sea_dist(from_port, to_port, sea_dist)
VALUES
  (10358, 18937, 2275);

INSERT INTO  sea_dist(from_port, to_port, sea_dist)
VALUES
  (10358, 13176, 3552);

INSERT INTO  sea_dist(from_port, to_port, sea_dist)
VALUES
  (10358, 21451, 5345);

INSERT INTO  sea_dist(from_port, to_port, sea_dist)
VALUES
  (10358, 23247, 630);


INSERT INTO  sea_dist(from_port, to_port, sea_dist)
VALUES
  (246265, 213737, 406);

INSERT INTO  sea_dist(from_port, to_port, sea_dist)
VALUES
  (246265, 29002, 3051);

INSERT INTO  sea_dist(from_port, to_port, sea_dist)
VALUES
  (246265, 29239, 3105);

INSERT INTO  sea_dist(from_port, to_port, sea_dist)
VALUES
  (246265, 14635, 9061);

INSERT INTO  sea_dist(from_port, to_port, sea_dist)
VALUES
  (246265, 19974, 5670);

INSERT INTO  sea_dist(from_port, to_port, sea_dist)
VALUES
  (246265, 22522, 735);

INSERT INTO  sea_dist(from_port, to_port, sea_dist)
VALUES
  (246265, 17941, 6977);

INSERT INTO  sea_dist(from_port, to_port, sea_dist)
VALUES
  (246265, 25007, 4998);

INSERT INTO  sea_dist(from_port, to_port, sea_dist)
VALUES
  (19057, 10358, 680);

INSERT INTO  sea_dist(from_port, to_port, sea_dist)
VALUES
  (19057, 246265, 3151);

INSERT INTO  sea_dist(from_port, to_port, sea_dist)
VALUES
  (19057, 21863, 2855);

INSERT INTO  sea_dist(from_port, to_port, sea_dist)
VALUES
  (19057, 216593, 4845);

INSERT INTO  sea_dist(from_port, to_port, sea_dist)
VALUES
  (19057, 17386, 1881);

INSERT INTO  sea_dist(from_port, to_port, sea_dist)
VALUES
  (19057, 18137, 3752);

INSERT INTO  sea_dist(from_port, to_port, sea_dist)
VALUES
  (19057, 26147, 635);

INSERT INTO  sea_dist(from_port, to_port, sea_dist)
VALUES
  (19057, 23448, 2109);

INSERT INTO  sea_dist(from_port, to_port, sea_dist)
VALUES
  (19057, 20826, 3292);

INSERT INTO  sea_dist(from_port, to_port, sea_dist)
VALUES
  (19057, 18012, 482);

INSERT INTO  sea_dist(from_port, to_port, sea_dist)
VALUES
  (19057, 28261, 5199);

INSERT INTO  sea_dist(from_port, to_port, sea_dist)
VALUES
  (19057, 30045, 6185);

INSERT INTO  sea_dist(from_port, to_port, sea_dist)
VALUES
  (19057, 28313, 4591);

INSERT INTO  sea_dist(from_port, to_port, sea_dist)
VALUES
  (19057, 14459, 3362);

INSERT INTO  sea_dist(from_port, to_port, sea_dist)
VALUES
  (19057, 10563, 704);

INSERT INTO  sea_dist(from_port, to_port, sea_dist)
VALUES
  (19057, 216592, 4806);

INSERT INTO  sea_dist(from_port, to_port, sea_dist)
VALUES
  (19057, 15107, 5586);

INSERT INTO  sea_dist(from_port, to_port, sea_dist)
VALUES
  (19057, 29749, 633);

INSERT INTO  sea_dist(from_port, to_port, sea_dist)
VALUES
  (19057, 18326, 146);

INSERT INTO  sea_dist(from_port, to_port, sea_dist)
VALUES
  (19057, 14226, 5325);

INSERT INTO  sea_dist(from_port, to_port, sea_dist)
VALUES
  (19057, 213737, 3557);

INSERT INTO  sea_dist(from_port, to_port, sea_dist)
VALUES
  (19057, 23428, 1536);

INSERT INTO  sea_dist(from_port, to_port, sea_dist)
VALUES
  (19057, 23495, 2401);

INSERT INTO  sea_dist(from_port, to_port, sea_dist)
VALUES
  (19057, 14470, 3486);

INSERT INTO  sea_dist(from_port, to_port, sea_dist)
VALUES
  (19057, 12543, 970);

INSERT INTO  sea_dist(from_port, to_port, sea_dist)
VALUES
  (19057, 11174, 2213);

INSERT INTO  sea_dist(from_port, to_port, sea_dist)
VALUES
  (19057, 13610, 3942);

INSERT INTO  sea_dist(from_port, to_port, sea_dist)
VALUES
  (19057, 29876, 5682);

INSERT INTO  sea_dist(from_port, to_port, sea_dist)
VALUES
  (19057, 22226, 2787);

INSERT INTO  sea_dist(from_port, to_port, sea_dist)
VALUES
  (19057, 224858, 405);

INSERT INTO  sea_dist(from_port, to_port, sea_dist)
VALUES
  (19057, 16485, 1254);

INSERT INTO  sea_dist(from_port, to_port, sea_dist)
VALUES
  (19057, 24795, 3010);

INSERT INTO  sea_dist(from_port, to_port, sea_dist)
VALUES
  (19057, 11771, 1005);

INSERT INTO  sea_dist(from_port, to_port, sea_dist)
VALUES
  (19057, 21381, 3010);

INSERT INTO  sea_dist(from_port, to_port, sea_dist)
VALUES
  (19057, 16737, 1309);

INSERT INTO  sea_dist(from_port, to_port, sea_dist)
VALUES
  (19057, 10136, 3287);

INSERT INTO  sea_dist(from_port, to_port, sea_dist)
VALUES
  (19057, 13012, 935);

INSERT INTO  sea_dist(from_port, to_port, sea_dist)
VALUES
  (19057, 29002, 698);

INSERT INTO  sea_dist(from_port, to_port, sea_dist)
VALUES
  (19057, 29239, 196);

INSERT INTO  sea_dist(from_port, to_port, sea_dist)
VALUES
  (19057, 14635, 7757);

INSERT INTO  sea_dist(from_port, to_port, sea_dist)
VALUES
  (19057, 20512, 588);

INSERT INTO  sea_dist(from_port, to_port, sea_dist)
VALUES
  (19057, 14277, 6570);

INSERT INTO  sea_dist(from_port, to_port, sea_dist)
VALUES
  (19057, 19974, 4426);

INSERT INTO  sea_dist(from_port, to_port, sea_dist)
VALUES
  (19057, 10860, 6620);

INSERT INTO  sea_dist(from_port, to_port, sea_dist)
VALUES
  (19057, 22522, 3327);

INSERT INTO  sea_dist(from_port, to_port, sea_dist)
VALUES
  (19057, 21457, 2135);

INSERT INTO  sea_dist(from_port, to_port, sea_dist)
VALUES
  (19057, 17941, 6249);

INSERT INTO  sea_dist(from_port, to_port, sea_dist)
VALUES
  (19057, 27728, 1230);

INSERT INTO  sea_dist(from_port, to_port, sea_dist)
VALUES
  (19057, 25007, 3395);

INSERT INTO  sea_dist(from_port, to_port, sea_dist)
VALUES
  (19057, 21852, 2847);

INSERT INTO  sea_dist(from_port, to_port, sea_dist)
VALUES
  (19057, 22770, 3010);

INSERT INTO  sea_dist(from_port, to_port, sea_dist)
VALUES
  (19057, 18682, 3769);

INSERT INTO  sea_dist(from_port, to_port, sea_dist)
VALUES
  (19057, 28781, 4890);

INSERT INTO  sea_dist(from_port, to_port, sea_dist)
VALUES
  (19057, 29973, 5734);

INSERT INTO  sea_dist(from_port, to_port, sea_dist)
VALUES
  (19057, 24951, 2974);

INSERT INTO  sea_dist(from_port, to_port, sea_dist)
VALUES
  (19057, 20301, 5956);

INSERT INTO  sea_dist(from_port, to_port, sea_dist)
VALUES
  (19057, 20072, 813);

INSERT INTO  sea_dist(from_port, to_port, sea_dist)
VALUES
  (19057, 20351, 4563);

INSERT INTO  sea_dist(from_port, to_port, sea_dist)
VALUES
  (19057, 13756, 3853);

INSERT INTO  sea_dist(from_port, to_port, sea_dist)
VALUES
  (19057, 27792, 7647);

INSERT INTO  sea_dist(from_port, to_port, sea_dist)
VALUES
  (19057, 27248, 5435);

INSERT INTO  sea_dist(from_port, to_port, sea_dist)
VALUES
  (19057, 13390, 1117);

INSERT INTO  sea_dist(from_port, to_port, sea_dist)
VALUES
  (19057, 21556, 2854);

INSERT INTO  sea_dist(from_port, to_port, sea_dist)
VALUES
  (19057, 18454, 1395);

INSERT INTO  sea_dist(from_port, to_port, sea_dist)
VALUES
  (19057, 21206, 1126);

INSERT INTO  sea_dist(from_port, to_port, sea_dist)
VALUES
  (19057, 18867, 1233);

INSERT INTO  sea_dist(from_port, to_port, sea_dist)
VALUES
  (19057, 18937, 1753);

INSERT INTO  sea_dist(from_port, to_port, sea_dist)
VALUES
  (19057, 28082, 7460);

INSERT INTO  sea_dist(from_port, to_port, sea_dist)
VALUES
  (19057, 25350, 8866);

INSERT INTO  sea_dist(from_port, to_port, sea_dist)
VALUES
  (19057, 20847, 3315);

INSERT INTO  sea_dist(from_port, to_port, sea_dist)
VALUES
  (19057, 13176, 3030);

INSERT INTO  sea_dist(from_port, to_port, sea_dist)
VALUES
  (19057, 21451, 5109);

INSERT INTO  sea_dist(from_port, to_port, sea_dist)
VALUES
  (19057, 23247, 50);

INSERT INTO  sea_dist(from_port, to_port, sea_dist)
VALUES
  (19057, 19473, 87);

INSERT INTO  sea_dist(from_port, to_port, sea_dist)
VALUES
  (21863, 246265, 345);

INSERT INTO  sea_dist(from_port, to_port, sea_dist)
VALUES
  (21863, 216593, 5853);

INSERT INTO  sea_dist(from_port, to_port, sea_dist)
VALUES
  (21863, 17386, 1164);

INSERT INTO  sea_dist(from_port, to_port, sea_dist)
VALUES
  (21863, 26147, 3301);

INSERT INTO  sea_dist(from_port, to_port, sea_dist)
VALUES
  (21863, 23448, 748);

INSERT INTO  sea_dist(from_port, to_port, sea_dist)
VALUES
  (21863, 30045, 7193);

INSERT INTO  sea_dist(from_port, to_port, sea_dist)
VALUES
  (21863, 14459, 556);

INSERT INTO  sea_dist(from_port, to_port, sea_dist)
VALUES
  (21863, 216592, 5814);

INSERT INTO  sea_dist(from_port, to_port, sea_dist)
VALUES
  (21863, 29749, 2685);

INSERT INTO  sea_dist(from_port, to_port, sea_dist)
VALUES
  (21863, 213737, 751);

INSERT INTO  sea_dist(from_port, to_port, sea_dist)
VALUES
  (21863, 23428, 2097);

INSERT INTO  sea_dist(from_port, to_port, sea_dist)
VALUES
  (21863, 23495, 769);

INSERT INTO  sea_dist(from_port, to_port, sea_dist)
VALUES
  (21863, 14470, 680);

INSERT INTO  sea_dist(from_port, to_port, sea_dist)
VALUES
  (21863, 12543, 3667);

INSERT INTO  sea_dist(from_port, to_port, sea_dist)
VALUES
  (21863, 11174, 980);

INSERT INTO  sea_dist(from_port, to_port, sea_dist)
VALUES
  (21863, 13610, 4912);

INSERT INTO  sea_dist(from_port, to_port, sea_dist)
VALUES
  (21863, 24795, 843);

INSERT INTO  sea_dist(from_port, to_port, sea_dist)
VALUES
  (21863, 11771, 3702);

INSERT INTO  sea_dist(from_port, to_port, sea_dist)
VALUES
  (21863, 21381, 843);

INSERT INTO  sea_dist(from_port, to_port, sea_dist)
VALUES
  (21863, 13012, 1943);

INSERT INTO  sea_dist(from_port, to_port, sea_dist)
VALUES
  (21863, 29002, 2755);

INSERT INTO  sea_dist(from_port, to_port, sea_dist)
VALUES
  (21863, 29239, 2809);

INSERT INTO  sea_dist(from_port, to_port, sea_dist)
VALUES
  (21863, 14635, 8765);

INSERT INTO  sea_dist(from_port, to_port, sea_dist)
VALUES
  (21863, 20512, 3285);

INSERT INTO  sea_dist(from_port, to_port, sea_dist)
VALUES
  (21863, 14277, 7578);

INSERT INTO  sea_dist(from_port, to_port, sea_dist)
VALUES
  (21863, 19974, 5374);

INSERT INTO  sea_dist(from_port, to_port, sea_dist)
VALUES
  (21863, 10860, 7628);

INSERT INTO  sea_dist(from_port, to_port, sea_dist)
VALUES
  (21863, 22522, 594);

INSERT INTO  sea_dist(from_port, to_port, sea_dist)
VALUES
  (21863, 21457, 1008);

INSERT INTO  sea_dist(from_port, to_port, sea_dist)
VALUES
  (21863, 17941, 6681);

INSERT INTO  sea_dist(from_port, to_port, sea_dist)
VALUES
  (21863, 27728, 3897);

INSERT INTO  sea_dist(from_port, to_port, sea_dist)
VALUES
  (21863, 25007, 4702);

INSERT INTO  sea_dist(from_port, to_port, sea_dist)
VALUES
  (21863, 21852, 10);

INSERT INTO  sea_dist(from_port, to_port, sea_dist)
VALUES
  (21863, 22770, 843);

INSERT INTO  sea_dist(from_port, to_port, sea_dist)
VALUES
  (21863, 29973, 6742);

INSERT INTO  sea_dist(from_port, to_port, sea_dist)
VALUES
  (21863, 13756, 4843);

INSERT INTO  sea_dist(from_port, to_port, sea_dist)
VALUES
  (21863, 13390, 1773);

INSERT INTO  sea_dist(from_port, to_port, sea_dist)
VALUES
  (21863, 18454, 4092);

INSERT INTO  sea_dist(from_port, to_port, sea_dist)
VALUES
  (21863, 21206, 3823);

INSERT INTO  sea_dist(from_port, to_port, sea_dist)
VALUES
  (21863, 18937, 1245);

INSERT INTO  sea_dist(from_port, to_port, sea_dist)
VALUES
  (21863, 13176, 863);

INSERT INTO  sea_dist(from_port, to_port, sea_dist)
VALUES
  (21863, 21451, 6308);

INSERT INTO  sea_dist(from_port, to_port, sea_dist)
VALUES
  (21863, 23247, 2805);

INSERT INTO  sea_dist(from_port, to_port, sea_dist)
VALUES
  (14113, 10358, 7147);

INSERT INTO  sea_dist(from_port, to_port, sea_dist)
VALUES
  (14113, 246265, 7352);

INSERT INTO  sea_dist(from_port, to_port, sea_dist)
VALUES
  (14113, 19057, 6625);

INSERT INTO  sea_dist(from_port, to_port, sea_dist)
VALUES
  (14113, 21863, 7056);

INSERT INTO  sea_dist(from_port, to_port, sea_dist)
VALUES
  (14113, 216593, 4904);

INSERT INTO  sea_dist(from_port, to_port, sea_dist)
VALUES
  (14113, 17386, 6082);

INSERT INTO  sea_dist(from_port, to_port, sea_dist)
VALUES
  (14113, 18137, 7953);

INSERT INTO  sea_dist(from_port, to_port, sea_dist)
VALUES
  (14113, 26147, 7062);

INSERT INTO  sea_dist(from_port, to_port, sea_dist)
VALUES
  (14113, 23448, 6310);

INSERT INTO  sea_dist(from_port, to_port, sea_dist)
VALUES
  (14113, 20826, 7493);

INSERT INTO  sea_dist(from_port, to_port, sea_dist)
VALUES
  (14113, 18012, 6201);

INSERT INTO  sea_dist(from_port, to_port, sea_dist)
VALUES
  (14113, 28261, 4683);

INSERT INTO  sea_dist(from_port, to_port, sea_dist)
VALUES
  (14113, 26670, 557);

INSERT INTO  sea_dist(from_port, to_port, sea_dist)
VALUES
  (14113, 30045, 3622);

INSERT INTO  sea_dist(from_port, to_port, sea_dist)
VALUES
  (14113, 28313, 5388);

INSERT INTO  sea_dist(from_port, to_port, sea_dist)
VALUES
  (14113, 14459, 7563);

INSERT INTO  sea_dist(from_port, to_port, sea_dist)
VALUES
  (14113, 10563, 7171);

INSERT INTO  sea_dist(from_port, to_port, sea_dist)
VALUES
  (14113, 216592, 5623);

INSERT INTO  sea_dist(from_port, to_port, sea_dist)
VALUES
  (14113, 15107, 5191);

INSERT INTO  sea_dist(from_port, to_port, sea_dist)
VALUES
  (14113, 29749, 6431);

INSERT INTO  sea_dist(from_port, to_port, sea_dist)
VALUES
  (14113, 18326, 6521);

INSERT INTO  sea_dist(from_port, to_port, sea_dist)
VALUES
  (14113, 14226, 4443);

INSERT INTO  sea_dist(from_port, to_port, sea_dist)
VALUES
  (14113, 213737, 7758);

INSERT INTO  sea_dist(from_port, to_port, sea_dist)
VALUES
  (14113, 23428, 5101);

INSERT INTO  sea_dist(from_port, to_port, sea_dist)
VALUES
  (14113, 23495, 6602);

INSERT INTO  sea_dist(from_port, to_port, sea_dist)
VALUES
  (14113, 14470, 7687);

INSERT INTO  sea_dist(from_port, to_port, sea_dist)
VALUES
  (14113, 12543, 7437);

INSERT INTO  sea_dist(from_port, to_port, sea_dist)
VALUES
  (14113, 11174, 6414);

INSERT INTO  sea_dist(from_port, to_port, sea_dist)
VALUES
  (14113, 13610, 4969);

INSERT INTO  sea_dist(from_port, to_port, sea_dist)
VALUES
  (14113, 29876, 4265);

INSERT INTO  sea_dist(from_port, to_port, sea_dist)
VALUES
  (14113, 22226, 5990);

INSERT INTO  sea_dist(from_port, to_port, sea_dist)
VALUES
  (14113, 224858, 6873);

INSERT INTO  sea_dist(from_port, to_port, sea_dist)
VALUES
  (14113, 16485, 7721);

INSERT INTO  sea_dist(from_port, to_port, sea_dist)
VALUES
  (14113, 18433, 5272);

INSERT INTO  sea_dist(from_port, to_port, sea_dist)
VALUES
  (14113, 24795, 7211);

INSERT INTO  sea_dist(from_port, to_port, sea_dist)
VALUES
  (14113, 11771, 7472);

INSERT INTO  sea_dist(from_port, to_port, sea_dist)
VALUES
  (14113, 21381, 7211);

INSERT INTO  sea_dist(from_port, to_port, sea_dist)
VALUES
  (14113, 16737, 7776);

INSERT INTO  sea_dist(from_port, to_port, sea_dist)
VALUES
  (14113, 10136, 7488);

INSERT INTO  sea_dist(from_port, to_port, sea_dist)
VALUES
  (14113, 13012, 5763);

INSERT INTO  sea_dist(from_port, to_port, sea_dist)
VALUES
  (14113, 29002, 6510);

INSERT INTO  sea_dist(from_port, to_port, sea_dist)
VALUES
  (14113, 29239, 6579);

INSERT INTO  sea_dist(from_port, to_port, sea_dist)
VALUES
  (14113, 14635, 6832);

INSERT INTO  sea_dist(from_port, to_port, sea_dist)
VALUES
  (14113, 20512, 7055);

INSERT INTO  sea_dist(from_port, to_port, sea_dist)
VALUES
  (14113, 14277, 5745);

INSERT INTO  sea_dist(from_port, to_port, sea_dist)
VALUES
  (14113, 19974, 5142);

INSERT INTO  sea_dist(from_port, to_port, sea_dist)
VALUES
  (14113, 10860, 3334);

INSERT INTO  sea_dist(from_port, to_port, sea_dist)
VALUES
  (14113, 22522, 7528);

INSERT INTO  sea_dist(from_port, to_port, sea_dist)
VALUES
  (14113, 21457, 6336);

INSERT INTO  sea_dist(from_port, to_port, sea_dist)
VALUES
  (14113, 17941, 460);

INSERT INTO  sea_dist(from_port, to_port, sea_dist)
VALUES
  (14113, 27728, 7561);

INSERT INTO  sea_dist(from_port, to_port, sea_dist)
VALUES
  (14113, 25007, 6129);

INSERT INTO  sea_dist(from_port, to_port, sea_dist)
VALUES
  (14113, 21852, 7048);

INSERT INTO  sea_dist(from_port, to_port, sea_dist)
VALUES
  (14113, 22770, 7211);

INSERT INTO  sea_dist(from_port, to_port, sea_dist)
VALUES
  (14113, 18476, 5250);

INSERT INTO  sea_dist(from_port, to_port, sea_dist)
VALUES
  (14113, 18682, 7970);

INSERT INTO  sea_dist(from_port, to_port, sea_dist)
VALUES
  (14113, 28781, 5784);

INSERT INTO  sea_dist(from_port, to_port, sea_dist)
VALUES
  (14113, 29973, 5257);

INSERT INTO  sea_dist(from_port, to_port, sea_dist)
VALUES
  (14113, 24951, 7175);

INSERT INTO  sea_dist(from_port, to_port, sea_dist)
VALUES
  (14113, 20301, 710);

INSERT INTO  sea_dist(from_port, to_port, sea_dist)
VALUES
  (14113, 20072, 7280);

INSERT INTO  sea_dist(from_port, to_port, sea_dist)
VALUES
  (14113, 20351, 2126);

INSERT INTO  sea_dist(from_port, to_port, sea_dist)
VALUES
  (14113, 13756, 5016);

INSERT INTO  sea_dist(from_port, to_port, sea_dist)
VALUES
  (14113, 27792, 2174);

INSERT INTO  sea_dist(from_port, to_port, sea_dist)
VALUES
  (14113, 27248, 1280);

INSERT INTO  sea_dist(from_port, to_port, sea_dist)
VALUES
  (14113, 13390, 5608);

INSERT INTO  sea_dist(from_port, to_port, sea_dist)
VALUES
  (14113, 21556, 7055);

INSERT INTO  sea_dist(from_port, to_port, sea_dist)
VALUES
  (14113, 18454, 7862);

INSERT INTO  sea_dist(from_port, to_port, sea_dist)
VALUES
  (14113, 21206, 7593);

INSERT INTO  sea_dist(from_port, to_port, sea_dist)
VALUES
  (14113, 18867, 7700);

INSERT INTO  sea_dist(from_port, to_port, sea_dist)
VALUES
  (14113, 18937, 5954);

INSERT INTO  sea_dist(from_port, to_port, sea_dist)
VALUES
  (14113, 28082, 2394);

INSERT INTO  sea_dist(from_port, to_port, sea_dist)
VALUES
  (14113, 25350, 7971);

INSERT INTO  sea_dist(from_port, to_port, sea_dist)
VALUES
  (14113, 20847, 7516);

INSERT INTO  sea_dist(from_port, to_port, sea_dist)
VALUES
  (14113, 13176, 7231);

INSERT INTO  sea_dist(from_port, to_port, sea_dist)
VALUES
  (14113, 21451, 6632);

INSERT INTO  sea_dist(from_port, to_port, sea_dist)
VALUES
  (14113, 23247, 6575);

INSERT INTO  sea_dist(from_port, to_port, sea_dist)
VALUES
  (14113, 19473, 6554);

INSERT INTO  sea_dist(from_port, to_port, sea_dist)
VALUES
  (216593, 246265, 6149);

INSERT INTO  sea_dist(from_port, to_port, sea_dist)
VALUES
  (216593, 17386, 4879);

INSERT INTO  sea_dist(from_port, to_port, sea_dist)
VALUES
  (216593, 23448, 5107);

INSERT INTO  sea_dist(from_port, to_port, sea_dist)
VALUES
  (216593, 30045, 1340);

INSERT INTO  sea_dist(from_port, to_port, sea_dist)
VALUES
  (216593, 14459, 6360);

INSERT INTO  sea_dist(from_port, to_port, sea_dist)
VALUES
  (216593, 216592, 39);

INSERT INTO  sea_dist(from_port, to_port, sea_dist)
VALUES
  (216593, 213737, 6555);

INSERT INTO  sea_dist(from_port, to_port, sea_dist)
VALUES
  (216593, 23495, 5399);

INSERT INTO  sea_dist(from_port, to_port, sea_dist)
VALUES
  (216593, 14470, 6484);

INSERT INTO  sea_dist(from_port, to_port, sea_dist)
VALUES
  (216593, 12543, 5449);

INSERT INTO  sea_dist(from_port, to_port, sea_dist)
VALUES
  (216593, 13610, 956);

INSERT INTO  sea_dist(from_port, to_port, sea_dist)
VALUES
  (216593, 24795, 6008);

INSERT INTO  sea_dist(from_port, to_port, sea_dist)
VALUES
  (216593, 11771, 5484);

INSERT INTO  sea_dist(from_port, to_port, sea_dist)
VALUES
  (216593, 21381, 6008);

INSERT INTO  sea_dist(from_port, to_port, sea_dist)
VALUES
  (216593, 13012, 4229);

INSERT INTO  sea_dist(from_port, to_port, sea_dist)
VALUES
  (216593, 29002, 4579);

INSERT INTO  sea_dist(from_port, to_port, sea_dist)
VALUES
  (216593, 29239, 4799);

INSERT INTO  sea_dist(from_port, to_port, sea_dist)
VALUES
  (216593, 14635, 2912);

INSERT INTO  sea_dist(from_port, to_port, sea_dist)
VALUES
  (216593, 20512, 5056);

INSERT INTO  sea_dist(from_port, to_port, sea_dist)
VALUES
  (216593, 19974, 715);

INSERT INTO  sea_dist(from_port, to_port, sea_dist)
VALUES
  (216593, 10860, 1775);

INSERT INTO  sea_dist(from_port, to_port, sea_dist)
VALUES
  (216593, 22522, 6325);

INSERT INTO  sea_dist(from_port, to_port, sea_dist)
VALUES
  (216593, 17941, 5235);

INSERT INTO  sea_dist(from_port, to_port, sea_dist)
VALUES
  (216593, 25007, 2018);

INSERT INTO  sea_dist(from_port, to_port, sea_dist)
VALUES
  (216593, 22770, 6008);

INSERT INTO  sea_dist(from_port, to_port, sea_dist)
VALUES
  (216593, 13756, 1031);

INSERT INTO  sea_dist(from_port, to_port, sea_dist)
VALUES
  (216593, 13390, 4209);

INSERT INTO  sea_dist(from_port, to_port, sea_dist)
VALUES
  (216593, 18454, 5874);

INSERT INTO  sea_dist(from_port, to_port, sea_dist)
VALUES
  (216593, 21206, 5605);

INSERT INTO  sea_dist(from_port, to_port, sea_dist)
VALUES
  (216593, 18937, 4751);

INSERT INTO  sea_dist(from_port, to_port, sea_dist)
VALUES
  (17386, 246265, 1454);

INSERT INTO  sea_dist(from_port, to_port, sea_dist)
VALUES
  (17386, 23448, 436);

INSERT INTO  sea_dist(from_port, to_port, sea_dist)
VALUES
  (17386, 213737, 1860);

INSERT INTO  sea_dist(from_port, to_port, sea_dist)
VALUES
  (17386, 23495, 721);

INSERT INTO  sea_dist(from_port, to_port, sea_dist)
VALUES
  (17386, 29002, 1781);

INSERT INTO  sea_dist(from_port, to_port, sea_dist)
VALUES
  (17386, 29239, 1835);

INSERT INTO  sea_dist(from_port, to_port, sea_dist)
VALUES
  (17386, 14635, 7791);

INSERT INTO  sea_dist(from_port, to_port, sea_dist)
VALUES
  (17386, 20512, 2311);

INSERT INTO  sea_dist(from_port, to_port, sea_dist)
VALUES
  (17386, 19974, 4400);

INSERT INTO  sea_dist(from_port, to_port, sea_dist)
VALUES
  (17386, 22522, 1636);

INSERT INTO  sea_dist(from_port, to_port, sea_dist)
VALUES
  (17386, 17941, 5707);

INSERT INTO  sea_dist(from_port, to_port, sea_dist)
VALUES
  (17386, 25007, 3728);

INSERT INTO  sea_dist(from_port, to_port, sea_dist)
VALUES
  (17386, 21206, 2849);

INSERT INTO  sea_dist(from_port, to_port, sea_dist)
VALUES
  (17386, 18937, 164);

INSERT INTO  sea_dist(from_port, to_port, sea_dist)
VALUES
  (18137, 246265, 601);

INSERT INTO  sea_dist(from_port, to_port, sea_dist)
VALUES
  (18137, 21863, 946);

INSERT INTO  sea_dist(from_port, to_port, sea_dist)
VALUES
  (18137, 216593, 6750);

INSERT INTO  sea_dist(from_port, to_port, sea_dist)
VALUES
  (18137, 17386, 2055);

INSERT INTO  sea_dist(from_port, to_port, sea_dist)
VALUES
  (18137, 26147, 4198);

INSERT INTO  sea_dist(from_port, to_port, sea_dist)
VALUES
  (18137, 23448, 1639);

INSERT INTO  sea_dist(from_port, to_port, sea_dist)
VALUES
  (18137, 30045, 8090);

INSERT INTO  sea_dist(from_port, to_port, sea_dist)
VALUES
  (18137, 14459, 588);

INSERT INTO  sea_dist(from_port, to_port, sea_dist)
VALUES
  (18137, 216592, 6711);

INSERT INTO  sea_dist(from_port, to_port, sea_dist)
VALUES
  (18137, 29749, 3582);

INSERT INTO  sea_dist(from_port, to_port, sea_dist)
VALUES
  (18137, 213737, 343);

INSERT INTO  sea_dist(from_port, to_port, sea_dist)
VALUES
  (18137, 23428, 2994);

INSERT INTO  sea_dist(from_port, to_port, sea_dist)
VALUES
  (18137, 23495, 1660);

INSERT INTO  sea_dist(from_port, to_port, sea_dist)
VALUES
  (18137, 14470, 643);

INSERT INTO  sea_dist(from_port, to_port, sea_dist)
VALUES
  (18137, 12543, 4564);

INSERT INTO  sea_dist(from_port, to_port, sea_dist)
VALUES
  (18137, 11174, 1871);

INSERT INTO  sea_dist(from_port, to_port, sea_dist)
VALUES
  (18137, 13610, 5809);

INSERT INTO  sea_dist(from_port, to_port, sea_dist)
VALUES
  (18137, 224858, 4000);

INSERT INTO  sea_dist(from_port, to_port, sea_dist)
VALUES
  (18137, 24795, 1734);

INSERT INTO  sea_dist(from_port, to_port, sea_dist)
VALUES
  (18137, 11771, 4599);

INSERT INTO  sea_dist(from_port, to_port, sea_dist)
VALUES
  (18137, 21381, 1734);

INSERT INTO  sea_dist(from_port, to_port, sea_dist)
VALUES
  (18137, 13012, 2840);

INSERT INTO  sea_dist(from_port, to_port, sea_dist)
VALUES
  (18137, 29002, 3652);

INSERT INTO  sea_dist(from_port, to_port, sea_dist)
VALUES
  (18137, 29239, 3706);

INSERT INTO  sea_dist(from_port, to_port, sea_dist)
VALUES
  (18137, 14635, 9662);

INSERT INTO  sea_dist(from_port, to_port, sea_dist)
VALUES
  (18137, 20512, 4182);

INSERT INTO  sea_dist(from_port, to_port, sea_dist)
VALUES
  (18137, 14277, 8475);

INSERT INTO  sea_dist(from_port, to_port, sea_dist)
VALUES
  (18137, 19974, 6271);

INSERT INTO  sea_dist(from_port, to_port, sea_dist)
VALUES
  (18137, 10860, 8525);

INSERT INTO  sea_dist(from_port, to_port, sea_dist)
VALUES
  (18137, 22522, 1336);

INSERT INTO  sea_dist(from_port, to_port, sea_dist)
VALUES
  (18137, 21457, 1899);

INSERT INTO  sea_dist(from_port, to_port, sea_dist)
VALUES
  (18137, 17941, 7578);

INSERT INTO  sea_dist(from_port, to_port, sea_dist)
VALUES
  (18137, 27728, 4794);

INSERT INTO  sea_dist(from_port, to_port, sea_dist)
VALUES
  (18137, 25007, 5599);

INSERT INTO  sea_dist(from_port, to_port, sea_dist)
VALUES
  (18137, 21852, 938);

INSERT INTO  sea_dist(from_port, to_port, sea_dist)
VALUES
  (18137, 22770, 1734);

INSERT INTO  sea_dist(from_port, to_port, sea_dist)
VALUES
  (18137, 18682, 31);

INSERT INTO  sea_dist(from_port, to_port, sea_dist)
VALUES
  (18137, 29973, 7639);

INSERT INTO  sea_dist(from_port, to_port, sea_dist)
VALUES
  (18137, 20072, 4407);

INSERT INTO  sea_dist(from_port, to_port, sea_dist)
VALUES
  (18137, 13756, 5740);

INSERT INTO  sea_dist(from_port, to_port, sea_dist)
VALUES
  (18137, 13390, 2670);

INSERT INTO  sea_dist(from_port, to_port, sea_dist)
VALUES
  (18137, 18454, 4989);

INSERT INTO  sea_dist(from_port, to_port, sea_dist)
VALUES
  (18137, 21206, 4720);

INSERT INTO  sea_dist(from_port, to_port, sea_dist)
VALUES
  (18137, 18937, 2136);

INSERT INTO  sea_dist(from_port, to_port, sea_dist)
VALUES
  (18137, 13176, 1755);

INSERT INTO  sea_dist(from_port, to_port, sea_dist)
VALUES
  (18137, 21451, 7205);

INSERT INTO  sea_dist(from_port, to_port, sea_dist)
VALUES
  (18137, 23247, 3702);

INSERT INTO  sea_dist(from_port, to_port, sea_dist)
VALUES
  (26147, 246265, 3597);

INSERT INTO  sea_dist(from_port, to_port, sea_dist)
VALUES
  (26147, 216593, 4873);

INSERT INTO  sea_dist(from_port, to_port, sea_dist)
VALUES
  (26147, 17386, 2327);

INSERT INTO  sea_dist(from_port, to_port, sea_dist)
VALUES
  (26147, 23448, 2555);

INSERT INTO  sea_dist(from_port, to_port, sea_dist)
VALUES
  (26147, 30045, 6213);

INSERT INTO  sea_dist(from_port, to_port, sea_dist)
VALUES
  (26147, 14459, 3808);

INSERT INTO  sea_dist(from_port, to_port, sea_dist)
VALUES
  (26147, 216592, 4834);

INSERT INTO  sea_dist(from_port, to_port, sea_dist)
VALUES
  (26147, 213737, 4003);

INSERT INTO  sea_dist(from_port, to_port, sea_dist)
VALUES
  (26147, 23495, 2847);

INSERT INTO  sea_dist(from_port, to_port, sea_dist)
VALUES
  (26147, 14470, 3932);

INSERT INTO  sea_dist(from_port, to_port, sea_dist)
VALUES
  (26147, 12543, 723);

INSERT INTO  sea_dist(from_port, to_port, sea_dist)
VALUES
  (26147, 13610, 4026);

INSERT INTO  sea_dist(from_port, to_port, sea_dist)
VALUES
  (26147, 24795, 3456);

INSERT INTO  sea_dist(from_port, to_port, sea_dist)
VALUES
  (26147, 11771, 758);

INSERT INTO  sea_dist(from_port, to_port, sea_dist)
VALUES
  (26147, 21381, 3456);

INSERT INTO  sea_dist(from_port, to_port, sea_dist)
VALUES
  (26147, 13012, 1381);

INSERT INTO  sea_dist(from_port, to_port, sea_dist)
VALUES
  (26147, 29002, 740);

INSERT INTO  sea_dist(from_port, to_port, sea_dist)
VALUES
  (26147, 29239, 613);

INSERT INTO  sea_dist(from_port, to_port, sea_dist)
VALUES
  (26147, 14635, 7785);

INSERT INTO  sea_dist(from_port, to_port, sea_dist)
VALUES
  (26147, 20512, 330);

INSERT INTO  sea_dist(from_port, to_port, sea_dist)
VALUES
  (26147, 19974, 4495);

INSERT INTO  sea_dist(from_port, to_port, sea_dist)
VALUES
  (26147, 10860, 6648);

INSERT INTO  sea_dist(from_port, to_port, sea_dist)
VALUES
  (26147, 22522, 3773);

INSERT INTO  sea_dist(from_port, to_port, sea_dist)
VALUES
  (26147, 17941, 6683);

INSERT INTO  sea_dist(from_port, to_port, sea_dist)
VALUES
  (26147, 27728, 627);

INSERT INTO  sea_dist(from_port, to_port, sea_dist)
VALUES
  (26147, 25007, 3372);

INSERT INTO  sea_dist(from_port, to_port, sea_dist)
VALUES
  (26147, 22770, 3456);

INSERT INTO  sea_dist(from_port, to_port, sea_dist)
VALUES
  (26147, 13756, 3915);

INSERT INTO  sea_dist(from_port, to_port, sea_dist)
VALUES
  (26147, 13390, 1563);

INSERT INTO  sea_dist(from_port, to_port, sea_dist)
VALUES
  (26147, 18454, 1148);

INSERT INTO  sea_dist(from_port, to_port, sea_dist)
VALUES
  (26147, 21206, 879);

INSERT INTO  sea_dist(from_port, to_port, sea_dist)
VALUES
  (26147, 18937, 2199);

INSERT INTO  sea_dist(from_port, to_port, sea_dist)
VALUES
  (23448, 246265, 1038);

INSERT INTO  sea_dist(from_port, to_port, sea_dist)
VALUES
  (23448, 213737, 1444);

INSERT INTO  sea_dist(from_port, to_port, sea_dist)
VALUES
  (23448, 23495, 293);

INSERT INTO  sea_dist(from_port, to_port, sea_dist)
VALUES
  (23448, 29002, 2009);

INSERT INTO  sea_dist(from_port, to_port, sea_dist)
VALUES
  (23448, 29239, 2063);

INSERT INTO  sea_dist(from_port, to_port, sea_dist)
VALUES
  (23448, 14635, 8019);

INSERT INTO  sea_dist(from_port, to_port, sea_dist)
VALUES
  (23448, 19974, 4628);

INSERT INTO  sea_dist(from_port, to_port, sea_dist)
VALUES
  (23448, 22522, 1220);

INSERT INTO  sea_dist(from_port, to_port, sea_dist)
VALUES
  (23448, 17941, 5935);

INSERT INTO  sea_dist(from_port, to_port, sea_dist)
VALUES
  (23448, 25007, 3956);

INSERT INTO  sea_dist(from_port, to_port, sea_dist)
VALUES
  (20826, 10358, 3814);

INSERT INTO  sea_dist(from_port, to_port, sea_dist)
VALUES
  (20826, 246265, 141);

INSERT INTO  sea_dist(from_port, to_port, sea_dist)
VALUES
  (20826, 21863, 486);

INSERT INTO  sea_dist(from_port, to_port, sea_dist)
VALUES
  (20826, 216593, 6290);

INSERT INTO  sea_dist(from_port, to_port, sea_dist)
VALUES
  (20826, 17386, 1595);

INSERT INTO  sea_dist(from_port, to_port, sea_dist)
VALUES
  (20826, 18137, 633);

INSERT INTO  sea_dist(from_port, to_port, sea_dist)
VALUES
  (20826, 26147, 3738);

INSERT INTO  sea_dist(from_port, to_port, sea_dist)
VALUES
  (20826, 23448, 1179);

INSERT INTO  sea_dist(from_port, to_port, sea_dist)
VALUES
  (20826, 18012, 2868);

INSERT INTO  sea_dist(from_port, to_port, sea_dist)
VALUES
  (20826, 28261, 6644);

INSERT INTO  sea_dist(from_port, to_port, sea_dist)
VALUES
  (20826, 30045, 7630);

INSERT INTO  sea_dist(from_port, to_port, sea_dist)
VALUES
  (20826, 28313, 6025);

INSERT INTO  sea_dist(from_port, to_port, sea_dist)
VALUES
  (20826, 14459, 126);

INSERT INTO  sea_dist(from_port, to_port, sea_dist)
VALUES
  (20826, 10563, 3838);

INSERT INTO  sea_dist(from_port, to_port, sea_dist)
VALUES
  (20826, 216592, 6251);

INSERT INTO  sea_dist(from_port, to_port, sea_dist)
VALUES
  (20826, 15107, 7031);

INSERT INTO  sea_dist(from_port, to_port, sea_dist)
VALUES
  (20826, 29749, 3122);

INSERT INTO  sea_dist(from_port, to_port, sea_dist)
VALUES
  (20826, 18326, 3188);

INSERT INTO  sea_dist(from_port, to_port, sea_dist)
VALUES
  (20826, 14226, 6770);

INSERT INTO  sea_dist(from_port, to_port, sea_dist)
VALUES
  (20826, 213737, 382);

INSERT INTO  sea_dist(from_port, to_port, sea_dist)
VALUES
  (20826, 23428, 2534);

INSERT INTO  sea_dist(from_port, to_port, sea_dist)
VALUES
  (20826, 23495, 1200);

INSERT INTO  sea_dist(from_port, to_port, sea_dist)
VALUES
  (20826, 14470, 260);

INSERT INTO  sea_dist(from_port, to_port, sea_dist)
VALUES
  (20826, 12543, 4104);

INSERT INTO  sea_dist(from_port, to_port, sea_dist)
VALUES
  (20826, 11174, 1411);

INSERT INTO  sea_dist(from_port, to_port, sea_dist)
VALUES
  (20826, 13610, 5349);

INSERT INTO  sea_dist(from_port, to_port, sea_dist)
VALUES
  (20826, 29876, 7127);

INSERT INTO  sea_dist(from_port, to_port, sea_dist)
VALUES
  (20826, 22226, 4640);

INSERT INTO  sea_dist(from_port, to_port, sea_dist)
VALUES
  (20826, 224858, 3540);

INSERT INTO  sea_dist(from_port, to_port, sea_dist)
VALUES
  (20826, 16485, 4388);

INSERT INTO  sea_dist(from_port, to_port, sea_dist)
VALUES
  (20826, 24795, 1274);

INSERT INTO  sea_dist(from_port, to_port, sea_dist)
VALUES
  (20826, 11771, 4139);

INSERT INTO  sea_dist(from_port, to_port, sea_dist)
VALUES
  (20826, 21381, 1274);

INSERT INTO  sea_dist(from_port, to_port, sea_dist)
VALUES
  (20826, 16737, 4443);

INSERT INTO  sea_dist(from_port, to_port, sea_dist)
VALUES
  (20826, 10136, 852);

INSERT INTO  sea_dist(from_port, to_port, sea_dist)
VALUES
  (20826, 13012, 2380);

INSERT INTO  sea_dist(from_port, to_port, sea_dist)
VALUES
  (20826, 29002, 3192);

INSERT INTO  sea_dist(from_port, to_port, sea_dist)
VALUES
  (20826, 29239, 3246);

INSERT INTO  sea_dist(from_port, to_port, sea_dist)
VALUES
  (20826, 14635, 9202);

INSERT INTO  sea_dist(from_port, to_port, sea_dist)
VALUES
  (20826, 20512, 3722);

INSERT INTO  sea_dist(from_port, to_port, sea_dist)
VALUES
  (20826, 14277, 8015);

INSERT INTO  sea_dist(from_port, to_port, sea_dist)
VALUES
  (20826, 19974, 5811);

INSERT INTO  sea_dist(from_port, to_port, sea_dist)
VALUES
  (20826, 10860, 8065);

INSERT INTO  sea_dist(from_port, to_port, sea_dist)
VALUES
  (20826, 22522, 876);

INSERT INTO  sea_dist(from_port, to_port, sea_dist)
VALUES
  (20826, 21457, 1439);

INSERT INTO  sea_dist(from_port, to_port, sea_dist)
VALUES
  (20826, 17941, 7118);

INSERT INTO  sea_dist(from_port, to_port, sea_dist)
VALUES
  (20826, 27728, 4334);

INSERT INTO  sea_dist(from_port, to_port, sea_dist)
VALUES
  (20826, 25007, 5139);

INSERT INTO  sea_dist(from_port, to_port, sea_dist)
VALUES
  (20826, 21852, 478);

INSERT INTO  sea_dist(from_port, to_port, sea_dist)
VALUES
  (20826, 22770, 1274);

INSERT INTO  sea_dist(from_port, to_port, sea_dist)
VALUES
  (20826, 18682, 629);

INSERT INTO  sea_dist(from_port, to_port, sea_dist)
VALUES
  (20826, 28781, 6384);

INSERT INTO  sea_dist(from_port, to_port, sea_dist)
VALUES
  (20826, 29973, 7179);

INSERT INTO  sea_dist(from_port, to_port, sea_dist)
VALUES
  (20826, 24951, 1238);

INSERT INTO  sea_dist(from_port, to_port, sea_dist)
VALUES
  (20826, 20072, 3947);

INSERT INTO  sea_dist(from_port, to_port, sea_dist)
VALUES
  (20826, 13756, 5280);

INSERT INTO  sea_dist(from_port, to_port, sea_dist)
VALUES
  (20826, 27792, 9092);

INSERT INTO  sea_dist(from_port, to_port, sea_dist)
VALUES
  (20826, 13390, 2210);

INSERT INTO  sea_dist(from_port, to_port, sea_dist)
VALUES
  (20826, 21556, 1117);

INSERT INTO  sea_dist(from_port, to_port, sea_dist)
VALUES
  (20826, 18454, 4529);

INSERT INTO  sea_dist(from_port, to_port, sea_dist)
VALUES
  (20826, 21206, 4260);

INSERT INTO  sea_dist(from_port, to_port, sea_dist)
VALUES
  (20826, 18867, 4367);

INSERT INTO  sea_dist(from_port, to_port, sea_dist)
VALUES
  (20826, 18937, 1676);

INSERT INTO  sea_dist(from_port, to_port, sea_dist)
VALUES
  (20826, 28082, 8905);

INSERT INTO  sea_dist(from_port, to_port, sea_dist)
VALUES
  (20826, 25350, 10311);

INSERT INTO  sea_dist(from_port, to_port, sea_dist)
VALUES
  (20826, 20847, 56);

INSERT INTO  sea_dist(from_port, to_port, sea_dist)
VALUES
  (20826, 13176, 1295);

INSERT INTO  sea_dist(from_port, to_port, sea_dist)
VALUES
  (20826, 21451, 6745);

INSERT INTO  sea_dist(from_port, to_port, sea_dist)
VALUES
  (20826, 23247, 3242);

INSERT INTO  sea_dist(from_port, to_port, sea_dist)
VALUES
  (18012, 246265, 2727);

INSERT INTO  sea_dist(from_port, to_port, sea_dist)
VALUES
  (18012, 21863, 2431);

INSERT INTO  sea_dist(from_port, to_port, sea_dist)
VALUES
  (18012, 216593, 4456);

INSERT INTO  sea_dist(from_port, to_port, sea_dist)
VALUES
  (18012, 17386, 1457);

INSERT INTO  sea_dist(from_port, to_port, sea_dist)
VALUES
  (18012, 18137, 3328);

INSERT INTO  sea_dist(from_port, to_port, sea_dist)
VALUES
  (18012, 26147, 928);

INSERT INTO  sea_dist(from_port, to_port, sea_dist)
VALUES
  (18012, 23448, 1685);

INSERT INTO  sea_dist(from_port, to_port, sea_dist)
VALUES
  (18012, 30045, 5796);

INSERT INTO  sea_dist(from_port, to_port, sea_dist)
VALUES
  (18012, 14459, 2938);

INSERT INTO  sea_dist(from_port, to_port, sea_dist)
VALUES
  (18012, 216592, 4417);

INSERT INTO  sea_dist(from_port, to_port, sea_dist)
VALUES
  (18012, 29749, 341);

INSERT INTO  sea_dist(from_port, to_port, sea_dist)
VALUES
  (18012, 18326, 378);

INSERT INTO  sea_dist(from_port, to_port, sea_dist)
VALUES
  (18012, 213737, 3133);

INSERT INTO  sea_dist(from_port, to_port, sea_dist)
VALUES
  (18012, 23428, 1114);

INSERT INTO  sea_dist(from_port, to_port, sea_dist)
VALUES
  (18012, 23495, 1977);

INSERT INTO  sea_dist(from_port, to_port, sea_dist)
VALUES
  (18012, 14470, 3062);

INSERT INTO  sea_dist(from_port, to_port, sea_dist)
VALUES
  (18012, 12543, 1294);

INSERT INTO  sea_dist(from_port, to_port, sea_dist)
VALUES
  (18012, 11174, 1789);

INSERT INTO  sea_dist(from_port, to_port, sea_dist)
VALUES
  (18012, 13610, 3548);

INSERT INTO  sea_dist(from_port, to_port, sea_dist)
VALUES
  (18012, 224858, 730);

INSERT INTO  sea_dist(from_port, to_port, sea_dist)
VALUES
  (18012, 24795, 2586);

INSERT INTO  sea_dist(from_port, to_port, sea_dist)
VALUES
  (18012, 11771, 1329);

INSERT INTO  sea_dist(from_port, to_port, sea_dist)
VALUES
  (18012, 21381, 2586);

INSERT INTO  sea_dist(from_port, to_port, sea_dist)
VALUES
  (18012, 13012, 511);

INSERT INTO  sea_dist(from_port, to_port, sea_dist)
VALUES
  (18012, 29002, 406);

INSERT INTO  sea_dist(from_port, to_port, sea_dist)
VALUES
  (18012, 29239, 436);

INSERT INTO  sea_dist(from_port, to_port, sea_dist)
VALUES
  (18012, 14635, 7368);

INSERT INTO  sea_dist(from_port, to_port, sea_dist)
VALUES
  (18012, 20512, 912);

INSERT INTO  sea_dist(from_port, to_port, sea_dist)
VALUES
  (18012, 14277, 6181);

INSERT INTO  sea_dist(from_port, to_port, sea_dist)
VALUES
  (18012, 19974, 4032);

INSERT INTO  sea_dist(from_port, to_port, sea_dist)
VALUES
  (18012, 10860, 6231);

INSERT INTO  sea_dist(from_port, to_port, sea_dist)
VALUES
  (18012, 22522, 2903);

INSERT INTO  sea_dist(from_port, to_port, sea_dist)
VALUES
  (18012, 21457, 1711);

INSERT INTO  sea_dist(from_port, to_port, sea_dist)
VALUES
  (18012, 17941, 5825);

INSERT INTO  sea_dist(from_port, to_port, sea_dist)
VALUES
  (18012, 27728, 1524);

INSERT INTO  sea_dist(from_port, to_port, sea_dist)
VALUES
  (18012, 25007, 3029);

INSERT INTO  sea_dist(from_port, to_port, sea_dist)
VALUES
  (18012, 21852, 2423);

INSERT INTO  sea_dist(from_port, to_port, sea_dist)
VALUES
  (18012, 22770, 2586);

INSERT INTO  sea_dist(from_port, to_port, sea_dist)
VALUES
  (18012, 18682, 3345);

INSERT INTO  sea_dist(from_port, to_port, sea_dist)
VALUES
  (18012, 29973, 5345);

INSERT INTO  sea_dist(from_port, to_port, sea_dist)
VALUES
  (18012, 20072, 1137);

INSERT INTO  sea_dist(from_port, to_port, sea_dist)
VALUES
  (18012, 13756, 3455);

INSERT INTO  sea_dist(from_port, to_port, sea_dist)
VALUES
  (18012, 13390, 693);

INSERT INTO  sea_dist(from_port, to_port, sea_dist)
VALUES
  (18012, 18454, 1719);

INSERT INTO  sea_dist(from_port, to_port, sea_dist)
VALUES
  (18012, 21206, 1450);

INSERT INTO  sea_dist(from_port, to_port, sea_dist)
VALUES
  (18012, 18937, 1329);

INSERT INTO  sea_dist(from_port, to_port, sea_dist)
VALUES
  (18012, 13176, 2606);

INSERT INTO  sea_dist(from_port, to_port, sea_dist)
VALUES
  (18012, 21451, 4733);

INSERT INTO  sea_dist(from_port, to_port, sea_dist)
VALUES
  (18012, 23247, 432);

INSERT INTO  sea_dist(from_port, to_port, sea_dist)
VALUES
  (28261, 10358, 5513);

INSERT INTO  sea_dist(from_port, to_port, sea_dist)
VALUES
  (28261, 246265, 6503);

INSERT INTO  sea_dist(from_port, to_port, sea_dist)
VALUES
  (28261, 21863, 6207);

INSERT INTO  sea_dist(from_port, to_port, sea_dist)
VALUES
  (28261, 216593, 354);

INSERT INTO  sea_dist(from_port, to_port, sea_dist)
VALUES
  (28261, 17386, 5233);

INSERT INTO  sea_dist(from_port, to_port, sea_dist)
VALUES
  (28261, 18137, 7104);

INSERT INTO  sea_dist(from_port, to_port, sea_dist)
VALUES
  (28261, 26147, 5227);

INSERT INTO  sea_dist(from_port, to_port, sea_dist)
VALUES
  (28261, 23448, 5461);

INSERT INTO  sea_dist(from_port, to_port, sea_dist)
VALUES
  (28261, 18012, 4810);

INSERT INTO  sea_dist(from_port, to_port, sea_dist)
VALUES
  (28261, 30045, 1124);

INSERT INTO  sea_dist(from_port, to_port, sea_dist)
VALUES
  (28261, 28313, 669);

INSERT INTO  sea_dist(from_port, to_port, sea_dist)
VALUES
  (28261, 14459, 6714);

INSERT INTO  sea_dist(from_port, to_port, sea_dist)
VALUES
  (28261, 10563, 5537);

INSERT INTO  sea_dist(from_port, to_port, sea_dist)
VALUES
  (28261, 216592, 393);

INSERT INTO  sea_dist(from_port, to_port, sea_dist)
VALUES
  (28261, 15107, 879);

INSERT INTO  sea_dist(from_port, to_port, sea_dist)
VALUES
  (28261, 29749, 4854);

INSERT INTO  sea_dist(from_port, to_port, sea_dist)
VALUES
  (28261, 18326, 5100);

INSERT INTO  sea_dist(from_port, to_port, sea_dist)
VALUES
  (28261, 14226, 235);

INSERT INTO  sea_dist(from_port, to_port, sea_dist)
VALUES
  (28261, 213737, 6909);

INSERT INTO  sea_dist(from_port, to_port, sea_dist)
VALUES
  (28261, 23428, 4132);

INSERT INTO  sea_dist(from_port, to_port, sea_dist)
VALUES
  (28261, 23495, 5753);

INSERT INTO  sea_dist(from_port, to_port, sea_dist)
VALUES
  (28261, 14470, 6838);

INSERT INTO  sea_dist(from_port, to_port, sea_dist)
VALUES
  (28261, 12543, 5803);

INSERT INTO  sea_dist(from_port, to_port, sea_dist)
VALUES
  (28261, 11174, 5565);

INSERT INTO  sea_dist(from_port, to_port, sea_dist)
VALUES
  (28261, 13610, 1310);

INSERT INTO  sea_dist(from_port, to_port, sea_dist)
VALUES
  (28261, 29876, 621);

INSERT INTO  sea_dist(from_port, to_port, sea_dist)
VALUES
  (28261, 224858, 5447);

INSERT INTO  sea_dist(from_port, to_port, sea_dist)
VALUES
  (28261, 16485, 6087);

INSERT INTO  sea_dist(from_port, to_port, sea_dist)
VALUES
  (28261, 24795, 6362);

INSERT INTO  sea_dist(from_port, to_port, sea_dist)
VALUES
  (28261, 11771, 5838);

INSERT INTO  sea_dist(from_port, to_port, sea_dist)
VALUES
  (28261, 21381, 6362);

INSERT INTO  sea_dist(from_port, to_port, sea_dist)
VALUES
  (28261, 16737, 6142);

INSERT INTO  sea_dist(from_port, to_port, sea_dist)
VALUES
  (28261, 10136, 6639);

INSERT INTO  sea_dist(from_port, to_port, sea_dist)
VALUES
  (28261, 13012, 4583);

INSERT INTO  sea_dist(from_port, to_port, sea_dist)
VALUES
  (28261, 29002, 4933);

INSERT INTO  sea_dist(from_port, to_port, sea_dist)
VALUES
  (28261, 29239, 5153);

INSERT INTO  sea_dist(from_port, to_port, sea_dist)
VALUES
  (28261, 14635, 3047);

INSERT INTO  sea_dist(from_port, to_port, sea_dist)
VALUES
  (28261, 20512, 5410);

INSERT INTO  sea_dist(from_port, to_port, sea_dist)
VALUES
  (28261, 14277, 1854);

INSERT INTO  sea_dist(from_port, to_port, sea_dist)
VALUES
  (28261, 19974, 1069);

INSERT INTO  sea_dist(from_port, to_port, sea_dist)
VALUES
  (28261, 10860, 1561);

INSERT INTO  sea_dist(from_port, to_port, sea_dist)
VALUES
  (28261, 22522, 6679);

INSERT INTO  sea_dist(from_port, to_port, sea_dist)
VALUES
  (28261, 21457, 5487);

INSERT INTO  sea_dist(from_port, to_port, sea_dist)
VALUES
  (28261, 17941, 5014);

INSERT INTO  sea_dist(from_port, to_port, sea_dist)
VALUES
  (28261, 27728, 5628);

INSERT INTO  sea_dist(from_port, to_port, sea_dist)
VALUES
  (28261, 25007, 2372);

INSERT INTO  sea_dist(from_port, to_port, sea_dist)
VALUES
  (28261, 21852, 6199);

INSERT INTO  sea_dist(from_port, to_port, sea_dist)
VALUES
  (28261, 22770, 6362);

INSERT INTO  sea_dist(from_port, to_port, sea_dist)
VALUES
  (28261, 18682, 7121);

INSERT INTO  sea_dist(from_port, to_port, sea_dist)
VALUES
  (28261, 28781, 585);

INSERT INTO  sea_dist(from_port, to_port, sea_dist)
VALUES
  (28261, 29973, 1022);

INSERT INTO  sea_dist(from_port, to_port, sea_dist)
VALUES
  (28261, 24951, 6326);

INSERT INTO  sea_dist(from_port, to_port, sea_dist)
VALUES
  (28261, 20072, 5646);

INSERT INTO  sea_dist(from_port, to_port, sea_dist)
VALUES
  (28261, 13756, 1385);

INSERT INTO  sea_dist(from_port, to_port, sea_dist)
VALUES
  (28261, 13390, 4563);

INSERT INTO  sea_dist(from_port, to_port, sea_dist)
VALUES
  (28261, 21556, 6206);

INSERT INTO  sea_dist(from_port, to_port, sea_dist)
VALUES
  (28261, 18454, 6228);

INSERT INTO  sea_dist(from_port, to_port, sea_dist)
VALUES
  (28261, 21206, 5959);

INSERT INTO  sea_dist(from_port, to_port, sea_dist)
VALUES
  (28261, 18867, 6066);

INSERT INTO  sea_dist(from_port, to_port, sea_dist)
VALUES
  (28261, 18937, 5105);

INSERT INTO  sea_dist(from_port, to_port, sea_dist)
VALUES
  (28261, 13176, 6382);

INSERT INTO  sea_dist(from_port, to_port, sea_dist)
VALUES
  (28261, 21451, 1803);

INSERT INTO  sea_dist(from_port, to_port, sea_dist)
VALUES
  (28261, 23247, 5149);

INSERT INTO  sea_dist(from_port, to_port, sea_dist)
VALUES
  (26670, 10358, 6868);

INSERT INTO  sea_dist(from_port, to_port, sea_dist)
VALUES
  (26670, 246265, 7074);

INSERT INTO  sea_dist(from_port, to_port, sea_dist)
VALUES
  (26670, 19057, 6346);

INSERT INTO  sea_dist(from_port, to_port, sea_dist)
VALUES
  (26670, 21863, 6778);

INSERT INTO  sea_dist(from_port, to_port, sea_dist)
VALUES
  (26670, 216593, 5332);

INSERT INTO  sea_dist(from_port, to_port, sea_dist)
VALUES
  (26670, 17386, 5804);

INSERT INTO  sea_dist(from_port, to_port, sea_dist)
VALUES
  (26670, 18137, 7675);

INSERT INTO  sea_dist(from_port, to_port, sea_dist)
VALUES
  (26670, 26147, 6780);

INSERT INTO  sea_dist(from_port, to_port, sea_dist)
VALUES
  (26670, 23448, 6032);

INSERT INTO  sea_dist(from_port, to_port, sea_dist)
VALUES
  (26670, 20826, 7215);

INSERT INTO  sea_dist(from_port, to_port, sea_dist)
VALUES
  (26670, 18012, 5922);

INSERT INTO  sea_dist(from_port, to_port, sea_dist)
VALUES
  (26670, 28261, 5111);

INSERT INTO  sea_dist(from_port, to_port, sea_dist)
VALUES
  (26670, 30045, 4050);

INSERT INTO  sea_dist(from_port, to_port, sea_dist)
VALUES
  (26670, 28313, 5111);

INSERT INTO  sea_dist(from_port, to_port, sea_dist)
VALUES
  (26670, 14459, 7285);

INSERT INTO  sea_dist(from_port, to_port, sea_dist)
VALUES
  (26670, 10563, 6892);

INSERT INTO  sea_dist(from_port, to_port, sea_dist)
VALUES
  (26670, 216592, 5344);

INSERT INTO  sea_dist(from_port, to_port, sea_dist)
VALUES
  (26670, 15107, 5619);

INSERT INTO  sea_dist(from_port, to_port, sea_dist)
VALUES
  (26670, 29749, 6152);

INSERT INTO  sea_dist(from_port, to_port, sea_dist)
VALUES
  (26670, 18326, 6242);

INSERT INTO  sea_dist(from_port, to_port, sea_dist)
VALUES
  (26670, 14226, 4871);

INSERT INTO  sea_dist(from_port, to_port, sea_dist)
VALUES
  (26670, 213737, 7480);

INSERT INTO  sea_dist(from_port, to_port, sea_dist)
VALUES
  (26670, 23428, 4818);

INSERT INTO  sea_dist(from_port, to_port, sea_dist)
VALUES
  (26670, 23495, 6324);

INSERT INTO  sea_dist(from_port, to_port, sea_dist)
VALUES
  (26670, 14470, 7409);

INSERT INTO  sea_dist(from_port, to_port, sea_dist)
VALUES
  (26670, 12543, 7158);

INSERT INTO  sea_dist(from_port, to_port, sea_dist)
VALUES
  (26670, 11174, 6136);

INSERT INTO  sea_dist(from_port, to_port, sea_dist)
VALUES
  (26670, 13610, 4690);

INSERT INTO  sea_dist(from_port, to_port, sea_dist)
VALUES
  (26670, 29876, 4693);

INSERT INTO  sea_dist(from_port, to_port, sea_dist)
VALUES
  (26670, 22226, 5715);

INSERT INTO  sea_dist(from_port, to_port, sea_dist)
VALUES
  (26670, 224858, 6594);

INSERT INTO  sea_dist(from_port, to_port, sea_dist)
VALUES
  (26670, 16485, 7442);

INSERT INTO  sea_dist(from_port, to_port, sea_dist)
VALUES
  (26670, 18433, 4995);

INSERT INTO  sea_dist(from_port, to_port, sea_dist)
VALUES
  (26670, 24795, 6933);

INSERT INTO  sea_dist(from_port, to_port, sea_dist)
VALUES
  (26670, 11771, 7193);

INSERT INTO  sea_dist(from_port, to_port, sea_dist)
VALUES
  (26670, 21381, 6933);

INSERT INTO  sea_dist(from_port, to_port, sea_dist)
VALUES
  (26670, 16737, 7497);

INSERT INTO  sea_dist(from_port, to_port, sea_dist)
VALUES
  (26670, 10136, 7210);

INSERT INTO  sea_dist(from_port, to_port, sea_dist)
VALUES
  (26670, 13012, 5472);

INSERT INTO  sea_dist(from_port, to_port, sea_dist)
VALUES
  (26670, 29002, 6231);

INSERT INTO  sea_dist(from_port, to_port, sea_dist)
VALUES
  (26670, 29239, 6300);

INSERT INTO  sea_dist(from_port, to_port, sea_dist)
VALUES
  (26670, 14635, 7260);

INSERT INTO  sea_dist(from_port, to_port, sea_dist)
VALUES
  (26670, 20512, 6776);

INSERT INTO  sea_dist(from_port, to_port, sea_dist)
VALUES
  (26670, 14277, 6173);

INSERT INTO  sea_dist(from_port, to_port, sea_dist)
VALUES
  (26670, 19974, 4864);

INSERT INTO  sea_dist(from_port, to_port, sea_dist)
VALUES
  (26670, 10860, 3762);

INSERT INTO  sea_dist(from_port, to_port, sea_dist)
VALUES
  (26670, 22522, 7250);

INSERT INTO  sea_dist(from_port, to_port, sea_dist)
VALUES
  (26670, 21457, 6058);

INSERT INTO  sea_dist(from_port, to_port, sea_dist)
VALUES
  (26670, 17941, 129);

INSERT INTO  sea_dist(from_port, to_port, sea_dist)
VALUES
  (26670, 27728, 7279);

INSERT INTO  sea_dist(from_port, to_port, sea_dist)
VALUES
  (26670, 25007, 5852);

INSERT INTO  sea_dist(from_port, to_port, sea_dist)
VALUES
  (26670, 21852, 6770);

INSERT INTO  sea_dist(from_port, to_port, sea_dist)
VALUES
  (26670, 22770, 6933);

INSERT INTO  sea_dist(from_port, to_port, sea_dist)
VALUES
  (26670, 18476, 4969);

INSERT INTO  sea_dist(from_port, to_port, sea_dist)
VALUES
  (26670, 18682, 7692);

INSERT INTO  sea_dist(from_port, to_port, sea_dist)
VALUES
  (26670, 28781, 5507);

INSERT INTO  sea_dist(from_port, to_port, sea_dist)
VALUES
  (26670, 29973, 5685);

INSERT INTO  sea_dist(from_port, to_port, sea_dist)
VALUES
  (26670, 24951, 6897);

INSERT INTO  sea_dist(from_port, to_port, sea_dist)
VALUES
  (26670, 20301, 429);

INSERT INTO  sea_dist(from_port, to_port, sea_dist)
VALUES
  (26670, 20072, 7001);

INSERT INTO  sea_dist(from_port, to_port, sea_dist)
VALUES
  (26670, 20351, 1848);

INSERT INTO  sea_dist(from_port, to_port, sea_dist)
VALUES
  (26670, 13756, 4737);

INSERT INTO  sea_dist(from_port, to_port, sea_dist)
VALUES
  (26670, 27792, 2602);

INSERT INTO  sea_dist(from_port, to_port, sea_dist)
VALUES
  (26670, 27248, 998);

INSERT INTO  sea_dist(from_port, to_port, sea_dist)
VALUES
  (26670, 13390, 5331);

INSERT INTO  sea_dist(from_port, to_port, sea_dist)
VALUES
  (26670, 21556, 6777);

INSERT INTO  sea_dist(from_port, to_port, sea_dist)
VALUES
  (26670, 18454, 7583);

INSERT INTO  sea_dist(from_port, to_port, sea_dist)
VALUES
  (26670, 21206, 7314);

INSERT INTO  sea_dist(from_port, to_port, sea_dist)
VALUES
  (26670, 18867, 7421);

INSERT INTO  sea_dist(from_port, to_port, sea_dist)
VALUES
  (26670, 18937, 5676);

INSERT INTO  sea_dist(from_port, to_port, sea_dist)
VALUES
  (26670, 28082, 2822);

INSERT INTO  sea_dist(from_port, to_port, sea_dist)
VALUES
  (26670, 25350, 8399);

INSERT INTO  sea_dist(from_port, to_port, sea_dist)
VALUES
  (26670, 20847, 7238);

INSERT INTO  sea_dist(from_port, to_port, sea_dist)
VALUES
  (26670, 13176, 6953);

INSERT INTO  sea_dist(from_port, to_port, sea_dist)
VALUES
  (26670, 21451, 6353);

INSERT INTO  sea_dist(from_port, to_port, sea_dist)
VALUES
  (26670, 23247, 6296);

INSERT INTO  sea_dist(from_port, to_port, sea_dist)
VALUES
  (26670, 19473, 6275);

INSERT INTO  sea_dist(from_port, to_port, sea_dist)
VALUES
  (30045, 246265, 7489);

INSERT INTO  sea_dist(from_port, to_port, sea_dist)
VALUES
  (30045, 17386, 6219);

INSERT INTO  sea_dist(from_port, to_port, sea_dist)
VALUES
  (30045, 23448, 6447);

INSERT INTO  sea_dist(from_port, to_port, sea_dist)
VALUES
  (30045, 14459, 7700);

INSERT INTO  sea_dist(from_port, to_port, sea_dist)
VALUES
  (30045, 213737, 7895);

INSERT INTO  sea_dist(from_port, to_port, sea_dist)
VALUES
  (30045, 23495, 6739);

INSERT INTO  sea_dist(from_port, to_port, sea_dist)
VALUES
  (30045, 14470, 7824);

INSERT INTO  sea_dist(from_port, to_port, sea_dist)
VALUES
  (30045, 12543, 6789);

INSERT INTO  sea_dist(from_port, to_port, sea_dist)
VALUES
  (30045, 13610, 2296);

INSERT INTO  sea_dist(from_port, to_port, sea_dist)
VALUES
  (30045, 24795, 7348);

INSERT INTO  sea_dist(from_port, to_port, sea_dist)
VALUES
  (30045, 11771, 6824);

INSERT INTO  sea_dist(from_port, to_port, sea_dist)
VALUES
  (30045, 21381, 7348);

INSERT INTO  sea_dist(from_port, to_port, sea_dist)
VALUES
  (30045, 13012, 5569);

INSERT INTO  sea_dist(from_port, to_port, sea_dist)
VALUES
  (30045, 29002, 5919);

INSERT INTO  sea_dist(from_port, to_port, sea_dist)
VALUES
  (30045, 29239, 6139);

INSERT INTO  sea_dist(from_port, to_port, sea_dist)
VALUES
  (30045, 14635, 3654);

INSERT INTO  sea_dist(from_port, to_port, sea_dist)
VALUES
  (30045, 20512, 6396);

INSERT INTO  sea_dist(from_port, to_port, sea_dist)
VALUES
  (30045, 19974, 2055);

INSERT INTO  sea_dist(from_port, to_port, sea_dist)
VALUES
  (30045, 10860, 442);

INSERT INTO  sea_dist(from_port, to_port, sea_dist)
VALUES
  (30045, 22522, 7665);

INSERT INTO  sea_dist(from_port, to_port, sea_dist)
VALUES
  (30045, 17941, 3953);

INSERT INTO  sea_dist(from_port, to_port, sea_dist)
VALUES
  (30045, 25007, 3358);

INSERT INTO  sea_dist(from_port, to_port, sea_dist)
VALUES
  (30045, 22770, 7348);

INSERT INTO  sea_dist(from_port, to_port, sea_dist)
VALUES
  (30045, 13756, 2371);

INSERT INTO  sea_dist(from_port, to_port, sea_dist)
VALUES
  (30045, 13390, 5549);

INSERT INTO  sea_dist(from_port, to_port, sea_dist)
VALUES
  (30045, 18454, 7214);

INSERT INTO  sea_dist(from_port, to_port, sea_dist)
VALUES
  (30045, 21206, 6945);

INSERT INTO  sea_dist(from_port, to_port, sea_dist)
VALUES
  (30045, 18937, 6091);

INSERT INTO  sea_dist(from_port, to_port, sea_dist)
VALUES
  (28313, 10358, 4933);

INSERT INTO  sea_dist(from_port, to_port, sea_dist)
VALUES
  (28313, 246265, 5884);

INSERT INTO  sea_dist(from_port, to_port, sea_dist)
VALUES
  (28313, 21863, 5588);

INSERT INTO  sea_dist(from_port, to_port, sea_dist)
VALUES
  (28313, 216593, 315);

INSERT INTO  sea_dist(from_port, to_port, sea_dist)
VALUES
  (28313, 17386, 4614);

INSERT INTO  sea_dist(from_port, to_port, sea_dist)
VALUES
  (28313, 18137, 6485);

INSERT INTO  sea_dist(from_port, to_port, sea_dist)
VALUES
  (28313, 26147, 4647);

INSERT INTO  sea_dist(from_port, to_port, sea_dist)
VALUES
  (28313, 23448, 4842);

INSERT INTO  sea_dist(from_port, to_port, sea_dist)
VALUES
  (28313, 18012, 4203);

INSERT INTO  sea_dist(from_port, to_port, sea_dist)
VALUES
  (28313, 30045, 1655);

INSERT INTO  sea_dist(from_port, to_port, sea_dist)
VALUES
  (28313, 14459, 6095);

INSERT INTO  sea_dist(from_port, to_port, sea_dist)
VALUES
  (28313, 10563, 4957);

INSERT INTO  sea_dist(from_port, to_port, sea_dist)
VALUES
  (28313, 216592, 276);

INSERT INTO  sea_dist(from_port, to_port, sea_dist)
VALUES
  (28313, 15107, 1056);

INSERT INTO  sea_dist(from_port, to_port, sea_dist)
VALUES
  (28313, 29749, 4257);

INSERT INTO  sea_dist(from_port, to_port, sea_dist)
VALUES
  (28313, 18326, 4492);

INSERT INTO  sea_dist(from_port, to_port, sea_dist)
VALUES
  (28313, 14226, 795);

INSERT INTO  sea_dist(from_port, to_port, sea_dist)
VALUES
  (28313, 213737, 6290);

INSERT INTO  sea_dist(from_port, to_port, sea_dist)
VALUES
  (28313, 23428, 3513);

INSERT INTO  sea_dist(from_port, to_port, sea_dist)
VALUES
  (28313, 23495, 5134);

INSERT INTO  sea_dist(from_port, to_port, sea_dist)
VALUES
  (28313, 14470, 6219);

INSERT INTO  sea_dist(from_port, to_port, sea_dist)
VALUES
  (28313, 12543, 5223);

INSERT INTO  sea_dist(from_port, to_port, sea_dist)
VALUES
  (28313, 11174, 4946);

INSERT INTO  sea_dist(from_port, to_port, sea_dist)
VALUES
  (28313, 13610, 700);

INSERT INTO  sea_dist(from_port, to_port, sea_dist)
VALUES
  (28313, 29876, 1152);

INSERT INTO  sea_dist(from_port, to_port, sea_dist)
VALUES
  (28313, 224858, 4839);

INSERT INTO  sea_dist(from_port, to_port, sea_dist)
VALUES
  (28313, 16485, 5507);

INSERT INTO  sea_dist(from_port, to_port, sea_dist)
VALUES
  (28313, 24795, 5743);

INSERT INTO  sea_dist(from_port, to_port, sea_dist)
VALUES
  (28313, 11771, 5258);

INSERT INTO  sea_dist(from_port, to_port, sea_dist)
VALUES
  (28313, 21381, 5743);

INSERT INTO  sea_dist(from_port, to_port, sea_dist)
VALUES
  (28313, 16737, 5562);

INSERT INTO  sea_dist(from_port, to_port, sea_dist)
VALUES
  (28313, 10136, 6020);

INSERT INTO  sea_dist(from_port, to_port, sea_dist)
VALUES
  (28313, 13012, 3976);

INSERT INTO  sea_dist(from_port, to_port, sea_dist)
VALUES
  (28313, 29002, 4336);

INSERT INTO  sea_dist(from_port, to_port, sea_dist)
VALUES
  (28313, 29239, 4545);

INSERT INTO  sea_dist(from_port, to_port, sea_dist)
VALUES
  (28313, 14635, 3227);

INSERT INTO  sea_dist(from_port, to_port, sea_dist)
VALUES
  (28313, 20512, 4830);

INSERT INTO  sea_dist(from_port, to_port, sea_dist)
VALUES
  (28313, 14277, 2040);

INSERT INTO  sea_dist(from_port, to_port, sea_dist)
VALUES
  (28313, 19974, 443);

INSERT INTO  sea_dist(from_port, to_port, sea_dist)
VALUES
  (28313, 10860, 2090);

INSERT INTO  sea_dist(from_port, to_port, sea_dist)
VALUES
  (28313, 22522, 6060);

INSERT INTO  sea_dist(from_port, to_port, sea_dist)
VALUES
  (28313, 21457, 4868);

INSERT INTO  sea_dist(from_port, to_port, sea_dist)
VALUES
  (28313, 17941, 5014);

INSERT INTO  sea_dist(from_port, to_port, sea_dist)
VALUES
  (28313, 27728, 5054);

INSERT INTO  sea_dist(from_port, to_port, sea_dist)
VALUES
  (28313, 25007, 1857);

INSERT INTO  sea_dist(from_port, to_port, sea_dist)
VALUES
  (28313, 21852, 5580);

INSERT INTO  sea_dist(from_port, to_port, sea_dist)
VALUES
  (28313, 22770, 5743);

INSERT INTO  sea_dist(from_port, to_port, sea_dist)
VALUES
  (28313, 18682, 6502);

INSERT INTO  sea_dist(from_port, to_port, sea_dist)
VALUES
  (28313, 28781, 452);

INSERT INTO  sea_dist(from_port, to_port, sea_dist)
VALUES
  (28313, 29973, 1204);

INSERT INTO  sea_dist(from_port, to_port, sea_dist)
VALUES
  (28313, 24951, 5707);

INSERT INTO  sea_dist(from_port, to_port, sea_dist)
VALUES
  (28313, 20072, 5066);

INSERT INTO  sea_dist(from_port, to_port, sea_dist)
VALUES
  (28313, 13756, 776);

INSERT INTO  sea_dist(from_port, to_port, sea_dist)
VALUES
  (28313, 13390, 3947);

INSERT INTO  sea_dist(from_port, to_port, sea_dist)
VALUES
  (28313, 21556, 5587);

INSERT INTO  sea_dist(from_port, to_port, sea_dist)
VALUES
  (28313, 18454, 5648);

INSERT INTO  sea_dist(from_port, to_port, sea_dist)
VALUES
  (28313, 21206, 5379);

INSERT INTO  sea_dist(from_port, to_port, sea_dist)
VALUES
  (28313, 18867, 5486);

INSERT INTO  sea_dist(from_port, to_port, sea_dist)
VALUES
  (28313, 18937, 4486);

INSERT INTO  sea_dist(from_port, to_port, sea_dist)
VALUES
  (28313, 13176, 5763);

INSERT INTO  sea_dist(from_port, to_port, sea_dist)
VALUES
  (28313, 21451, 1506);

INSERT INTO  sea_dist(from_port, to_port, sea_dist)
VALUES
  (28313, 23247, 4541);

INSERT INTO  sea_dist(from_port, to_port, sea_dist)
VALUES
  (14459, 246265, 211);

INSERT INTO  sea_dist(from_port, to_port, sea_dist)
VALUES
  (14459, 17386, 1665);

INSERT INTO  sea_dist(from_port, to_port, sea_dist)
VALUES
  (14459, 23448, 1249);

INSERT INTO  sea_dist(from_port, to_port, sea_dist)
VALUES
  (14459, 213737, 307);

INSERT INTO  sea_dist(from_port, to_port, sea_dist)
VALUES
  (14459, 23495, 1270);

INSERT INTO  sea_dist(from_port, to_port, sea_dist)
VALUES
  (14459, 14470, 143);

INSERT INTO  sea_dist(from_port, to_port, sea_dist)
VALUES
  (14459, 24795, 1344);

INSERT INTO  sea_dist(from_port, to_port, sea_dist)
VALUES
  (14459, 11771, 4209);

INSERT INTO  sea_dist(from_port, to_port, sea_dist)
VALUES
  (14459, 21381, 1344);

INSERT INTO  sea_dist(from_port, to_port, sea_dist)
VALUES
  (14459, 29002, 3262);

INSERT INTO  sea_dist(from_port, to_port, sea_dist)
VALUES
  (14459, 29239, 3316);

INSERT INTO  sea_dist(from_port, to_port, sea_dist)
VALUES
  (14459, 14635, 9272);

INSERT INTO  sea_dist(from_port, to_port, sea_dist)
VALUES
  (14459, 20512, 3792);

INSERT INTO  sea_dist(from_port, to_port, sea_dist)
VALUES
  (14459, 19974, 5881);

INSERT INTO  sea_dist(from_port, to_port, sea_dist)
VALUES
  (14459, 22522, 946);

INSERT INTO  sea_dist(from_port, to_port, sea_dist)
VALUES
  (14459, 17941, 7188);

INSERT INTO  sea_dist(from_port, to_port, sea_dist)
VALUES
  (14459, 25007, 5209);

INSERT INTO  sea_dist(from_port, to_port, sea_dist)
VALUES
  (14459, 22770, 1344);

INSERT INTO  sea_dist(from_port, to_port, sea_dist)
VALUES
  (14459, 18454, 4599);

INSERT INTO  sea_dist(from_port, to_port, sea_dist)
VALUES
  (14459, 21206, 4330);

INSERT INTO  sea_dist(from_port, to_port, sea_dist)
VALUES
  (14459, 18937, 1746);

INSERT INTO  sea_dist(from_port, to_port, sea_dist)
VALUES
  (10563, 246265, 3697);

INSERT INTO  sea_dist(from_port, to_port, sea_dist)
VALUES
  (10563, 21863, 3401);

INSERT INTO  sea_dist(from_port, to_port, sea_dist)
VALUES
  (10563, 216593, 5183);

INSERT INTO  sea_dist(from_port, to_port, sea_dist)
VALUES
  (10563, 17386, 2427);

INSERT INTO  sea_dist(from_port, to_port, sea_dist)
VALUES
  (10563, 18137, 4298);

INSERT INTO  sea_dist(from_port, to_port, sea_dist)
VALUES
  (10563, 26147, 457);

INSERT INTO  sea_dist(from_port, to_port, sea_dist)
VALUES
  (10563, 23448, 2655);

INSERT INTO  sea_dist(from_port, to_port, sea_dist)
VALUES
  (10563, 18012, 1028);

INSERT INTO  sea_dist(from_port, to_port, sea_dist)
VALUES
  (10563, 30045, 6523);

INSERT INTO  sea_dist(from_port, to_port, sea_dist)
VALUES
  (10563, 14459, 3908);

INSERT INTO  sea_dist(from_port, to_port, sea_dist)
VALUES
  (10563, 216592, 5144);

INSERT INTO  sea_dist(from_port, to_port, sea_dist)
VALUES
  (10563, 15107, 5924);

INSERT INTO  sea_dist(from_port, to_port, sea_dist)
VALUES
  (10563, 29749, 1020);

INSERT INTO  sea_dist(from_port, to_port, sea_dist)
VALUES
  (10563, 18326, 692);

INSERT INTO  sea_dist(from_port, to_port, sea_dist)
VALUES
  (10563, 14226, 5663);

INSERT INTO  sea_dist(from_port, to_port, sea_dist)
VALUES
  (10563, 213737, 4103);

INSERT INTO  sea_dist(from_port, to_port, sea_dist)
VALUES
  (10563, 23428, 2082);

INSERT INTO  sea_dist(from_port, to_port, sea_dist)
VALUES
  (10563, 23495, 2947);

INSERT INTO  sea_dist(from_port, to_port, sea_dist)
VALUES
  (10563, 14470, 4032);

INSERT INTO  sea_dist(from_port, to_port, sea_dist)
VALUES
  (10563, 12543, 274);

INSERT INTO  sea_dist(from_port, to_port, sea_dist)
VALUES
  (10563, 11174, 2759);

INSERT INTO  sea_dist(from_port, to_port, sea_dist)
VALUES
  (10563, 13610, 4336);

INSERT INTO  sea_dist(from_port, to_port, sea_dist)
VALUES
  (10563, 29876, 6020);

INSERT INTO  sea_dist(from_port, to_port, sea_dist)
VALUES
  (10563, 224858, 252);

INSERT INTO  sea_dist(from_port, to_port, sea_dist)
VALUES
  (10563, 16485, 555);

INSERT INTO  sea_dist(from_port, to_port, sea_dist)
VALUES
  (10563, 24795, 3556);

INSERT INTO  sea_dist(from_port, to_port, sea_dist)
VALUES
  (10563, 11771, 307);

INSERT INTO  sea_dist(from_port, to_port, sea_dist)
VALUES
  (10563, 21381, 3556);

INSERT INTO  sea_dist(from_port, to_port, sea_dist)
VALUES
  (10563, 16737, 610);

INSERT INTO  sea_dist(from_port, to_port, sea_dist)
VALUES
  (10563, 13012, 1481);

INSERT INTO  sea_dist(from_port, to_port, sea_dist)
VALUES
  (10563, 29002, 1050);

INSERT INTO  sea_dist(from_port, to_port, sea_dist)
VALUES
  (10563, 29239, 705);

INSERT INTO  sea_dist(from_port, to_port, sea_dist)
VALUES
  (10563, 14635, 8095);

INSERT INTO  sea_dist(from_port, to_port, sea_dist)
VALUES
  (10563, 20512, 174);

INSERT INTO  sea_dist(from_port, to_port, sea_dist)
VALUES
  (10563, 14277, 6908);

INSERT INTO  sea_dist(from_port, to_port, sea_dist)
VALUES
  (10563, 19974, 4805);

INSERT INTO  sea_dist(from_port, to_port, sea_dist)
VALUES
  (10563, 10860, 6958);

INSERT INTO  sea_dist(from_port, to_port, sea_dist)
VALUES
  (10563, 22522, 3873);

INSERT INTO  sea_dist(from_port, to_port, sea_dist)
VALUES
  (10563, 21457, 2681);

INSERT INTO  sea_dist(from_port, to_port, sea_dist)
VALUES
  (10563, 17941, 6795);

INSERT INTO  sea_dist(from_port, to_port, sea_dist)
VALUES
  (10563, 27728, 1059);

INSERT INTO  sea_dist(from_port, to_port, sea_dist)
VALUES
  (10563, 25007, 3682);

INSERT INTO  sea_dist(from_port, to_port, sea_dist)
VALUES
  (10563, 21852, 3393);

INSERT INTO  sea_dist(from_port, to_port, sea_dist)
VALUES
  (10563, 22770, 3556);

INSERT INTO  sea_dist(from_port, to_port, sea_dist)
VALUES
  (10563, 18682, 4315);

INSERT INTO  sea_dist(from_port, to_port, sea_dist)
VALUES
  (10563, 29973, 6072);

INSERT INTO  sea_dist(from_port, to_port, sea_dist)
VALUES
  (10563, 20072, 108);

INSERT INTO  sea_dist(from_port, to_port, sea_dist)
VALUES
  (10563, 13756, 4225);

INSERT INTO  sea_dist(from_port, to_port, sea_dist)
VALUES
  (10563, 13390, 1663);

INSERT INTO  sea_dist(from_port, to_port, sea_dist)
VALUES
  (10563, 18454, 699);

INSERT INTO  sea_dist(from_port, to_port, sea_dist)
VALUES
  (10563, 21206, 427);

INSERT INTO  sea_dist(from_port, to_port, sea_dist)
VALUES
  (10563, 18867, 533);

INSERT INTO  sea_dist(from_port, to_port, sea_dist)
VALUES
  (10563, 18937, 2299);

INSERT INTO  sea_dist(from_port, to_port, sea_dist)
VALUES
  (10563, 13176, 3576);

INSERT INTO  sea_dist(from_port, to_port, sea_dist)
VALUES
  (10563, 21451, 5369);

INSERT INTO  sea_dist(from_port, to_port, sea_dist)
VALUES
  (10563, 23247, 654);

INSERT INTO  sea_dist(from_port, to_port, sea_dist)
VALUES
  (216592, 246265, 6110);

INSERT INTO  sea_dist(from_port, to_port, sea_dist)
VALUES
  (216592, 17386, 4840);

INSERT INTO  sea_dist(from_port, to_port, sea_dist)
VALUES
  (216592, 23448, 5068);

INSERT INTO  sea_dist(from_port, to_port, sea_dist)
VALUES
  (216592, 30045, 1379);

INSERT INTO  sea_dist(from_port, to_port, sea_dist)
VALUES
  (216592, 14459, 6321);

INSERT INTO  sea_dist(from_port, to_port, sea_dist)
VALUES
  (216592, 213737, 6516);

INSERT INTO  sea_dist(from_port, to_port, sea_dist)
VALUES
  (216592, 23495, 5360);

INSERT INTO  sea_dist(from_port, to_port, sea_dist)
VALUES
  (216592, 14470, 6445);

INSERT INTO  sea_dist(from_port, to_port, sea_dist)
VALUES
  (216592, 12543, 5410);

INSERT INTO  sea_dist(from_port, to_port, sea_dist)
VALUES
  (216592, 13610, 917);

INSERT INTO  sea_dist(from_port, to_port, sea_dist)
VALUES
  (216592, 24795, 5969);

INSERT INTO  sea_dist(from_port, to_port, sea_dist)
VALUES
  (216592, 11771, 5445);

INSERT INTO  sea_dist(from_port, to_port, sea_dist)
VALUES
  (216592, 21381, 5969);

INSERT INTO  sea_dist(from_port, to_port, sea_dist)
VALUES
  (216592, 13012, 4190);

INSERT INTO  sea_dist(from_port, to_port, sea_dist)
VALUES
  (216592, 29002, 4540);

INSERT INTO  sea_dist(from_port, to_port, sea_dist)
VALUES
  (216592, 29239, 4760);

INSERT INTO  sea_dist(from_port, to_port, sea_dist)
VALUES
  (216592, 14635, 2951);

INSERT INTO  sea_dist(from_port, to_port, sea_dist)
VALUES
  (216592, 20512, 5017);

INSERT INTO  sea_dist(from_port, to_port, sea_dist)
VALUES
  (216592, 19974, 676);

INSERT INTO  sea_dist(from_port, to_port, sea_dist)
VALUES
  (216592, 10860, 1814);

INSERT INTO  sea_dist(from_port, to_port, sea_dist)
VALUES
  (216592, 22522, 6286);

INSERT INTO  sea_dist(from_port, to_port, sea_dist)
VALUES
  (216592, 17941, 5247);

INSERT INTO  sea_dist(from_port, to_port, sea_dist)
VALUES
  (216592, 25007, 1979);

INSERT INTO  sea_dist(from_port, to_port, sea_dist)
VALUES
  (216592, 22770, 5969);

INSERT INTO  sea_dist(from_port, to_port, sea_dist)
VALUES
  (216592, 13756, 992);

INSERT INTO  sea_dist(from_port, to_port, sea_dist)
VALUES
  (216592, 13390, 4170);

INSERT INTO  sea_dist(from_port, to_port, sea_dist)
VALUES
  (216592, 18454, 5835);

INSERT INTO  sea_dist(from_port, to_port, sea_dist)
VALUES
  (216592, 21206, 5566);

INSERT INTO  sea_dist(from_port, to_port, sea_dist)
VALUES
  (216592, 18937, 4712);

INSERT INTO  sea_dist(from_port, to_port, sea_dist)
VALUES
  (15107, 246265, 6890);

INSERT INTO  sea_dist(from_port, to_port, sea_dist)
VALUES
  (15107, 21863, 6594);

INSERT INTO  sea_dist(from_port, to_port, sea_dist)
VALUES
  (15107, 216593, 741);

INSERT INTO  sea_dist(from_port, to_port, sea_dist)
VALUES
  (15107, 17386, 5620);

INSERT INTO  sea_dist(from_port, to_port, sea_dist)
VALUES
  (15107, 18137, 7491);

INSERT INTO  sea_dist(from_port, to_port, sea_dist)
VALUES
  (15107, 26147, 5614);

INSERT INTO  sea_dist(from_port, to_port, sea_dist)
VALUES
  (15107, 23448, 5848);

INSERT INTO  sea_dist(from_port, to_port, sea_dist)
VALUES
  (15107, 18012, 5197);

INSERT INTO  sea_dist(from_port, to_port, sea_dist)
VALUES
  (15107, 30045, 1664);

INSERT INTO  sea_dist(from_port, to_port, sea_dist)
VALUES
  (15107, 14459, 7101);

INSERT INTO  sea_dist(from_port, to_port, sea_dist)
VALUES
  (15107, 216592, 780);

INSERT INTO  sea_dist(from_port, to_port, sea_dist)
VALUES
  (15107, 29749, 5241);

INSERT INTO  sea_dist(from_port, to_port, sea_dist)
VALUES
  (15107, 18326, 5487);

INSERT INTO  sea_dist(from_port, to_port, sea_dist)
VALUES
  (15107, 213737, 7296);

INSERT INTO  sea_dist(from_port, to_port, sea_dist)
VALUES
  (15107, 23428, 4519);

INSERT INTO  sea_dist(from_port, to_port, sea_dist)
VALUES
  (15107, 23495, 6140);

INSERT INTO  sea_dist(from_port, to_port, sea_dist)
VALUES
  (15107, 14470, 7225);

INSERT INTO  sea_dist(from_port, to_port, sea_dist)
VALUES
  (15107, 12543, 6190);

INSERT INTO  sea_dist(from_port, to_port, sea_dist)
VALUES
  (15107, 11174, 5952);

INSERT INTO  sea_dist(from_port, to_port, sea_dist)
VALUES
  (15107, 13610, 1697);

INSERT INTO  sea_dist(from_port, to_port, sea_dist)
VALUES
  (15107, 224858, 5834);

INSERT INTO  sea_dist(from_port, to_port, sea_dist)
VALUES
  (15107, 16485, 6474);

INSERT INTO  sea_dist(from_port, to_port, sea_dist)
VALUES
  (15107, 24795, 6749);

INSERT INTO  sea_dist(from_port, to_port, sea_dist)
VALUES
  (15107, 11771, 6225);

INSERT INTO  sea_dist(from_port, to_port, sea_dist)
VALUES
  (15107, 21381, 6749);

INSERT INTO  sea_dist(from_port, to_port, sea_dist)
VALUES
  (15107, 16737, 6529);

INSERT INTO  sea_dist(from_port, to_port, sea_dist)
VALUES
  (15107, 13012, 4970);

INSERT INTO  sea_dist(from_port, to_port, sea_dist)
VALUES
  (15107, 29002, 5320);

INSERT INTO  sea_dist(from_port, to_port, sea_dist)
VALUES
  (15107, 29239, 5540);

INSERT INTO  sea_dist(from_port, to_port, sea_dist)
VALUES
  (15107, 14635, 2245);

INSERT INTO  sea_dist(from_port, to_port, sea_dist)
VALUES
  (15107, 20512, 5797);

INSERT INTO  sea_dist(from_port, to_port, sea_dist)
VALUES
  (15107, 14277, 1055);

INSERT INTO  sea_dist(from_port, to_port, sea_dist)
VALUES
  (15107, 19974, 1456);

INSERT INTO  sea_dist(from_port, to_port, sea_dist)
VALUES
  (15107, 10860, 2099);

INSERT INTO  sea_dist(from_port, to_port, sea_dist)
VALUES
  (15107, 22522, 7066);

INSERT INTO  sea_dist(from_port, to_port, sea_dist)
VALUES
  (15107, 21457, 5874);

INSERT INTO  sea_dist(from_port, to_port, sea_dist)
VALUES
  (15107, 17941, 5522);

INSERT INTO  sea_dist(from_port, to_port, sea_dist)
VALUES
  (15107, 27728, 6015);

INSERT INTO  sea_dist(from_port, to_port, sea_dist)
VALUES
  (15107, 25007, 2759);

INSERT INTO  sea_dist(from_port, to_port, sea_dist)
VALUES
  (15107, 21852, 6586);

INSERT INTO  sea_dist(from_port, to_port, sea_dist)
VALUES
  (15107, 22770, 6749);

INSERT INTO  sea_dist(from_port, to_port, sea_dist)
VALUES
  (15107, 18682, 7508);

INSERT INTO  sea_dist(from_port, to_port, sea_dist)
VALUES
  (15107, 29973, 202);

INSERT INTO  sea_dist(from_port, to_port, sea_dist)
VALUES
  (15107, 20072, 6033);

INSERT INTO  sea_dist(from_port, to_port, sea_dist)
VALUES
  (15107, 13756, 1772);

INSERT INTO  sea_dist(from_port, to_port, sea_dist)
VALUES
  (15107, 13390, 4950);

INSERT INTO  sea_dist(from_port, to_port, sea_dist)
VALUES
  (15107, 18454, 6615);

INSERT INTO  sea_dist(from_port, to_port, sea_dist)
VALUES
  (15107, 21206, 6346);

INSERT INTO  sea_dist(from_port, to_port, sea_dist)
VALUES
  (15107, 18867, 6453);

INSERT INTO  sea_dist(from_port, to_port, sea_dist)
VALUES
  (15107, 18937, 5492);

INSERT INTO  sea_dist(from_port, to_port, sea_dist)
VALUES
  (15107, 13176, 6769);

INSERT INTO  sea_dist(from_port, to_port, sea_dist)
VALUES
  (15107, 21451, 2190);

INSERT INTO  sea_dist(from_port, to_port, sea_dist)
VALUES
  (15107, 23247, 5536);

INSERT INTO  sea_dist(from_port, to_port, sea_dist)
VALUES
  (29749, 246265, 2981);

INSERT INTO  sea_dist(from_port, to_port, sea_dist)
VALUES
  (29749, 216593, 4500);

INSERT INTO  sea_dist(from_port, to_port, sea_dist)
VALUES
  (29749, 17386, 1711);

INSERT INTO  sea_dist(from_port, to_port, sea_dist)
VALUES
  (29749, 26147, 710);

INSERT INTO  sea_dist(from_port, to_port, sea_dist)
VALUES
  (29749, 23448, 1939);

INSERT INTO  sea_dist(from_port, to_port, sea_dist)
VALUES
  (29749, 30045, 5840);

INSERT INTO  sea_dist(from_port, to_port, sea_dist)
VALUES
  (29749, 14459, 3192);

INSERT INTO  sea_dist(from_port, to_port, sea_dist)
VALUES
  (29749, 216592, 4461);

INSERT INTO  sea_dist(from_port, to_port, sea_dist)
VALUES
  (29749, 213737, 3387);

INSERT INTO  sea_dist(from_port, to_port, sea_dist)
VALUES
  (29749, 23428, 1350);

INSERT INTO  sea_dist(from_port, to_port, sea_dist)
VALUES
  (29749, 23495, 2231);

INSERT INTO  sea_dist(from_port, to_port, sea_dist)
VALUES
  (29749, 14470, 3316);

INSERT INTO  sea_dist(from_port, to_port, sea_dist)
VALUES
  (29749, 12543, 1286);

INSERT INTO  sea_dist(from_port, to_port, sea_dist)
VALUES
  (29749, 11174, 2043);

INSERT INTO  sea_dist(from_port, to_port, sea_dist)
VALUES
  (29749, 13610, 3614);

INSERT INTO  sea_dist(from_port, to_port, sea_dist)
VALUES
  (29749, 24795, 2840);

INSERT INTO  sea_dist(from_port, to_port, sea_dist)
VALUES
  (29749, 11771, 1321);

INSERT INTO  sea_dist(from_port, to_port, sea_dist)
VALUES
  (29749, 21381, 2840);

INSERT INTO  sea_dist(from_port, to_port, sea_dist)
VALUES
  (29749, 13012, 763);

INSERT INTO  sea_dist(from_port, to_port, sea_dist)
VALUES
  (29749, 29002, 117);

INSERT INTO  sea_dist(from_port, to_port, sea_dist)
VALUES
  (29749, 29239, 587);

INSERT INTO  sea_dist(from_port, to_port, sea_dist)
VALUES
  (29749, 14635, 7412);

INSERT INTO  sea_dist(from_port, to_port, sea_dist)
VALUES
  (29749, 20512, 893);

INSERT INTO  sea_dist(from_port, to_port, sea_dist)
VALUES
  (29749, 14277, 6225);

INSERT INTO  sea_dist(from_port, to_port, sea_dist)
VALUES
  (29749, 19974, 4098);

INSERT INTO  sea_dist(from_port, to_port, sea_dist)
VALUES
  (29749, 10860, 6275);

INSERT INTO  sea_dist(from_port, to_port, sea_dist)
VALUES
  (29749, 22522, 3157);

INSERT INTO  sea_dist(from_port, to_port, sea_dist)
VALUES
  (29749, 21457, 1965);

INSERT INTO  sea_dist(from_port, to_port, sea_dist)
VALUES
  (29749, 17941, 6055);

INSERT INTO  sea_dist(from_port, to_port, sea_dist)
VALUES
  (29749, 27728, 1209);

INSERT INTO  sea_dist(from_port, to_port, sea_dist)
VALUES
  (29749, 25007, 3036);

INSERT INTO  sea_dist(from_port, to_port, sea_dist)
VALUES
  (29749, 22770, 2840);

INSERT INTO  sea_dist(from_port, to_port, sea_dist)
VALUES
  (29749, 13756, 3514);

INSERT INTO  sea_dist(from_port, to_port, sea_dist)
VALUES
  (29749, 13390, 945);

INSERT INTO  sea_dist(from_port, to_port, sea_dist)
VALUES
  (29749, 18454, 1711);

INSERT INTO  sea_dist(from_port, to_port, sea_dist)
VALUES
  (29749, 21206, 1442);

INSERT INTO  sea_dist(from_port, to_port, sea_dist)
VALUES
  (29749, 18937, 1583);

INSERT INTO  sea_dist(from_port, to_port, sea_dist)
VALUES
  (29749, 13176, 2860);

INSERT INTO  sea_dist(from_port, to_port, sea_dist)
VALUES
  (29749, 21451, 4757);

INSERT INTO  sea_dist(from_port, to_port, sea_dist)
VALUES
  (29749, 23247, 583);

INSERT INTO  sea_dist(from_port, to_port, sea_dist)
VALUES
  (18326, 246265, 3047);

INSERT INTO  sea_dist(from_port, to_port, sea_dist)
VALUES
  (18326, 21863, 2751);

INSERT INTO  sea_dist(from_port, to_port, sea_dist)
VALUES
  (18326, 216593, 4746);

INSERT INTO  sea_dist(from_port, to_port, sea_dist)
VALUES
  (18326, 17386, 1777);

INSERT INTO  sea_dist(from_port, to_port, sea_dist)
VALUES
  (18326, 18137, 3648);

INSERT INTO  sea_dist(from_port, to_port, sea_dist)
VALUES
  (18326, 26147, 592);

INSERT INTO  sea_dist(from_port, to_port, sea_dist)
VALUES
  (18326, 23448, 2005);

INSERT INTO  sea_dist(from_port, to_port, sea_dist)
VALUES
  (18326, 30045, 6086);

INSERT INTO  sea_dist(from_port, to_port, sea_dist)
VALUES
  (18326, 14459, 3258);

INSERT INTO  sea_dist(from_port, to_port, sea_dist)
VALUES
  (18326, 216592, 4707);

INSERT INTO  sea_dist(from_port, to_port, sea_dist)
VALUES
  (18326, 29749, 532);

INSERT INTO  sea_dist(from_port, to_port, sea_dist)
VALUES
  (18326, 213737, 3453);

INSERT INTO  sea_dist(from_port, to_port, sea_dist)
VALUES
  (18326, 23428, 1432);

INSERT INTO  sea_dist(from_port, to_port, sea_dist)
VALUES
  (18326, 23495, 2297);

INSERT INTO  sea_dist(from_port, to_port, sea_dist)
VALUES
  (18326, 14470, 3382);

INSERT INTO  sea_dist(from_port, to_port, sea_dist)
VALUES
  (18326, 12543, 958);

INSERT INTO  sea_dist(from_port, to_port, sea_dist)
VALUES
  (18326, 11174, 2109);

INSERT INTO  sea_dist(from_port, to_port, sea_dist)
VALUES
  (18326, 13610, 3843);

INSERT INTO  sea_dist(from_port, to_port, sea_dist)
VALUES
  (18326, 224858, 394);

INSERT INTO  sea_dist(from_port, to_port, sea_dist)
VALUES
  (18326, 24795, 2906);

INSERT INTO  sea_dist(from_port, to_port, sea_dist)
VALUES
  (18326, 11771, 993);

INSERT INTO  sea_dist(from_port, to_port, sea_dist)
VALUES
  (18326, 21381, 2906);

INSERT INTO  sea_dist(from_port, to_port, sea_dist)
VALUES
  (18326, 13012, 831);

INSERT INTO  sea_dist(from_port, to_port, sea_dist)
VALUES
  (18326, 29002, 597);

INSERT INTO  sea_dist(from_port, to_port, sea_dist)
VALUES
  (18326, 29239, 111);

INSERT INTO  sea_dist(from_port, to_port, sea_dist)
VALUES
  (18326, 14635, 7658);

INSERT INTO  sea_dist(from_port, to_port, sea_dist)
VALUES
  (18326, 20512, 576);

INSERT INTO  sea_dist(from_port, to_port, sea_dist)
VALUES
  (18326, 14277, 6471);

INSERT INTO  sea_dist(from_port, to_port, sea_dist)
VALUES
  (18326, 19974, 4327);

INSERT INTO  sea_dist(from_port, to_port, sea_dist)
VALUES
  (18326, 10860, 6521);

INSERT INTO  sea_dist(from_port, to_port, sea_dist)
VALUES
  (18326, 22522, 3223);

INSERT INTO  sea_dist(from_port, to_port, sea_dist)
VALUES
  (18326, 21457, 2031);

INSERT INTO  sea_dist(from_port, to_port, sea_dist)
VALUES
  (18326, 17941, 6145);

INSERT INTO  sea_dist(from_port, to_port, sea_dist)
VALUES
  (18326, 27728, 1188);

INSERT INTO  sea_dist(from_port, to_port, sea_dist)
VALUES
  (18326, 25007, 3296);

INSERT INTO  sea_dist(from_port, to_port, sea_dist)
VALUES
  (18326, 21852, 2743);

INSERT INTO  sea_dist(from_port, to_port, sea_dist)
VALUES
  (18326, 22770, 2906);

INSERT INTO  sea_dist(from_port, to_port, sea_dist)
VALUES
  (18326, 18682, 3665);

INSERT INTO  sea_dist(from_port, to_port, sea_dist)
VALUES
  (18326, 29973, 5635);

INSERT INTO  sea_dist(from_port, to_port, sea_dist)
VALUES
  (18326, 20072, 801);

INSERT INTO  sea_dist(from_port, to_port, sea_dist)
VALUES
  (18326, 13756, 3754);

INSERT INTO  sea_dist(from_port, to_port, sea_dist)
VALUES
  (18326, 13390, 1013);

INSERT INTO  sea_dist(from_port, to_port, sea_dist)
VALUES
  (18326, 18454, 1383);

INSERT INTO  sea_dist(from_port, to_port, sea_dist)
VALUES
  (18326, 21206, 1114);

INSERT INTO  sea_dist(from_port, to_port, sea_dist)
VALUES
  (18326, 18937, 1649);

INSERT INTO  sea_dist(from_port, to_port, sea_dist)
VALUES
  (18326, 13176, 2926);

INSERT INTO  sea_dist(from_port, to_port, sea_dist)
VALUES
  (18326, 21451, 5010);

INSERT INTO  sea_dist(from_port, to_port, sea_dist)
VALUES
  (18326, 23247, 96);

INSERT INTO  sea_dist(from_port, to_port, sea_dist)
VALUES
  (14226, 246265, 6629);

INSERT INTO  sea_dist(from_port, to_port, sea_dist)
VALUES
  (14226, 21863, 6333);

INSERT INTO  sea_dist(from_port, to_port, sea_dist)
VALUES
  (14226, 216593, 480);

INSERT INTO  sea_dist(from_port, to_port, sea_dist)
VALUES
  (14226, 17386, 5359);

INSERT INTO  sea_dist(from_port, to_port, sea_dist)
VALUES
  (14226, 18137, 7230);

INSERT INTO  sea_dist(from_port, to_port, sea_dist)
VALUES
  (14226, 26147, 5353);

INSERT INTO  sea_dist(from_port, to_port, sea_dist)
VALUES
  (14226, 23448, 5587);

INSERT INTO  sea_dist(from_port, to_port, sea_dist)
VALUES
  (14226, 18012, 4936);

INSERT INTO  sea_dist(from_port, to_port, sea_dist)
VALUES
  (14226, 30045, 899);

INSERT INTO  sea_dist(from_port, to_port, sea_dist)
VALUES
  (14226, 14459, 6840);

INSERT INTO  sea_dist(from_port, to_port, sea_dist)
VALUES
  (14226, 216592, 519);

INSERT INTO  sea_dist(from_port, to_port, sea_dist)
VALUES
  (14226, 15107, 898);

INSERT INTO  sea_dist(from_port, to_port, sea_dist)
VALUES
  (14226, 29749, 4980);

INSERT INTO  sea_dist(from_port, to_port, sea_dist)
VALUES
  (14226, 18326, 5226);

INSERT INTO  sea_dist(from_port, to_port, sea_dist)
VALUES
  (14226, 213737, 7035);

INSERT INTO  sea_dist(from_port, to_port, sea_dist)
VALUES
  (14226, 23428, 4258);

INSERT INTO  sea_dist(from_port, to_port, sea_dist)
VALUES
  (14226, 23495, 5879);

INSERT INTO  sea_dist(from_port, to_port, sea_dist)
VALUES
  (14226, 14470, 6964);

INSERT INTO  sea_dist(from_port, to_port, sea_dist)
VALUES
  (14226, 12543, 5929);

INSERT INTO  sea_dist(from_port, to_port, sea_dist)
VALUES
  (14226, 11174, 5691);

INSERT INTO  sea_dist(from_port, to_port, sea_dist)
VALUES
  (14226, 13610, 1436);

INSERT INTO  sea_dist(from_port, to_port, sea_dist)
VALUES
  (14226, 29876, 394);

INSERT INTO  sea_dist(from_port, to_port, sea_dist)
VALUES
  (14226, 224858, 5573);

INSERT INTO  sea_dist(from_port, to_port, sea_dist)
VALUES
  (14226, 16485, 6213);

INSERT INTO  sea_dist(from_port, to_port, sea_dist)
VALUES
  (14226, 24795, 6488);

INSERT INTO  sea_dist(from_port, to_port, sea_dist)
VALUES
  (14226, 11771, 5964);

INSERT INTO  sea_dist(from_port, to_port, sea_dist)
VALUES
  (14226, 21381, 6488);

INSERT INTO  sea_dist(from_port, to_port, sea_dist)
VALUES
  (14226, 16737, 6268);

INSERT INTO  sea_dist(from_port, to_port, sea_dist)
VALUES
  (14226, 13012, 4709);

INSERT INTO  sea_dist(from_port, to_port, sea_dist)
VALUES
  (14226, 29002, 5059);

INSERT INTO  sea_dist(from_port, to_port, sea_dist)
VALUES
  (14226, 29239, 5279);

INSERT INTO  sea_dist(from_port, to_port, sea_dist)
VALUES
  (14226, 14635, 3005);

INSERT INTO  sea_dist(from_port, to_port, sea_dist)
VALUES
  (14226, 20512, 5536);

INSERT INTO  sea_dist(from_port, to_port, sea_dist)
VALUES
  (14226, 14277, 1830);

INSERT INTO  sea_dist(from_port, to_port, sea_dist)
VALUES
  (14226, 19974, 1195);

INSERT INTO  sea_dist(from_port, to_port, sea_dist)
VALUES
  (14226, 10860, 1326);

INSERT INTO  sea_dist(from_port, to_port, sea_dist)
VALUES
  (14226, 22522, 6805);

INSERT INTO  sea_dist(from_port, to_port, sea_dist)
VALUES
  (14226, 21457, 5613);

INSERT INTO  sea_dist(from_port, to_port, sea_dist)
VALUES
  (14226, 17941, 4774);

INSERT INTO  sea_dist(from_port, to_port, sea_dist)
VALUES
  (14226, 27728, 5754);

INSERT INTO  sea_dist(from_port, to_port, sea_dist)
VALUES
  (14226, 25007, 2498);

INSERT INTO  sea_dist(from_port, to_port, sea_dist)
VALUES
  (14226, 21852, 6325);

INSERT INTO  sea_dist(from_port, to_port, sea_dist)
VALUES
  (14226, 22770, 6488);

INSERT INTO  sea_dist(from_port, to_port, sea_dist)
VALUES
  (14226, 18682, 7247);

INSERT INTO  sea_dist(from_port, to_port, sea_dist)
VALUES
  (14226, 29973, 1026);

INSERT INTO  sea_dist(from_port, to_port, sea_dist)
VALUES
  (14226, 20072, 5772);

INSERT INTO  sea_dist(from_port, to_port, sea_dist)
VALUES
  (14226, 13756, 1511);

INSERT INTO  sea_dist(from_port, to_port, sea_dist)
VALUES
  (14226, 13390, 4689);

INSERT INTO  sea_dist(from_port, to_port, sea_dist)
VALUES
  (14226, 18454, 6354);

INSERT INTO  sea_dist(from_port, to_port, sea_dist)
VALUES
  (14226, 21206, 6085);

INSERT INTO  sea_dist(from_port, to_port, sea_dist)
VALUES
  (14226, 18867, 6192);

INSERT INTO  sea_dist(from_port, to_port, sea_dist)
VALUES
  (14226, 18937, 5231);

INSERT INTO  sea_dist(from_port, to_port, sea_dist)
VALUES
  (14226, 13176, 6508);

INSERT INTO  sea_dist(from_port, to_port, sea_dist)
VALUES
  (14226, 21451, 1929);

INSERT INTO  sea_dist(from_port, to_port, sea_dist)
VALUES
  (14226, 23247, 5275);

INSERT INTO  sea_dist(from_port, to_port, sea_dist)
VALUES
  (213737, 29002, 3457);

INSERT INTO  sea_dist(from_port, to_port, sea_dist)
VALUES
  (213737, 29239, 3511);

INSERT INTO  sea_dist(from_port, to_port, sea_dist)
VALUES
  (213737, 14635, 9467);

INSERT INTO  sea_dist(from_port, to_port, sea_dist)
VALUES
  (213737, 19974, 6076);

INSERT INTO  sea_dist(from_port, to_port, sea_dist)
VALUES
  (213737, 17941, 7383);

INSERT INTO  sea_dist(from_port, to_port, sea_dist)
VALUES
  (213737, 25007, 5404);

INSERT INTO  sea_dist(from_port, to_port, sea_dist)
VALUES
  (23428, 246265, 2393);

INSERT INTO  sea_dist(from_port, to_port, sea_dist)
VALUES
  (23428, 216593, 3778);

INSERT INTO  sea_dist(from_port, to_port, sea_dist)
VALUES
  (23428, 17386, 1123);

INSERT INTO  sea_dist(from_port, to_port, sea_dist)
VALUES
  (23428, 26147, 1982);

INSERT INTO  sea_dist(from_port, to_port, sea_dist)
VALUES
  (23428, 23448, 1351);

INSERT INTO  sea_dist(from_port, to_port, sea_dist)
VALUES
  (23428, 30045, 5118);

INSERT INTO  sea_dist(from_port, to_port, sea_dist)
VALUES
  (23428, 14459, 2604);

INSERT INTO  sea_dist(from_port, to_port, sea_dist)
VALUES
  (23428, 216592, 3739);

INSERT INTO  sea_dist(from_port, to_port, sea_dist)
VALUES
  (23428, 213737, 2799);

INSERT INTO  sea_dist(from_port, to_port, sea_dist)
VALUES
  (23428, 23495, 1643);

INSERT INTO  sea_dist(from_port, to_port, sea_dist)
VALUES
  (23428, 14470, 2728);

INSERT INTO  sea_dist(from_port, to_port, sea_dist)
VALUES
  (23428, 12543, 2348);

INSERT INTO  sea_dist(from_port, to_port, sea_dist)
VALUES
  (23428, 13610, 2837);

INSERT INTO  sea_dist(from_port, to_port, sea_dist)
VALUES
  (23428, 24795, 2252);

INSERT INTO  sea_dist(from_port, to_port, sea_dist)
VALUES
  (23428, 11771, 2383);

INSERT INTO  sea_dist(from_port, to_port, sea_dist)
VALUES
  (23428, 21381, 2252);

INSERT INTO  sea_dist(from_port, to_port, sea_dist)
VALUES
  (23428, 13012, 655);

INSERT INTO  sea_dist(from_port, to_port, sea_dist)
VALUES
  (23428, 29002, 1429);

INSERT INTO  sea_dist(from_port, to_port, sea_dist)
VALUES
  (23428, 29239, 1490);

INSERT INTO  sea_dist(from_port, to_port, sea_dist)
VALUES
  (23428, 14635, 6690);

INSERT INTO  sea_dist(from_port, to_port, sea_dist)
VALUES
  (23428, 20512, 1966);

INSERT INTO  sea_dist(from_port, to_port, sea_dist)
VALUES
  (23428, 14277, 5503);

INSERT INTO  sea_dist(from_port, to_port, sea_dist)
VALUES
  (23428, 19974, 3295);

INSERT INTO  sea_dist(from_port, to_port, sea_dist)
VALUES
  (23428, 10860, 5553);

INSERT INTO  sea_dist(from_port, to_port, sea_dist)
VALUES
  (23428, 22522, 2569);

INSERT INTO  sea_dist(from_port, to_port, sea_dist)
VALUES
  (23428, 21457, 1377);

INSERT INTO  sea_dist(from_port, to_port, sea_dist)
VALUES
  (23428, 17941, 4721);

INSERT INTO  sea_dist(from_port, to_port, sea_dist)
VALUES
  (23428, 27728, 2505);

INSERT INTO  sea_dist(from_port, to_port, sea_dist)
VALUES
  (23428, 25007, 2768);

INSERT INTO  sea_dist(from_port, to_port, sea_dist)
VALUES
  (23428, 22770, 2252);

INSERT INTO  sea_dist(from_port, to_port, sea_dist)
VALUES
  (23428, 13756, 2776);

INSERT INTO  sea_dist(from_port, to_port, sea_dist)
VALUES
  (23428, 13390, 536);

INSERT INTO  sea_dist(from_port, to_port, sea_dist)
VALUES
  (23428, 18454, 2773);

INSERT INTO  sea_dist(from_port, to_port, sea_dist)
VALUES
  (23428, 21206, 2504);

INSERT INTO  sea_dist(from_port, to_port, sea_dist)
VALUES
  (23428, 18937, 995);

INSERT INTO  sea_dist(from_port, to_port, sea_dist)
VALUES
  (23428, 21451, 4295);

INSERT INTO  sea_dist(from_port, to_port, sea_dist)
VALUES
  (23428, 23247, 1486);

INSERT INTO  sea_dist(from_port, to_port, sea_dist)
VALUES
  (23495, 246265, 1059);

INSERT INTO  sea_dist(from_port, to_port, sea_dist)
VALUES
  (23495, 213737, 1465);

INSERT INTO  sea_dist(from_port, to_port, sea_dist)
VALUES
  (23495, 29002, 2301);

INSERT INTO  sea_dist(from_port, to_port, sea_dist)
VALUES
  (23495, 29239, 2355);

INSERT INTO  sea_dist(from_port, to_port, sea_dist)
VALUES
  (23495, 14635, 8311);

INSERT INTO  sea_dist(from_port, to_port, sea_dist)
VALUES
  (23495, 19974, 4920);

INSERT INTO  sea_dist(from_port, to_port, sea_dist)
VALUES
  (23495, 22522, 1225);

INSERT INTO  sea_dist(from_port, to_port, sea_dist)
VALUES
  (23495, 17941, 6227);

INSERT INTO  sea_dist(from_port, to_port, sea_dist)
VALUES
  (23495, 25007, 4248);

INSERT INTO  sea_dist(from_port, to_port, sea_dist)
VALUES
  (14470, 246265, 335);

INSERT INTO  sea_dist(from_port, to_port, sea_dist)
VALUES
  (14470, 17386, 1789);

INSERT INTO  sea_dist(from_port, to_port, sea_dist)
VALUES
  (14470, 23448, 1373);

INSERT INTO  sea_dist(from_port, to_port, sea_dist)
VALUES
  (14470, 213737, 364);

INSERT INTO  sea_dist(from_port, to_port, sea_dist)
VALUES
  (14470, 23495, 1394);

INSERT INTO  sea_dist(from_port, to_port, sea_dist)
VALUES
  (14470, 24795, 1468);

INSERT INTO  sea_dist(from_port, to_port, sea_dist)
VALUES
  (14470, 11771, 4333);

INSERT INTO  sea_dist(from_port, to_port, sea_dist)
VALUES
  (14470, 21381, 1468);

INSERT INTO  sea_dist(from_port, to_port, sea_dist)
VALUES
  (14470, 29002, 3386);

INSERT INTO  sea_dist(from_port, to_port, sea_dist)
VALUES
  (14470, 29239, 3440);

INSERT INTO  sea_dist(from_port, to_port, sea_dist)
VALUES
  (14470, 14635, 9396);

INSERT INTO  sea_dist(from_port, to_port, sea_dist)
VALUES
  (14470, 20512, 3916);

INSERT INTO  sea_dist(from_port, to_port, sea_dist)
VALUES
  (14470, 19974, 6005);

INSERT INTO  sea_dist(from_port, to_port, sea_dist)
VALUES
  (14470, 22522, 1070);

INSERT INTO  sea_dist(from_port, to_port, sea_dist)
VALUES
  (14470, 17941, 7312);

INSERT INTO  sea_dist(from_port, to_port, sea_dist)
VALUES
  (14470, 25007, 5333);

INSERT INTO  sea_dist(from_port, to_port, sea_dist)
VALUES
  (14470, 22770, 1468);

INSERT INTO  sea_dist(from_port, to_port, sea_dist)
VALUES
  (14470, 18454, 4723);

INSERT INTO  sea_dist(from_port, to_port, sea_dist)
VALUES
  (14470, 21206, 4454);

INSERT INTO  sea_dist(from_port, to_port, sea_dist)
VALUES
  (14470, 18937, 1870);

INSERT INTO  sea_dist(from_port, to_port, sea_dist)
VALUES
  (12543, 246265, 3963);

INSERT INTO  sea_dist(from_port, to_port, sea_dist)
VALUES
  (12543, 17386, 2693);

INSERT INTO  sea_dist(from_port, to_port, sea_dist)
VALUES
  (12543, 23448, 2921);

INSERT INTO  sea_dist(from_port, to_port, sea_dist)
VALUES
  (12543, 14459, 4174);

INSERT INTO  sea_dist(from_port, to_port, sea_dist)
VALUES
  (12543, 213737, 4369);

INSERT INTO  sea_dist(from_port, to_port, sea_dist)
VALUES
  (12543, 23495, 3213);

INSERT INTO  sea_dist(from_port, to_port, sea_dist)
VALUES
  (12543, 14470, 4298);

INSERT INTO  sea_dist(from_port, to_port, sea_dist)
VALUES
  (12543, 13610, 4602);

INSERT INTO  sea_dist(from_port, to_port, sea_dist)
VALUES
  (12543, 24795, 3822);

INSERT INTO  sea_dist(from_port, to_port, sea_dist)
VALUES
  (12543, 11771, 67);

INSERT INTO  sea_dist(from_port, to_port, sea_dist)
VALUES
  (12543, 21381, 3822);

INSERT INTO  sea_dist(from_port, to_port, sea_dist)
VALUES
  (12543, 13012, 1747);

INSERT INTO  sea_dist(from_port, to_port, sea_dist)
VALUES
  (12543, 29002, 1316);

INSERT INTO  sea_dist(from_port, to_port, sea_dist)
VALUES
  (12543, 29239, 971);

INSERT INTO  sea_dist(from_port, to_port, sea_dist)
VALUES
  (12543, 14635, 8361);

INSERT INTO  sea_dist(from_port, to_port, sea_dist)
VALUES
  (12543, 20512, 439);

INSERT INTO  sea_dist(from_port, to_port, sea_dist)
VALUES
  (12543, 19974, 5071);

INSERT INTO  sea_dist(from_port, to_port, sea_dist)
VALUES
  (12543, 22522, 4139);

INSERT INTO  sea_dist(from_port, to_port, sea_dist)
VALUES
  (12543, 17941, 7061);

INSERT INTO  sea_dist(from_port, to_port, sea_dist)
VALUES
  (12543, 25007, 3948);

INSERT INTO  sea_dist(from_port, to_port, sea_dist)
VALUES
  (12543, 22770, 3822);

INSERT INTO  sea_dist(from_port, to_port, sea_dist)
VALUES
  (12543, 13756, 4491);

INSERT INTO  sea_dist(from_port, to_port, sea_dist)
VALUES
  (12543, 13390, 1929);

INSERT INTO  sea_dist(from_port, to_port, sea_dist)
VALUES
  (12543, 18454, 565);

INSERT INTO  sea_dist(from_port, to_port, sea_dist)
VALUES
  (12543, 21206, 345);

INSERT INTO  sea_dist(from_port, to_port, sea_dist)
VALUES
  (12543, 18937, 2565);

INSERT INTO  sea_dist(from_port, to_port, sea_dist)
VALUES
  (11174, 246265, 1270);

INSERT INTO  sea_dist(from_port, to_port, sea_dist)
VALUES
  (11174, 216593, 5211);

INSERT INTO  sea_dist(from_port, to_port, sea_dist)
VALUES
  (11174, 17386, 352);

INSERT INTO  sea_dist(from_port, to_port, sea_dist)
VALUES
  (11174, 26147, 2659);

INSERT INTO  sea_dist(from_port, to_port, sea_dist)
VALUES
  (11174, 23448, 431);

INSERT INTO  sea_dist(from_port, to_port, sea_dist)
VALUES
  (11174, 30045, 6551);

INSERT INTO  sea_dist(from_port, to_port, sea_dist)
VALUES
  (11174, 14459, 1481);

INSERT INTO  sea_dist(from_port, to_port, sea_dist)
VALUES
  (11174, 216592, 5172);

INSERT INTO  sea_dist(from_port, to_port, sea_dist)
VALUES
  (11174, 213737, 1676);

INSERT INTO  sea_dist(from_port, to_port, sea_dist)
VALUES
  (11174, 23428, 1455);

INSERT INTO  sea_dist(from_port, to_port, sea_dist)
VALUES
  (11174, 23495, 682);

INSERT INTO  sea_dist(from_port, to_port, sea_dist)
VALUES
  (11174, 14470, 1605);

INSERT INTO  sea_dist(from_port, to_port, sea_dist)
VALUES
  (11174, 12543, 3025);

INSERT INTO  sea_dist(from_port, to_port, sea_dist)
VALUES
  (11174, 13610, 4270);

INSERT INTO  sea_dist(from_port, to_port, sea_dist)
VALUES
  (11174, 24795, 1107);

INSERT INTO  sea_dist(from_port, to_port, sea_dist)
VALUES
  (11174, 11771, 3060);

INSERT INTO  sea_dist(from_port, to_port, sea_dist)
VALUES
  (11174, 21381, 1107);

INSERT INTO  sea_dist(from_port, to_port, sea_dist)
VALUES
  (11174, 13012, 1301);

INSERT INTO  sea_dist(from_port, to_port, sea_dist)
VALUES
  (11174, 29002, 2113);

INSERT INTO  sea_dist(from_port, to_port, sea_dist)
VALUES
  (11174, 29239, 2167);

INSERT INTO  sea_dist(from_port, to_port, sea_dist)
VALUES
  (11174, 14635, 8123);

INSERT INTO  sea_dist(from_port, to_port, sea_dist)
VALUES
  (11174, 20512, 2643);

INSERT INTO  sea_dist(from_port, to_port, sea_dist)
VALUES
  (11174, 14277, 6936);

INSERT INTO  sea_dist(from_port, to_port, sea_dist)
VALUES
  (11174, 19974, 4732);

INSERT INTO  sea_dist(from_port, to_port, sea_dist)
VALUES
  (11174, 10860, 6986);

INSERT INTO  sea_dist(from_port, to_port, sea_dist)
VALUES
  (11174, 22522, 1452);

INSERT INTO  sea_dist(from_port, to_port, sea_dist)
VALUES
  (11174, 21457, 86);

INSERT INTO  sea_dist(from_port, to_port, sea_dist)
VALUES
  (11174, 17941, 6039);

INSERT INTO  sea_dist(from_port, to_port, sea_dist)
VALUES
  (11174, 27728, 3255);

INSERT INTO  sea_dist(from_port, to_port, sea_dist)
VALUES
  (11174, 25007, 4060);

INSERT INTO  sea_dist(from_port, to_port, sea_dist)
VALUES
  (11174, 22770, 1107);

INSERT INTO  sea_dist(from_port, to_port, sea_dist)
VALUES
  (11174, 13756, 4201);

INSERT INTO  sea_dist(from_port, to_port, sea_dist)
VALUES
  (11174, 13390, 1131);

INSERT INTO  sea_dist(from_port, to_port, sea_dist)
VALUES
  (11174, 18454, 3450);

INSERT INTO  sea_dist(from_port, to_port, sea_dist)
VALUES
  (11174, 21206, 3181);

INSERT INTO  sea_dist(from_port, to_port, sea_dist)
VALUES
  (11174, 18937, 510);

INSERT INTO  sea_dist(from_port, to_port, sea_dist)
VALUES
  (11174, 13176, 1127);

INSERT INTO  sea_dist(from_port, to_port, sea_dist)
VALUES
  (11174, 21451, 5666);

INSERT INTO  sea_dist(from_port, to_port, sea_dist)
VALUES
  (11174, 23247, 2163);

INSERT INTO  sea_dist(from_port, to_port, sea_dist)
VALUES
  (13610, 246265, 5208);

INSERT INTO  sea_dist(from_port, to_port, sea_dist)
VALUES
  (13610, 17386, 3938);

INSERT INTO  sea_dist(from_port, to_port, sea_dist)
VALUES
  (13610, 23448, 4166);

INSERT INTO  sea_dist(from_port, to_port, sea_dist)
VALUES
  (13610, 14459, 5419);

INSERT INTO  sea_dist(from_port, to_port, sea_dist)
VALUES
  (13610, 213737, 5614);

INSERT INTO  sea_dist(from_port, to_port, sea_dist)
VALUES
  (13610, 23495, 4458);

INSERT INTO  sea_dist(from_port, to_port, sea_dist)
VALUES
  (13610, 14470, 5543);

INSERT INTO  sea_dist(from_port, to_port, sea_dist)
VALUES
  (13610, 24795, 5067);

INSERT INTO  sea_dist(from_port, to_port, sea_dist)
VALUES
  (13610, 11771, 4637);

INSERT INTO  sea_dist(from_port, to_port, sea_dist)
VALUES
  (13610, 21381, 5067);

INSERT INTO  sea_dist(from_port, to_port, sea_dist)
VALUES
  (13610, 29002, 3693);

INSERT INTO  sea_dist(from_port, to_port, sea_dist)
VALUES
  (13610, 29239, 3896);

INSERT INTO  sea_dist(from_port, to_port, sea_dist)
VALUES
  (13610, 14635, 3868);

INSERT INTO  sea_dist(from_port, to_port, sea_dist)
VALUES
  (13610, 20512, 4209);

INSERT INTO  sea_dist(from_port, to_port, sea_dist)
VALUES
  (13610, 19974, 530);

INSERT INTO  sea_dist(from_port, to_port, sea_dist)
VALUES
  (13610, 22522, 5384);

INSERT INTO  sea_dist(from_port, to_port, sea_dist)
VALUES
  (13610, 17941, 4593);

INSERT INTO  sea_dist(from_port, to_port, sea_dist)
VALUES
  (13610, 25007, 1455);

INSERT INTO  sea_dist(from_port, to_port, sea_dist)
VALUES
  (13610, 22770, 5067);

INSERT INTO  sea_dist(from_port, to_port, sea_dist)
VALUES
  (13610, 13756, 129);

INSERT INTO  sea_dist(from_port, to_port, sea_dist)
VALUES
  (13610, 18454, 5027);

INSERT INTO  sea_dist(from_port, to_port, sea_dist)
VALUES
  (13610, 21206, 4758);

INSERT INTO  sea_dist(from_port, to_port, sea_dist)
VALUES
  (13610, 18937, 3810);

INSERT INTO  sea_dist(from_port, to_port, sea_dist)
VALUES
  (29876, 246265, 6986);

INSERT INTO  sea_dist(from_port, to_port, sea_dist)
VALUES
  (29876, 21863, 6690);

INSERT INTO  sea_dist(from_port, to_port, sea_dist)
VALUES
  (29876, 216593, 837);

INSERT INTO  sea_dist(from_port, to_port, sea_dist)
VALUES
  (29876, 17386, 5716);

INSERT INTO  sea_dist(from_port, to_port, sea_dist)
VALUES
  (29876, 18137, 7587);

INSERT INTO  sea_dist(from_port, to_port, sea_dist)
VALUES
  (29876, 26147, 5710);

INSERT INTO  sea_dist(from_port, to_port, sea_dist)
VALUES
  (29876, 23448, 5944);

INSERT INTO  sea_dist(from_port, to_port, sea_dist)
VALUES
  (29876, 18012, 5293);

INSERT INTO  sea_dist(from_port, to_port, sea_dist)
VALUES
  (29876, 30045, 706);

INSERT INTO  sea_dist(from_port, to_port, sea_dist)
VALUES
  (29876, 14459, 7197);

INSERT INTO  sea_dist(from_port, to_port, sea_dist)
VALUES
  (29876, 216592, 876);

INSERT INTO  sea_dist(from_port, to_port, sea_dist)
VALUES
  (29876, 15107, 1180);

INSERT INTO  sea_dist(from_port, to_port, sea_dist)
VALUES
  (29876, 29749, 5337);

INSERT INTO  sea_dist(from_port, to_port, sea_dist)
VALUES
  (29876, 18326, 5583);

INSERT INTO  sea_dist(from_port, to_port, sea_dist)
VALUES
  (29876, 213737, 7392);

INSERT INTO  sea_dist(from_port, to_port, sea_dist)
VALUES
  (29876, 23428, 4615);

INSERT INTO  sea_dist(from_port, to_port, sea_dist)
VALUES
  (29876, 23495, 6236);

INSERT INTO  sea_dist(from_port, to_port, sea_dist)
VALUES
  (29876, 14470, 7321);

INSERT INTO  sea_dist(from_port, to_port, sea_dist)
VALUES
  (29876, 12543, 6286);

INSERT INTO  sea_dist(from_port, to_port, sea_dist)
VALUES
  (29876, 11174, 6048);

INSERT INTO  sea_dist(from_port, to_port, sea_dist)
VALUES
  (29876, 13610, 1793);

INSERT INTO  sea_dist(from_port, to_port, sea_dist)
VALUES
  (29876, 224858, 5930);

INSERT INTO  sea_dist(from_port, to_port, sea_dist)
VALUES
  (29876, 16485, 6570);

INSERT INTO  sea_dist(from_port, to_port, sea_dist)
VALUES
  (29876, 24795, 6845);

INSERT INTO  sea_dist(from_port, to_port, sea_dist)
VALUES
  (29876, 11771, 6321);

INSERT INTO  sea_dist(from_port, to_port, sea_dist)
VALUES
  (29876, 21381, 6845);

INSERT INTO  sea_dist(from_port, to_port, sea_dist)
VALUES
  (29876, 16737, 6625);

INSERT INTO  sea_dist(from_port, to_port, sea_dist)
VALUES
  (29876, 13012, 5066);

INSERT INTO  sea_dist(from_port, to_port, sea_dist)
VALUES
  (29876, 29002, 5416);

INSERT INTO  sea_dist(from_port, to_port, sea_dist)
VALUES
  (29876, 29239, 5636);

INSERT INTO  sea_dist(from_port, to_port, sea_dist)
VALUES
  (29876, 14635, 3228);

INSERT INTO  sea_dist(from_port, to_port, sea_dist)
VALUES
  (29876, 20512, 5893);

INSERT INTO  sea_dist(from_port, to_port, sea_dist)
VALUES
  (29876, 14277, 2036);

INSERT INTO  sea_dist(from_port, to_port, sea_dist)
VALUES
  (29876, 19974, 1552);

INSERT INTO  sea_dist(from_port, to_port, sea_dist)
VALUES
  (29876, 10860, 1146);

INSERT INTO  sea_dist(from_port, to_port, sea_dist)
VALUES
  (29876, 22522, 7162);

INSERT INTO  sea_dist(from_port, to_port, sea_dist)
VALUES
  (29876, 21457, 5970);

INSERT INTO  sea_dist(from_port, to_port, sea_dist)
VALUES
  (29876, 17941, 4596);

INSERT INTO  sea_dist(from_port, to_port, sea_dist)
VALUES
  (29876, 27728, 6111);

INSERT INTO  sea_dist(from_port, to_port, sea_dist)
VALUES
  (29876, 25007, 2855);

INSERT INTO  sea_dist(from_port, to_port, sea_dist)
VALUES
  (29876, 21852, 6682);

INSERT INTO  sea_dist(from_port, to_port, sea_dist)
VALUES
  (29876, 22770, 6845);

INSERT INTO  sea_dist(from_port, to_port, sea_dist)
VALUES
  (29876, 18682, 7604);

INSERT INTO  sea_dist(from_port, to_port, sea_dist)
VALUES
  (29876, 29973, 1290);

INSERT INTO  sea_dist(from_port, to_port, sea_dist)
VALUES
  (29876, 20072, 6129);

INSERT INTO  sea_dist(from_port, to_port, sea_dist)
VALUES
  (29876, 13756, 1868);

INSERT INTO  sea_dist(from_port, to_port, sea_dist)
VALUES
  (29876, 13390, 5046);

INSERT INTO  sea_dist(from_port, to_port, sea_dist)
VALUES
  (29876, 18454, 6711);

INSERT INTO  sea_dist(from_port, to_port, sea_dist)
VALUES
  (29876, 21206, 6442);

INSERT INTO  sea_dist(from_port, to_port, sea_dist)
VALUES
  (29876, 18867, 6549);

INSERT INTO  sea_dist(from_port, to_port, sea_dist)
VALUES
  (29876, 18937, 5588);

INSERT INTO  sea_dist(from_port, to_port, sea_dist)
VALUES
  (29876, 13176, 6865);

INSERT INTO  sea_dist(from_port, to_port, sea_dist)
VALUES
  (29876, 21451, 2286);

INSERT INTO  sea_dist(from_port, to_port, sea_dist)
VALUES
  (29876, 23247, 5632);

INSERT INTO  sea_dist(from_port, to_port, sea_dist)
VALUES
  (22226, 10358, 3006);

INSERT INTO  sea_dist(from_port, to_port, sea_dist)
VALUES
  (22226, 246265, 4499);

INSERT INTO  sea_dist(from_port, to_port, sea_dist)
VALUES
  (22226, 21863, 4203);

INSERT INTO  sea_dist(from_port, to_port, sea_dist)
VALUES
  (22226, 216593, 2337);

INSERT INTO  sea_dist(from_port, to_port, sea_dist)
VALUES
  (22226, 17386, 3229);

INSERT INTO  sea_dist(from_port, to_port, sea_dist)
VALUES
  (22226, 18137, 5100);

INSERT INTO  sea_dist(from_port, to_port, sea_dist)
VALUES
  (22226, 26147, 2720);

INSERT INTO  sea_dist(from_port, to_port, sea_dist)
VALUES
  (22226, 23448, 3457);

INSERT INTO  sea_dist(from_port, to_port, sea_dist)
VALUES
  (22226, 18012, 2431);

INSERT INTO  sea_dist(from_port, to_port, sea_dist)
VALUES
  (22226, 28261, 2691);

INSERT INTO  sea_dist(from_port, to_port, sea_dist)
VALUES
  (22226, 30045, 3677);

INSERT INTO  sea_dist(from_port, to_port, sea_dist)
VALUES
  (22226, 28313, 2175);

INSERT INTO  sea_dist(from_port, to_port, sea_dist)
VALUES
  (22226, 14459, 4710);

INSERT INTO  sea_dist(from_port, to_port, sea_dist)
VALUES
  (22226, 10563, 3030);

INSERT INTO  sea_dist(from_port, to_port, sea_dist)
VALUES
  (22226, 216592, 2298);

INSERT INTO  sea_dist(from_port, to_port, sea_dist)
VALUES
  (22226, 15107, 3078);

INSERT INTO  sea_dist(from_port, to_port, sea_dist)
VALUES
  (22226, 29749, 2423);

INSERT INTO  sea_dist(from_port, to_port, sea_dist)
VALUES
  (22226, 18326, 2688);

INSERT INTO  sea_dist(from_port, to_port, sea_dist)
VALUES
  (22226, 14226, 2817);

INSERT INTO  sea_dist(from_port, to_port, sea_dist)
VALUES
  (22226, 213737, 4905);

INSERT INTO  sea_dist(from_port, to_port, sea_dist)
VALUES
  (22226, 23428, 2279);

INSERT INTO  sea_dist(from_port, to_port, sea_dist)
VALUES
  (22226, 23495, 3749);

INSERT INTO  sea_dist(from_port, to_port, sea_dist)
VALUES
  (22226, 14470, 4834);

INSERT INTO  sea_dist(from_port, to_port, sea_dist)
VALUES
  (22226, 12543, 3296);

INSERT INTO  sea_dist(from_port, to_port, sea_dist)
VALUES
  (22226, 11174, 3561);

INSERT INTO  sea_dist(from_port, to_port, sea_dist)
VALUES
  (22226, 13610, 1652);

INSERT INTO  sea_dist(from_port, to_port, sea_dist)
VALUES
  (22226, 29876, 3174);

INSERT INTO  sea_dist(from_port, to_port, sea_dist)
VALUES
  (22226, 224858, 2975);

INSERT INTO  sea_dist(from_port, to_port, sea_dist)
VALUES
  (22226, 16485, 3580);

INSERT INTO  sea_dist(from_port, to_port, sea_dist)
VALUES
  (22226, 24795, 4358);

INSERT INTO  sea_dist(from_port, to_port, sea_dist)
VALUES
  (22226, 11771, 3331);

INSERT INTO  sea_dist(from_port, to_port, sea_dist)
VALUES
  (22226, 21381, 4358);

INSERT INTO  sea_dist(from_port, to_port, sea_dist)
VALUES
  (22226, 16737, 3635);

INSERT INTO  sea_dist(from_port, to_port, sea_dist)
VALUES
  (22226, 10136, 4635);

INSERT INTO  sea_dist(from_port, to_port, sea_dist)
VALUES
  (22226, 13012, 2466);

INSERT INTO  sea_dist(from_port, to_port, sea_dist)
VALUES
  (22226, 29002, 2493);

INSERT INTO  sea_dist(from_port, to_port, sea_dist)
VALUES
  (22226, 29239, 2741);

INSERT INTO  sea_dist(from_port, to_port, sea_dist)
VALUES
  (22226, 14635, 5249);

INSERT INTO  sea_dist(from_port, to_port, sea_dist)
VALUES
  (22226, 20512, 2903);

INSERT INTO  sea_dist(from_port, to_port, sea_dist)
VALUES
  (22226, 14277, 4062);

INSERT INTO  sea_dist(from_port, to_port, sea_dist)
VALUES
  (22226, 19974, 2125);

INSERT INTO  sea_dist(from_port, to_port, sea_dist)
VALUES
  (22226, 10860, 4112);

INSERT INTO  sea_dist(from_port, to_port, sea_dist)
VALUES
  (22226, 22522, 4675);

INSERT INTO  sea_dist(from_port, to_port, sea_dist)
VALUES
  (22226, 21457, 3483);

INSERT INTO  sea_dist(from_port, to_port, sea_dist)
VALUES
  (22226, 17941, 5618);

INSERT INTO  sea_dist(from_port, to_port, sea_dist)
VALUES
  (22226, 27728, 3121);

INSERT INTO  sea_dist(from_port, to_port, sea_dist)
VALUES
  (22226, 25007, 600);

INSERT INTO  sea_dist(from_port, to_port, sea_dist)
VALUES
  (22226, 21852, 4195);

INSERT INTO  sea_dist(from_port, to_port, sea_dist)
VALUES
  (22226, 22770, 4358);

INSERT INTO  sea_dist(from_port, to_port, sea_dist)
VALUES
  (22226, 18682, 5117);

INSERT INTO  sea_dist(from_port, to_port, sea_dist)
VALUES
  (22226, 28781, 2367);

INSERT INTO  sea_dist(from_port, to_port, sea_dist)
VALUES
  (22226, 29973, 3226);

INSERT INTO  sea_dist(from_port, to_port, sea_dist)
VALUES
  (22226, 24951, 4322);

INSERT INTO  sea_dist(from_port, to_port, sea_dist)
VALUES
  (22226, 20072, 3139);

INSERT INTO  sea_dist(from_port, to_port, sea_dist)
VALUES
  (22226, 13756, 1580);

INSERT INTO  sea_dist(from_port, to_port, sea_dist)
VALUES
  (22226, 27792, 5139);

INSERT INTO  sea_dist(from_port, to_port, sea_dist)
VALUES
  (22226, 13390, 2507);

INSERT INTO  sea_dist(from_port, to_port, sea_dist)
VALUES
  (22226, 21556, 4202);

INSERT INTO  sea_dist(from_port, to_port, sea_dist)
VALUES
  (22226, 18454, 3721);

INSERT INTO  sea_dist(from_port, to_port, sea_dist)
VALUES
  (22226, 21206, 3452);

INSERT INTO  sea_dist(from_port, to_port, sea_dist)
VALUES
  (22226, 18867, 3559);

INSERT INTO  sea_dist(from_port, to_port, sea_dist)
VALUES
  (22226, 18937, 3101);

INSERT INTO  sea_dist(from_port, to_port, sea_dist)
VALUES
  (22226, 28082, 4952);

INSERT INTO  sea_dist(from_port, to_port, sea_dist)
VALUES
  (22226, 25350, 6358);

INSERT INTO  sea_dist(from_port, to_port, sea_dist)
VALUES
  (22226, 13176, 4378);

INSERT INTO  sea_dist(from_port, to_port, sea_dist)
VALUES
  (22226, 21451, 2399);

INSERT INTO  sea_dist(from_port, to_port, sea_dist)
VALUES
  (22226, 23247, 2737);

INSERT INTO  sea_dist(from_port, to_port, sea_dist)
VALUES
  (224858, 246265, 3399);

INSERT INTO  sea_dist(from_port, to_port, sea_dist)
VALUES
  (224858, 21863, 3103);

INSERT INTO  sea_dist(from_port, to_port, sea_dist)
VALUES
  (224858, 216593, 5093);

INSERT INTO  sea_dist(from_port, to_port, sea_dist)
VALUES
  (224858, 17386, 2129);

INSERT INTO  sea_dist(from_port, to_port, sea_dist)
VALUES
  (224858, 26147, 487);

INSERT INTO  sea_dist(from_port, to_port, sea_dist)
VALUES
  (224858, 23448, 2357);

INSERT INTO  sea_dist(from_port, to_port, sea_dist)
VALUES
  (224858, 30045, 6433);

INSERT INTO  sea_dist(from_port, to_port, sea_dist)
VALUES
  (224858, 14459, 3610);

INSERT INTO  sea_dist(from_port, to_port, sea_dist)
VALUES
  (224858, 216592, 5054);

INSERT INTO  sea_dist(from_port, to_port, sea_dist)
VALUES
  (224858, 29749, 881);

INSERT INTO  sea_dist(from_port, to_port, sea_dist)
VALUES
  (224858, 213737, 3805);

INSERT INTO  sea_dist(from_port, to_port, sea_dist)
VALUES
  (224858, 23428, 1784);

INSERT INTO  sea_dist(from_port, to_port, sea_dist)
VALUES
  (224858, 23495, 2649);

INSERT INTO  sea_dist(from_port, to_port, sea_dist)
VALUES
  (224858, 14470, 3734);

INSERT INTO  sea_dist(from_port, to_port, sea_dist)
VALUES
  (224858, 12543, 434);

INSERT INTO  sea_dist(from_port, to_port, sea_dist)
VALUES
  (224858, 11174, 2461);

INSERT INTO  sea_dist(from_port, to_port, sea_dist)
VALUES
  (224858, 13610, 4190);

INSERT INTO  sea_dist(from_port, to_port, sea_dist)
VALUES
  (224858, 24795, 3258);

INSERT INTO  sea_dist(from_port, to_port, sea_dist)
VALUES
  (224858, 11771, 455);

INSERT INTO  sea_dist(from_port, to_port, sea_dist)
VALUES
  (224858, 21381, 3258);

INSERT INTO  sea_dist(from_port, to_port, sea_dist)
VALUES
  (224858, 13012, 1183);

INSERT INTO  sea_dist(from_port, to_port, sea_dist)
VALUES
  (224858, 29002, 946);

INSERT INTO  sea_dist(from_port, to_port, sea_dist)
VALUES
  (224858, 29239, 428);

INSERT INTO  sea_dist(from_port, to_port, sea_dist)
VALUES
  (224858, 14635, 8005);

INSERT INTO  sea_dist(from_port, to_port, sea_dist)
VALUES
  (224858, 20512, 393);

INSERT INTO  sea_dist(from_port, to_port, sea_dist)
VALUES
  (224858, 14277, 6818);

INSERT INTO  sea_dist(from_port, to_port, sea_dist)
VALUES
  (224858, 19974, 4674);

INSERT INTO  sea_dist(from_port, to_port, sea_dist)
VALUES
  (224858, 10860, 6868);

INSERT INTO  sea_dist(from_port, to_port, sea_dist)
VALUES
  (224858, 22522, 3575);

INSERT INTO  sea_dist(from_port, to_port, sea_dist)
VALUES
  (224858, 21457, 2383);

INSERT INTO  sea_dist(from_port, to_port, sea_dist)
VALUES
  (224858, 17941, 6497);

INSERT INTO  sea_dist(from_port, to_port, sea_dist)
VALUES
  (224858, 27728, 1077);

INSERT INTO  sea_dist(from_port, to_port, sea_dist)
VALUES
  (224858, 25007, 3627);

INSERT INTO  sea_dist(from_port, to_port, sea_dist)
VALUES
  (224858, 21852, 3095);

INSERT INTO  sea_dist(from_port, to_port, sea_dist)
VALUES
  (224858, 22770, 3258);

INSERT INTO  sea_dist(from_port, to_port, sea_dist)
VALUES
  (224858, 29973, 5982);

INSERT INTO  sea_dist(from_port, to_port, sea_dist)
VALUES
  (224858, 20072, 174);

INSERT INTO  sea_dist(from_port, to_port, sea_dist)
VALUES
  (224858, 13756, 4101);

INSERT INTO  sea_dist(from_port, to_port, sea_dist)
VALUES
  (224858, 13390, 1365);

INSERT INTO  sea_dist(from_port, to_port, sea_dist)
VALUES
  (224858, 18454, 868);

INSERT INTO  sea_dist(from_port, to_port, sea_dist)
VALUES
  (224858, 21206, 587);

INSERT INTO  sea_dist(from_port, to_port, sea_dist)
VALUES
  (224858, 18937, 2001);

INSERT INTO  sea_dist(from_port, to_port, sea_dist)
VALUES
  (224858, 13176, 3278);

INSERT INTO  sea_dist(from_port, to_port, sea_dist)
VALUES
  (224858, 21451, 5314);

INSERT INTO  sea_dist(from_port, to_port, sea_dist)
VALUES
  (224858, 23247, 355);

INSERT INTO  sea_dist(from_port, to_port, sea_dist)
VALUES
  (16485, 246265, 4247);

INSERT INTO  sea_dist(from_port, to_port, sea_dist)
VALUES
  (16485, 21863, 3951);

INSERT INTO  sea_dist(from_port, to_port, sea_dist)
VALUES
  (16485, 216593, 5733);

INSERT INTO  sea_dist(from_port, to_port, sea_dist)
VALUES
  (16485, 17386, 2977);

INSERT INTO  sea_dist(from_port, to_port, sea_dist)
VALUES
  (16485, 18137, 4848);

INSERT INTO  sea_dist(from_port, to_port, sea_dist)
VALUES
  (16485, 26147, 1007);

INSERT INTO  sea_dist(from_port, to_port, sea_dist)
VALUES
  (16485, 23448, 3205);

INSERT INTO  sea_dist(from_port, to_port, sea_dist)
VALUES
  (16485, 18012, 1578);

INSERT INTO  sea_dist(from_port, to_port, sea_dist)
VALUES
  (16485, 30045, 7073);

INSERT INTO  sea_dist(from_port, to_port, sea_dist)
VALUES
  (16485, 14459, 4458);

INSERT INTO  sea_dist(from_port, to_port, sea_dist)
VALUES
  (16485, 216592, 5694);

INSERT INTO  sea_dist(from_port, to_port, sea_dist)
VALUES
  (16485, 29749, 1570);

INSERT INTO  sea_dist(from_port, to_port, sea_dist)
VALUES
  (16485, 18326, 1242);

INSERT INTO  sea_dist(from_port, to_port, sea_dist)
VALUES
  (16485, 213737, 4653);

INSERT INTO  sea_dist(from_port, to_port, sea_dist)
VALUES
  (16485, 23428, 2632);

INSERT INTO  sea_dist(from_port, to_port, sea_dist)
VALUES
  (16485, 23495, 3497);

INSERT INTO  sea_dist(from_port, to_port, sea_dist)
VALUES
  (16485, 14470, 4582);

INSERT INTO  sea_dist(from_port, to_port, sea_dist)
VALUES
  (16485, 12543, 422);

INSERT INTO  sea_dist(from_port, to_port, sea_dist)
VALUES
  (16485, 11174, 3309);

INSERT INTO  sea_dist(from_port, to_port, sea_dist)
VALUES
  (16485, 13610, 4886);

INSERT INTO  sea_dist(from_port, to_port, sea_dist)
VALUES
  (16485, 224858, 721);

INSERT INTO  sea_dist(from_port, to_port, sea_dist)
VALUES
  (16485, 24795, 4106);

INSERT INTO  sea_dist(from_port, to_port, sea_dist)
VALUES
  (16485, 11771, 424);

INSERT INTO  sea_dist(from_port, to_port, sea_dist)
VALUES
  (16485, 21381, 4106);

INSERT INTO  sea_dist(from_port, to_port, sea_dist)
VALUES
  (16485, 16737, 87);

INSERT INTO  sea_dist(from_port, to_port, sea_dist)
VALUES
  (16485, 13012, 2031);

INSERT INTO  sea_dist(from_port, to_port, sea_dist)
VALUES
  (16485, 29002, 1600);

INSERT INTO  sea_dist(from_port, to_port, sea_dist)
VALUES
  (16485, 29239, 1255);

INSERT INTO  sea_dist(from_port, to_port, sea_dist)
VALUES
  (16485, 14635, 8645);

INSERT INTO  sea_dist(from_port, to_port, sea_dist)
VALUES
  (16485, 20512, 723);

INSERT INTO  sea_dist(from_port, to_port, sea_dist)
VALUES
  (16485, 14277, 7458);

INSERT INTO  sea_dist(from_port, to_port, sea_dist)
VALUES
  (16485, 19974, 5355);

INSERT INTO  sea_dist(from_port, to_port, sea_dist)
VALUES
  (16485, 10860, 7508);

INSERT INTO  sea_dist(from_port, to_port, sea_dist)
VALUES
  (16485, 22522, 4423);

INSERT INTO  sea_dist(from_port, to_port, sea_dist)
VALUES
  (16485, 21457, 3231);

INSERT INTO  sea_dist(from_port, to_port, sea_dist)
VALUES
  (16485, 17941, 7345);

INSERT INTO  sea_dist(from_port, to_port, sea_dist)
VALUES
  (16485, 27728, 1609);

INSERT INTO  sea_dist(from_port, to_port, sea_dist)
VALUES
  (16485, 25007, 4232);

INSERT INTO  sea_dist(from_port, to_port, sea_dist)
VALUES
  (16485, 21852, 3943);

INSERT INTO  sea_dist(from_port, to_port, sea_dist)
VALUES
  (16485, 22770, 4106);

INSERT INTO  sea_dist(from_port, to_port, sea_dist)
VALUES
  (16485, 18682, 4865);

INSERT INTO  sea_dist(from_port, to_port, sea_dist)
VALUES
  (16485, 29973, 6622);

INSERT INTO  sea_dist(from_port, to_port, sea_dist)
VALUES
  (16485, 20072, 580);

INSERT INTO  sea_dist(from_port, to_port, sea_dist)
VALUES
  (16485, 13756, 4775);

INSERT INTO  sea_dist(from_port, to_port, sea_dist)
VALUES
  (16485, 13390, 2213);

INSERT INTO  sea_dist(from_port, to_port, sea_dist)
VALUES
  (16485, 18454, 171);

INSERT INTO  sea_dist(from_port, to_port, sea_dist)
VALUES
  (16485, 21206, 237);

INSERT INTO  sea_dist(from_port, to_port, sea_dist)
VALUES
  (16485, 18937, 2849);

INSERT INTO  sea_dist(from_port, to_port, sea_dist)
VALUES
  (16485, 13176, 4126);

INSERT INTO  sea_dist(from_port, to_port, sea_dist)
VALUES
  (16485, 21451, 5919);

INSERT INTO  sea_dist(from_port, to_port, sea_dist)
VALUES
  (16485, 23247, 1204);

INSERT INTO  sea_dist(from_port, to_port, sea_dist)
VALUES
  (18433, 10358, 2137);

INSERT INTO  sea_dist(from_port, to_port, sea_dist)
VALUES
  (18433, 246265, 2909);

INSERT INTO  sea_dist(from_port, to_port, sea_dist)
VALUES
  (18433, 19057, 1615);

INSERT INTO  sea_dist(from_port, to_port, sea_dist)
VALUES
  (18433, 21863, 2613);

INSERT INTO  sea_dist(from_port, to_port, sea_dist)
VALUES
  (18433, 216593, 3300);

INSERT INTO  sea_dist(from_port, to_port, sea_dist)
VALUES
  (18433, 17386, 1639);

INSERT INTO  sea_dist(from_port, to_port, sea_dist)
VALUES
  (18433, 18137, 3510);

INSERT INTO  sea_dist(from_port, to_port, sea_dist)
VALUES
  (18433, 26147, 1864);

INSERT INTO  sea_dist(from_port, to_port, sea_dist)
VALUES
  (18433, 23448, 1867);

INSERT INTO  sea_dist(from_port, to_port, sea_dist)
VALUES
  (18433, 20826, 3050);

INSERT INTO  sea_dist(from_port, to_port, sea_dist)
VALUES
  (18433, 18012, 1199);

INSERT INTO  sea_dist(from_port, to_port, sea_dist)
VALUES
  (18433, 28261, 3654);

INSERT INTO  sea_dist(from_port, to_port, sea_dist)
VALUES
  (18433, 30045, 4640);

INSERT INTO  sea_dist(from_port, to_port, sea_dist)
VALUES
  (18433, 28313, 3047);

INSERT INTO  sea_dist(from_port, to_port, sea_dist)
VALUES
  (18433, 14459, 3120);

INSERT INTO  sea_dist(from_port, to_port, sea_dist)
VALUES
  (18433, 10563, 2161);

INSERT INTO  sea_dist(from_port, to_port, sea_dist)
VALUES
  (18433, 216592, 3261);

INSERT INTO  sea_dist(from_port, to_port, sea_dist)
VALUES
  (18433, 15107, 4041);

INSERT INTO  sea_dist(from_port, to_port, sea_dist)
VALUES
  (18433, 29749, 1324);

INSERT INTO  sea_dist(from_port, to_port, sea_dist)
VALUES
  (18433, 18326, 1511);

INSERT INTO  sea_dist(from_port, to_port, sea_dist)
VALUES
  (18433, 14226, 3780);

INSERT INTO  sea_dist(from_port, to_port, sea_dist)
VALUES
  (18433, 213737, 3315);

INSERT INTO  sea_dist(from_port, to_port, sea_dist)
VALUES
  (18433, 23428, 678);

INSERT INTO  sea_dist(from_port, to_port, sea_dist)
VALUES
  (18433, 23495, 2159);

INSERT INTO  sea_dist(from_port, to_port, sea_dist)
VALUES
  (18433, 14470, 3244);

INSERT INTO  sea_dist(from_port, to_port, sea_dist)
VALUES
  (18433, 12543, 2427);

INSERT INTO  sea_dist(from_port, to_port, sea_dist)
VALUES
  (18433, 11174, 1971);

INSERT INTO  sea_dist(from_port, to_port, sea_dist)
VALUES
  (18433, 13610, 2375);

INSERT INTO  sea_dist(from_port, to_port, sea_dist)
VALUES
  (18433, 29876, 4137);

INSERT INTO  sea_dist(from_port, to_port, sea_dist)
VALUES
  (18433, 22226, 1609);

INSERT INTO  sea_dist(from_port, to_port, sea_dist)
VALUES
  (18433, 224858, 1863);

INSERT INTO  sea_dist(from_port, to_port, sea_dist)
VALUES
  (18433, 16485, 2711);

INSERT INTO  sea_dist(from_port, to_port, sea_dist)
VALUES
  (18433, 24795, 2768);

INSERT INTO  sea_dist(from_port, to_port, sea_dist)
VALUES
  (18433, 11771, 2462);

INSERT INTO  sea_dist(from_port, to_port, sea_dist)
VALUES
  (18433, 21381, 2768);

INSERT INTO  sea_dist(from_port, to_port, sea_dist)
VALUES
  (18433, 16737, 2766);

INSERT INTO  sea_dist(from_port, to_port, sea_dist)
VALUES
  (18433, 10136, 3045);

INSERT INTO  sea_dist(from_port, to_port, sea_dist)
VALUES
  (18433, 13012, 937);

INSERT INTO  sea_dist(from_port, to_port, sea_dist)
VALUES
  (18433, 29002, 1403);

INSERT INTO  sea_dist(from_port, to_port, sea_dist)
VALUES
  (18433, 29239, 1569);

INSERT INTO  sea_dist(from_port, to_port, sea_dist)
VALUES
  (18433, 14635, 6212);

INSERT INTO  sea_dist(from_port, to_port, sea_dist)
VALUES
  (18433, 20512, 2045);

INSERT INTO  sea_dist(from_port, to_port, sea_dist)
VALUES
  (18433, 14277, 5025);

INSERT INTO  sea_dist(from_port, to_port, sea_dist)
VALUES
  (18433, 19974, 2859);

INSERT INTO  sea_dist(from_port, to_port, sea_dist)
VALUES
  (18433, 10860, 5075);

INSERT INTO  sea_dist(from_port, to_port, sea_dist)
VALUES
  (18433, 22522, 3085);

INSERT INTO  sea_dist(from_port, to_port, sea_dist)
VALUES
  (18433, 21457, 1893);

INSERT INTO  sea_dist(from_port, to_port, sea_dist)
VALUES
  (18433, 17941, 4898);

INSERT INTO  sea_dist(from_port, to_port, sea_dist)
VALUES
  (18433, 27728, 2363);

INSERT INTO  sea_dist(from_port, to_port, sea_dist)
VALUES
  (18433, 25007, 2106);

INSERT INTO  sea_dist(from_port, to_port, sea_dist)
VALUES
  (18433, 21852, 2605);

INSERT INTO  sea_dist(from_port, to_port, sea_dist)
VALUES
  (18433, 22770, 2768);

INSERT INTO  sea_dist(from_port, to_port, sea_dist)
VALUES
  (18433, 18476, 155);

INSERT INTO  sea_dist(from_port, to_port, sea_dist)
VALUES
  (18433, 18682, 3527);

INSERT INTO  sea_dist(from_port, to_port, sea_dist)
VALUES
  (18433, 28781, 3393);

INSERT INTO  sea_dist(from_port, to_port, sea_dist)
VALUES
  (18433, 29973, 4189);

INSERT INTO  sea_dist(from_port, to_port, sea_dist)
VALUES
  (18433, 24951, 2732);

INSERT INTO  sea_dist(from_port, to_port, sea_dist)
VALUES
  (18433, 20301, 4604);

INSERT INTO  sea_dist(from_port, to_port, sea_dist)
VALUES
  (18433, 20072, 2270);

INSERT INTO  sea_dist(from_port, to_port, sea_dist)
VALUES
  (18433, 20351, 3209);

INSERT INTO  sea_dist(from_port, to_port, sea_dist)
VALUES
  (18433, 13756, 2296);

INSERT INTO  sea_dist(from_port, to_port, sea_dist)
VALUES
  (18433, 27792, 6102);

INSERT INTO  sea_dist(from_port, to_port, sea_dist)
VALUES
  (18433, 27248, 4082);

INSERT INTO  sea_dist(from_port, to_port, sea_dist)
VALUES
  (18433, 13390, 939);

INSERT INTO  sea_dist(from_port, to_port, sea_dist)
VALUES
  (18433, 21556, 2612);

INSERT INTO  sea_dist(from_port, to_port, sea_dist)
VALUES
  (18433, 18454, 2852);

INSERT INTO  sea_dist(from_port, to_port, sea_dist)
VALUES
  (18433, 21206, 2583);

INSERT INTO  sea_dist(from_port, to_port, sea_dist)
VALUES
  (18433, 18867, 2690);

INSERT INTO  sea_dist(from_port, to_port, sea_dist)
VALUES
  (18433, 18937, 1511);

INSERT INTO  sea_dist(from_port, to_port, sea_dist)
VALUES
  (18433, 28082, 5915);

INSERT INTO  sea_dist(from_port, to_port, sea_dist)
VALUES
  (18433, 25350, 7321);

INSERT INTO  sea_dist(from_port, to_port, sea_dist)
VALUES
  (18433, 20847, 3073);

INSERT INTO  sea_dist(from_port, to_port, sea_dist)
VALUES
  (18433, 13176, 2788);

INSERT INTO  sea_dist(from_port, to_port, sea_dist)
VALUES
  (18433, 21451, 3704);

INSERT INTO  sea_dist(from_port, to_port, sea_dist)
VALUES
  (18433, 23247, 1565);

INSERT INTO  sea_dist(from_port, to_port, sea_dist)
VALUES
  (18433, 19473, 1544);

INSERT INTO  sea_dist(from_port, to_port, sea_dist)
VALUES
  (24795, 246265, 1133);

INSERT INTO  sea_dist(from_port, to_port, sea_dist)
VALUES
  (24795, 17386, 1296);

INSERT INTO  sea_dist(from_port, to_port, sea_dist)
VALUES
  (24795, 23448, 914);

INSERT INTO  sea_dist(from_port, to_port, sea_dist)
VALUES
  (24795, 213737, 1539);

INSERT INTO  sea_dist(from_port, to_port, sea_dist)
VALUES
  (24795, 23495, 965);

INSERT INTO  sea_dist(from_port, to_port, sea_dist)
VALUES
  (24795, 29002, 2910);

INSERT INTO  sea_dist(from_port, to_port, sea_dist)
VALUES
  (24795, 29239, 2964);

INSERT INTO  sea_dist(from_port, to_port, sea_dist)
VALUES
  (24795, 14635, 8920);

INSERT INTO  sea_dist(from_port, to_port, sea_dist)
VALUES
  (24795, 20512, 3440);

INSERT INTO  sea_dist(from_port, to_port, sea_dist)
VALUES
  (24795, 19974, 5529);

INSERT INTO  sea_dist(from_port, to_port, sea_dist)
VALUES
  (24795, 22522, 1316);

INSERT INTO  sea_dist(from_port, to_port, sea_dist)
VALUES
  (24795, 17941, 6836);

INSERT INTO  sea_dist(from_port, to_port, sea_dist)
VALUES
  (24795, 25007, 4857);

INSERT INTO  sea_dist(from_port, to_port, sea_dist)
VALUES
  (24795, 21206, 3978);

INSERT INTO  sea_dist(from_port, to_port, sea_dist)
VALUES
  (24795, 18937, 1384);

INSERT INTO  sea_dist(from_port, to_port, sea_dist)
VALUES
  (11771, 246265, 3998);

INSERT INTO  sea_dist(from_port, to_port, sea_dist)
VALUES
  (11771, 17386, 2728);

INSERT INTO  sea_dist(from_port, to_port, sea_dist)
VALUES
  (11771, 23448, 2956);

INSERT INTO  sea_dist(from_port, to_port, sea_dist)
VALUES
  (11771, 213737, 4404);

INSERT INTO  sea_dist(from_port, to_port, sea_dist)
VALUES
  (11771, 23495, 3248);

INSERT INTO  sea_dist(from_port, to_port, sea_dist)
VALUES
  (11771, 24795, 3857);

INSERT INTO  sea_dist(from_port, to_port, sea_dist)
VALUES
  (11771, 21381, 3857);

INSERT INTO  sea_dist(from_port, to_port, sea_dist)
VALUES
  (11771, 29002, 1351);

INSERT INTO  sea_dist(from_port, to_port, sea_dist)
VALUES
  (11771, 29239, 1006);

INSERT INTO  sea_dist(from_port, to_port, sea_dist)
VALUES
  (11771, 14635, 8396);

INSERT INTO  sea_dist(from_port, to_port, sea_dist)
VALUES
  (11771, 20512, 473);

INSERT INTO  sea_dist(from_port, to_port, sea_dist)
VALUES
  (11771, 19974, 5106);

INSERT INTO  sea_dist(from_port, to_port, sea_dist)
VALUES
  (11771, 22522, 4174);

INSERT INTO  sea_dist(from_port, to_port, sea_dist)
VALUES
  (11771, 17941, 7096);

INSERT INTO  sea_dist(from_port, to_port, sea_dist)
VALUES
  (11771, 25007, 3983);

INSERT INTO  sea_dist(from_port, to_port, sea_dist)
VALUES
  (11771, 22770, 3857);

INSERT INTO  sea_dist(from_port, to_port, sea_dist)
VALUES
  (11771, 18454, 568);

INSERT INTO  sea_dist(from_port, to_port, sea_dist)
VALUES
  (11771, 21206, 340);

INSERT INTO  sea_dist(from_port, to_port, sea_dist)
VALUES
  (11771, 18937, 2600);

INSERT INTO  sea_dist(from_port, to_port, sea_dist)
VALUES
  (21381, 246265, 1133);

INSERT INTO  sea_dist(from_port, to_port, sea_dist)
VALUES
  (21381, 17386, 1296);

INSERT INTO  sea_dist(from_port, to_port, sea_dist)
VALUES
  (21381, 23448, 914);

INSERT INTO  sea_dist(from_port, to_port, sea_dist)
VALUES
  (21381, 213737, 1539);

INSERT INTO  sea_dist(from_port, to_port, sea_dist)
VALUES
  (21381, 23495, 965);

INSERT INTO  sea_dist(from_port, to_port, sea_dist)
VALUES
  (21381, 29002, 2910);

INSERT INTO  sea_dist(from_port, to_port, sea_dist)
VALUES
  (21381, 29239, 2964);

INSERT INTO  sea_dist(from_port, to_port, sea_dist)
VALUES
  (21381, 14635, 8920);

INSERT INTO  sea_dist(from_port, to_port, sea_dist)
VALUES
  (21381, 20512, 3440);

INSERT INTO  sea_dist(from_port, to_port, sea_dist)
VALUES
  (21381, 19974, 5529);

INSERT INTO  sea_dist(from_port, to_port, sea_dist)
VALUES
  (21381, 22522, 1316);

INSERT INTO  sea_dist(from_port, to_port, sea_dist)
VALUES
  (21381, 17941, 6836);

INSERT INTO  sea_dist(from_port, to_port, sea_dist)
VALUES
  (21381, 25007, 4857);

INSERT INTO  sea_dist(from_port, to_port, sea_dist)
VALUES
  (21381, 21206, 3978);

INSERT INTO  sea_dist(from_port, to_port, sea_dist)
VALUES
  (21381, 18937, 1384);

INSERT INTO  sea_dist(from_port, to_port, sea_dist)
VALUES
  (16737, 246265, 4302);

INSERT INTO  sea_dist(from_port, to_port, sea_dist)
VALUES
  (16737, 21863, 4006);

INSERT INTO  sea_dist(from_port, to_port, sea_dist)
VALUES
  (16737, 216593, 5788);

INSERT INTO  sea_dist(from_port, to_port, sea_dist)
VALUES
  (16737, 17386, 3032);

INSERT INTO  sea_dist(from_port, to_port, sea_dist)
VALUES
  (16737, 18137, 4903);

INSERT INTO  sea_dist(from_port, to_port, sea_dist)
VALUES
  (16737, 26147, 1062);

INSERT INTO  sea_dist(from_port, to_port, sea_dist)
VALUES
  (16737, 23448, 3260);

INSERT INTO  sea_dist(from_port, to_port, sea_dist)
VALUES
  (16737, 18012, 1633);

INSERT INTO  sea_dist(from_port, to_port, sea_dist)
VALUES
  (16737, 30045, 7128);

INSERT INTO  sea_dist(from_port, to_port, sea_dist)
VALUES
  (16737, 14459, 4513);

INSERT INTO  sea_dist(from_port, to_port, sea_dist)
VALUES
  (16737, 216592, 5749);

INSERT INTO  sea_dist(from_port, to_port, sea_dist)
VALUES
  (16737, 29749, 1625);

INSERT INTO  sea_dist(from_port, to_port, sea_dist)
VALUES
  (16737, 18326, 1297);

INSERT INTO  sea_dist(from_port, to_port, sea_dist)
VALUES
  (16737, 213737, 4708);

INSERT INTO  sea_dist(from_port, to_port, sea_dist)
VALUES
  (16737, 23428, 2687);

INSERT INTO  sea_dist(from_port, to_port, sea_dist)
VALUES
  (16737, 23495, 3552);

INSERT INTO  sea_dist(from_port, to_port, sea_dist)
VALUES
  (16737, 14470, 4637);

INSERT INTO  sea_dist(from_port, to_port, sea_dist)
VALUES
  (16737, 12543, 486);

INSERT INTO  sea_dist(from_port, to_port, sea_dist)
VALUES
  (16737, 11174, 3364);

INSERT INTO  sea_dist(from_port, to_port, sea_dist)
VALUES
  (16737, 13610, 4941);

INSERT INTO  sea_dist(from_port, to_port, sea_dist)
VALUES
  (16737, 224858, 780);

INSERT INTO  sea_dist(from_port, to_port, sea_dist)
VALUES
  (16737, 24795, 4161);

INSERT INTO  sea_dist(from_port, to_port, sea_dist)
VALUES
  (16737, 11771, 485);

INSERT INTO  sea_dist(from_port, to_port, sea_dist)
VALUES
  (16737, 21381, 4161);

INSERT INTO  sea_dist(from_port, to_port, sea_dist)
VALUES
  (16737, 13012, 2086);

INSERT INTO  sea_dist(from_port, to_port, sea_dist)
VALUES
  (16737, 29002, 1655);

INSERT INTO  sea_dist(from_port, to_port, sea_dist)
VALUES
  (16737, 29239, 1310);

INSERT INTO  sea_dist(from_port, to_port, sea_dist)
VALUES
  (16737, 14635, 8700);

INSERT INTO  sea_dist(from_port, to_port, sea_dist)
VALUES
  (16737, 20512, 781);

INSERT INTO  sea_dist(from_port, to_port, sea_dist)
VALUES
  (16737, 14277, 7513);

INSERT INTO  sea_dist(from_port, to_port, sea_dist)
VALUES
  (16737, 19974, 5410);

INSERT INTO  sea_dist(from_port, to_port, sea_dist)
VALUES
  (16737, 10860, 7563);

INSERT INTO  sea_dist(from_port, to_port, sea_dist)
VALUES
  (16737, 22522, 4478);

INSERT INTO  sea_dist(from_port, to_port, sea_dist)
VALUES
  (16737, 21457, 3286);

INSERT INTO  sea_dist(from_port, to_port, sea_dist)
VALUES
  (16737, 17941, 7400);

INSERT INTO  sea_dist(from_port, to_port, sea_dist)
VALUES
  (16737, 27728, 1664);

INSERT INTO  sea_dist(from_port, to_port, sea_dist)
VALUES
  (16737, 25007, 4287);

INSERT INTO  sea_dist(from_port, to_port, sea_dist)
VALUES
  (16737, 21852, 3998);

INSERT INTO  sea_dist(from_port, to_port, sea_dist)
VALUES
  (16737, 22770, 4161);

INSERT INTO  sea_dist(from_port, to_port, sea_dist)
VALUES
  (16737, 18682, 4920);

INSERT INTO  sea_dist(from_port, to_port, sea_dist)
VALUES
  (16737, 29973, 6677);

INSERT INTO  sea_dist(from_port, to_port, sea_dist)
VALUES
  (16737, 20072, 636);

INSERT INTO  sea_dist(from_port, to_port, sea_dist)
VALUES
  (16737, 13756, 4830);

INSERT INTO  sea_dist(from_port, to_port, sea_dist)
VALUES
  (16737, 13390, 2268);

INSERT INTO  sea_dist(from_port, to_port, sea_dist)
VALUES
  (16737, 18454, 106);

INSERT INTO  sea_dist(from_port, to_port, sea_dist)
VALUES
  (16737, 21206, 297);

INSERT INTO  sea_dist(from_port, to_port, sea_dist)
VALUES
  (16737, 18937, 2904);

INSERT INTO  sea_dist(from_port, to_port, sea_dist)
VALUES
  (16737, 13176, 4181);

INSERT INTO  sea_dist(from_port, to_port, sea_dist)
VALUES
  (16737, 21451, 5974);

INSERT INTO  sea_dist(from_port, to_port, sea_dist)
VALUES
  (16737, 23247, 1259);

INSERT INTO  sea_dist(from_port, to_port, sea_dist)
VALUES
  (10136, 10358, 3809);

INSERT INTO  sea_dist(from_port, to_port, sea_dist)
VALUES
  (10136, 246265, 711);

INSERT INTO  sea_dist(from_port, to_port, sea_dist)
VALUES
  (10136, 21863, 567);

INSERT INTO  sea_dist(from_port, to_port, sea_dist)
VALUES
  (10136, 216593, 6285);

INSERT INTO  sea_dist(from_port, to_port, sea_dist)
VALUES
  (10136, 17386, 1596);

INSERT INTO  sea_dist(from_port, to_port, sea_dist)
VALUES
  (10136, 18137, 1312);

INSERT INTO  sea_dist(from_port, to_port, sea_dist)
VALUES
  (10136, 26147, 3733);

INSERT INTO  sea_dist(from_port, to_port, sea_dist)
VALUES
  (10136, 23448, 1180);

INSERT INTO  sea_dist(from_port, to_port, sea_dist)
VALUES
  (10136, 18012, 2863);

INSERT INTO  sea_dist(from_port, to_port, sea_dist)
VALUES
  (10136, 30045, 7625);

INSERT INTO  sea_dist(from_port, to_port, sea_dist)
VALUES
  (10136, 14459, 922);

INSERT INTO  sea_dist(from_port, to_port, sea_dist)
VALUES
  (10136, 10563, 3833);

INSERT INTO  sea_dist(from_port, to_port, sea_dist)
VALUES
  (10136, 216592, 6246);

INSERT INTO  sea_dist(from_port, to_port, sea_dist)
VALUES
  (10136, 15107, 7026);

INSERT INTO  sea_dist(from_port, to_port, sea_dist)
VALUES
  (10136, 29749, 3117);

INSERT INTO  sea_dist(from_port, to_port, sea_dist)
VALUES
  (10136, 18326, 3183);

INSERT INTO  sea_dist(from_port, to_port, sea_dist)
VALUES
  (10136, 14226, 6765);

INSERT INTO  sea_dist(from_port, to_port, sea_dist)
VALUES
  (10136, 213737, 1117);

INSERT INTO  sea_dist(from_port, to_port, sea_dist)
VALUES
  (10136, 23428, 2529);

INSERT INTO  sea_dist(from_port, to_port, sea_dist)
VALUES
  (10136, 23495, 1175);

INSERT INTO  sea_dist(from_port, to_port, sea_dist)
VALUES
  (10136, 14470, 1046);

INSERT INTO  sea_dist(from_port, to_port, sea_dist)
VALUES
  (10136, 12543, 4099);

INSERT INTO  sea_dist(from_port, to_port, sea_dist)
VALUES
  (10136, 11174, 1416);

INSERT INTO  sea_dist(from_port, to_port, sea_dist)
VALUES
  (10136, 13610, 5344);

INSERT INTO  sea_dist(from_port, to_port, sea_dist)
VALUES
  (10136, 29876, 7122);

INSERT INTO  sea_dist(from_port, to_port, sea_dist)
VALUES
  (10136, 224858, 3535);

INSERT INTO  sea_dist(from_port, to_port, sea_dist)
VALUES
  (10136, 16485, 4383);

INSERT INTO  sea_dist(from_port, to_port, sea_dist)
VALUES
  (10136, 24795, 1280);

INSERT INTO  sea_dist(from_port, to_port, sea_dist)
VALUES
  (10136, 11771, 4134);

INSERT INTO  sea_dist(from_port, to_port, sea_dist)
VALUES
  (10136, 21381, 1280);

INSERT INTO  sea_dist(from_port, to_port, sea_dist)
VALUES
  (10136, 16737, 4438);

INSERT INTO  sea_dist(from_port, to_port, sea_dist)
VALUES
  (10136, 13012, 2375);

INSERT INTO  sea_dist(from_port, to_port, sea_dist)
VALUES
  (10136, 29002, 3187);

INSERT INTO  sea_dist(from_port, to_port, sea_dist)
VALUES
  (10136, 29239, 3241);

INSERT INTO  sea_dist(from_port, to_port, sea_dist)
VALUES
  (10136, 14635, 9197);

INSERT INTO  sea_dist(from_port, to_port, sea_dist)
VALUES
  (10136, 20512, 3717);

INSERT INTO  sea_dist(from_port, to_port, sea_dist)
VALUES
  (10136, 14277, 8010);

INSERT INTO  sea_dist(from_port, to_port, sea_dist)
VALUES
  (10136, 19974, 5806);

INSERT INTO  sea_dist(from_port, to_port, sea_dist)
VALUES
  (10136, 10860, 8060);

INSERT INTO  sea_dist(from_port, to_port, sea_dist)
VALUES
  (10136, 22522, 140);

INSERT INTO  sea_dist(from_port, to_port, sea_dist)
VALUES
  (10136, 21457, 1444);

INSERT INTO  sea_dist(from_port, to_port, sea_dist)
VALUES
  (10136, 17941, 7113);

INSERT INTO  sea_dist(from_port, to_port, sea_dist)
VALUES
  (10136, 27728, 4329);

INSERT INTO  sea_dist(from_port, to_port, sea_dist)
VALUES
  (10136, 25007, 5134);

INSERT INTO  sea_dist(from_port, to_port, sea_dist)
VALUES
  (10136, 21852, 559);

INSERT INTO  sea_dist(from_port, to_port, sea_dist)
VALUES
  (10136, 22770, 1280);

INSERT INTO  sea_dist(from_port, to_port, sea_dist)
VALUES
  (10136, 18682, 1329);

INSERT INTO  sea_dist(from_port, to_port, sea_dist)
VALUES
  (10136, 29973, 7174);

INSERT INTO  sea_dist(from_port, to_port, sea_dist)
VALUES
  (10136, 20072, 3942);

INSERT INTO  sea_dist(from_port, to_port, sea_dist)
VALUES
  (10136, 13756, 5275);

INSERT INTO  sea_dist(from_port, to_port, sea_dist)
VALUES
  (10136, 13390, 2205);

INSERT INTO  sea_dist(from_port, to_port, sea_dist)
VALUES
  (10136, 18454, 4524);

INSERT INTO  sea_dist(from_port, to_port, sea_dist)
VALUES
  (10136, 21206, 4255);

INSERT INTO  sea_dist(from_port, to_port, sea_dist)
VALUES
  (10136, 18867, 4362);

INSERT INTO  sea_dist(from_port, to_port, sea_dist)
VALUES
  (10136, 18937, 1677);

INSERT INTO  sea_dist(from_port, to_port, sea_dist)
VALUES
  (10136, 13176, 1300);

INSERT INTO  sea_dist(from_port, to_port, sea_dist)
VALUES
  (10136, 21451, 6740);

INSERT INTO  sea_dist(from_port, to_port, sea_dist)
VALUES
  (10136, 23247, 3237);

INSERT INTO  sea_dist(from_port, to_port, sea_dist)
VALUES
  (13012, 246265, 2239);

INSERT INTO  sea_dist(from_port, to_port, sea_dist)
VALUES
  (13012, 17386, 969);

INSERT INTO  sea_dist(from_port, to_port, sea_dist)
VALUES
  (13012, 23448, 1197);

INSERT INTO  sea_dist(from_port, to_port, sea_dist)
VALUES
  (13012, 14459, 2450);

INSERT INTO  sea_dist(from_port, to_port, sea_dist)
VALUES
  (13012, 213737, 2645);

INSERT INTO  sea_dist(from_port, to_port, sea_dist)
VALUES
  (13012, 23495, 1489);

INSERT INTO  sea_dist(from_port, to_port, sea_dist)
VALUES
  (13012, 14470, 2574);

INSERT INTO  sea_dist(from_port, to_port, sea_dist)
VALUES
  (13012, 13610, 3294);

INSERT INTO  sea_dist(from_port, to_port, sea_dist)
VALUES
  (13012, 24795, 2098);

INSERT INTO  sea_dist(from_port, to_port, sea_dist)
VALUES
  (13012, 11771, 1782);

INSERT INTO  sea_dist(from_port, to_port, sea_dist)
VALUES
  (13012, 21381, 2098);

INSERT INTO  sea_dist(from_port, to_port, sea_dist)
VALUES
  (13012, 29002, 835);

INSERT INTO  sea_dist(from_port, to_port, sea_dist)
VALUES
  (13012, 29239, 889);

INSERT INTO  sea_dist(from_port, to_port, sea_dist)
VALUES
  (13012, 14635, 7141);

INSERT INTO  sea_dist(from_port, to_port, sea_dist)
VALUES
  (13012, 20512, 1365);

INSERT INTO  sea_dist(from_port, to_port, sea_dist)
VALUES
  (13012, 19974, 3778);

INSERT INTO  sea_dist(from_port, to_port, sea_dist)
VALUES
  (13012, 22522, 2415);

INSERT INTO  sea_dist(from_port, to_port, sea_dist)
VALUES
  (13012, 17941, 5375);

INSERT INTO  sea_dist(from_port, to_port, sea_dist)
VALUES
  (13012, 25007, 2948);

INSERT INTO  sea_dist(from_port, to_port, sea_dist)
VALUES
  (13012, 22770, 2098);

INSERT INTO  sea_dist(from_port, to_port, sea_dist)
VALUES
  (13012, 13756, 3223);

INSERT INTO  sea_dist(from_port, to_port, sea_dist)
VALUES
  (13012, 13390, 207);

INSERT INTO  sea_dist(from_port, to_port, sea_dist)
VALUES
  (13012, 18454, 2172);

INSERT INTO  sea_dist(from_port, to_port, sea_dist)
VALUES
  (13012, 21206, 1903);

INSERT INTO  sea_dist(from_port, to_port, sea_dist)
VALUES
  (13012, 18937, 841);

INSERT INTO  sea_dist(from_port, to_port, sea_dist)
VALUES
  (29002, 29239, 652);

INSERT INTO  sea_dist(from_port, to_port, sea_dist)
VALUES
  (29002, 14635, 7491);

INSERT INTO  sea_dist(from_port, to_port, sea_dist)
VALUES
  (29002, 19974, 4177);

INSERT INTO  sea_dist(from_port, to_port, sea_dist)
VALUES
  (29002, 17941, 6134);

INSERT INTO  sea_dist(from_port, to_port, sea_dist)
VALUES
  (29002, 25007, 3115);

INSERT INTO  sea_dist(from_port, to_port, sea_dist)
VALUES
  (29239, 14635, 7711);

INSERT INTO  sea_dist(from_port, to_port, sea_dist)
VALUES
  (29239, 19974, 4380);

INSERT INTO  sea_dist(from_port, to_port, sea_dist)
VALUES
  (29239, 17941, 6203);

INSERT INTO  sea_dist(from_port, to_port, sea_dist)
VALUES
  (29239, 25007, 3349);

INSERT INTO  sea_dist(from_port, to_port, sea_dist)
VALUES
  (14635, 19974, 3627);

INSERT INTO  sea_dist(from_port, to_port, sea_dist)
VALUES
  (14635, 17941, 7163);

INSERT INTO  sea_dist(from_port, to_port, sea_dist)
VALUES
  (14635, 25007, 4930);

INSERT INTO  sea_dist(from_port, to_port, sea_dist)
VALUES
  (20512, 246265, 3581);

INSERT INTO  sea_dist(from_port, to_port, sea_dist)
VALUES
  (20512, 23448, 2539);

INSERT INTO  sea_dist(from_port, to_port, sea_dist)
VALUES
  (20512, 213737, 3987);

INSERT INTO  sea_dist(from_port, to_port, sea_dist)
VALUES
  (20512, 23495, 2831);

INSERT INTO  sea_dist(from_port, to_port, sea_dist)
VALUES
  (20512, 29002, 923);

INSERT INTO  sea_dist(from_port, to_port, sea_dist)
VALUES
  (20512, 29239, 589);

INSERT INTO  sea_dist(from_port, to_port, sea_dist)
VALUES
  (20512, 14635, 7968);

INSERT INTO  sea_dist(from_port, to_port, sea_dist)
VALUES
  (20512, 19974, 4678);

INSERT INTO  sea_dist(from_port, to_port, sea_dist)
VALUES
  (20512, 22522, 3757);

INSERT INTO  sea_dist(from_port, to_port, sea_dist)
VALUES
  (20512, 17941, 6679);

INSERT INTO  sea_dist(from_port, to_port, sea_dist)
VALUES
  (20512, 25007, 3555);

INSERT INTO  sea_dist(from_port, to_port, sea_dist)
VALUES
  (20512, 21206, 595);

INSERT INTO  sea_dist(from_port, to_port, sea_dist)
VALUES
  (14277, 246265, 7874);

INSERT INTO  sea_dist(from_port, to_port, sea_dist)
VALUES
  (14277, 216593, 1725);

INSERT INTO  sea_dist(from_port, to_port, sea_dist)
VALUES
  (14277, 17386, 6604);

INSERT INTO  sea_dist(from_port, to_port, sea_dist)
VALUES
  (14277, 26147, 6598);

INSERT INTO  sea_dist(from_port, to_port, sea_dist)
VALUES
  (14277, 23448, 6832);

INSERT INTO  sea_dist(from_port, to_port, sea_dist)
VALUES
  (14277, 30045, 2475);

INSERT INTO  sea_dist(from_port, to_port, sea_dist)
VALUES
  (14277, 14459, 8085);

INSERT INTO  sea_dist(from_port, to_port, sea_dist)
VALUES
  (14277, 216592, 1764);

INSERT INTO  sea_dist(from_port, to_port, sea_dist)
VALUES
  (14277, 213737, 8280);

INSERT INTO  sea_dist(from_port, to_port, sea_dist)
VALUES
  (14277, 23495, 7124);

INSERT INTO  sea_dist(from_port, to_port, sea_dist)
VALUES
  (14277, 14470, 8209);

INSERT INTO  sea_dist(from_port, to_port, sea_dist)
VALUES
  (14277, 12543, 7174);

INSERT INTO  sea_dist(from_port, to_port, sea_dist)
VALUES
  (14277, 13610, 2681);

INSERT INTO  sea_dist(from_port, to_port, sea_dist)
VALUES
  (14277, 24795, 7733);

INSERT INTO  sea_dist(from_port, to_port, sea_dist)
VALUES
  (14277, 11771, 7209);

INSERT INTO  sea_dist(from_port, to_port, sea_dist)
VALUES
  (14277, 21381, 7733);

INSERT INTO  sea_dist(from_port, to_port, sea_dist)
VALUES
  (14277, 13012, 5954);

INSERT INTO  sea_dist(from_port, to_port, sea_dist)
VALUES
  (14277, 29002, 6304);

INSERT INTO  sea_dist(from_port, to_port, sea_dist)
VALUES
  (14277, 29239, 6524);

INSERT INTO  sea_dist(from_port, to_port, sea_dist)
VALUES
  (14277, 14635, 1206);

INSERT INTO  sea_dist(from_port, to_port, sea_dist)
VALUES
  (14277, 20512, 6781);

INSERT INTO  sea_dist(from_port, to_port, sea_dist)
VALUES
  (14277, 19974, 2440);

INSERT INTO  sea_dist(from_port, to_port, sea_dist)
VALUES
  (14277, 10860, 2909);

INSERT INTO  sea_dist(from_port, to_port, sea_dist)
VALUES
  (14277, 22522, 8050);

INSERT INTO  sea_dist(from_port, to_port, sea_dist)
VALUES
  (14277, 21457, 6858);

INSERT INTO  sea_dist(from_port, to_port, sea_dist)
VALUES
  (14277, 17941, 6076);

INSERT INTO  sea_dist(from_port, to_port, sea_dist)
VALUES
  (14277, 27728, 6999);

INSERT INTO  sea_dist(from_port, to_port, sea_dist)
VALUES
  (14277, 25007, 3743);

INSERT INTO  sea_dist(from_port, to_port, sea_dist)
VALUES
  (14277, 22770, 7733);

INSERT INTO  sea_dist(from_port, to_port, sea_dist)
VALUES
  (14277, 13756, 2756);

INSERT INTO  sea_dist(from_port, to_port, sea_dist)
VALUES
  (14277, 13390, 5934);

INSERT INTO  sea_dist(from_port, to_port, sea_dist)
VALUES
  (14277, 18454, 7599);

INSERT INTO  sea_dist(from_port, to_port, sea_dist)
VALUES
  (14277, 21206, 7330);

INSERT INTO  sea_dist(from_port, to_port, sea_dist)
VALUES
  (14277, 18937, 6476);

INSERT INTO  sea_dist(from_port, to_port, sea_dist)
VALUES
  (14277, 21451, 3174);

INSERT INTO  sea_dist(from_port, to_port, sea_dist)
VALUES
  (14277, 23247, 6520);

INSERT INTO  sea_dist(from_port, to_port, sea_dist)
VALUES
  (10860, 246265, 7924);

INSERT INTO  sea_dist(from_port, to_port, sea_dist)
VALUES
  (10860, 17386, 6654);

INSERT INTO  sea_dist(from_port, to_port, sea_dist)
VALUES
  (10860, 23448, 6882);

INSERT INTO  sea_dist(from_port, to_port, sea_dist)
VALUES
  (10860, 14459, 8135);

INSERT INTO  sea_dist(from_port, to_port, sea_dist)
VALUES
  (10860, 213737, 8330);

INSERT INTO  sea_dist(from_port, to_port, sea_dist)
VALUES
  (10860, 23495, 7174);

INSERT INTO  sea_dist(from_port, to_port, sea_dist)
VALUES
  (10860, 14470, 8259);

INSERT INTO  sea_dist(from_port, to_port, sea_dist)
VALUES
  (10860, 12543, 7224);

INSERT INTO  sea_dist(from_port, to_port, sea_dist)
VALUES
  (10860, 13610, 2731);

INSERT INTO  sea_dist(from_port, to_port, sea_dist)
VALUES
  (10860, 24795, 7783);

INSERT INTO  sea_dist(from_port, to_port, sea_dist)
VALUES
  (10860, 11771, 7259);

INSERT INTO  sea_dist(from_port, to_port, sea_dist)
VALUES
  (10860, 21381, 7783);

INSERT INTO  sea_dist(from_port, to_port, sea_dist)
VALUES
  (10860, 13012, 6004);

INSERT INTO  sea_dist(from_port, to_port, sea_dist)
VALUES
  (10860, 29002, 6354);

INSERT INTO  sea_dist(from_port, to_port, sea_dist)
VALUES
  (10860, 29239, 6574);

INSERT INTO  sea_dist(from_port, to_port, sea_dist)
VALUES
  (10860, 14635, 4083);

INSERT INTO  sea_dist(from_port, to_port, sea_dist)
VALUES
  (10860, 20512, 6831);

INSERT INTO  sea_dist(from_port, to_port, sea_dist)
VALUES
  (10860, 19974, 2490);

INSERT INTO  sea_dist(from_port, to_port, sea_dist)
VALUES
  (10860, 22522, 8100);

INSERT INTO  sea_dist(from_port, to_port, sea_dist)
VALUES
  (10860, 17941, 3665);

INSERT INTO  sea_dist(from_port, to_port, sea_dist)
VALUES
  (10860, 25007, 3793);

INSERT INTO  sea_dist(from_port, to_port, sea_dist)
VALUES
  (10860, 22770, 7783);

INSERT INTO  sea_dist(from_port, to_port, sea_dist)
VALUES
  (10860, 13756, 2806);

INSERT INTO  sea_dist(from_port, to_port, sea_dist)
VALUES
  (10860, 13390, 5984);

INSERT INTO  sea_dist(from_port, to_port, sea_dist)
VALUES
  (10860, 18454, 7649);

INSERT INTO  sea_dist(from_port, to_port, sea_dist)
VALUES
  (10860, 21206, 7380);

INSERT INTO  sea_dist(from_port, to_port, sea_dist)
VALUES
  (10860, 18937, 6526);

INSERT INTO  sea_dist(from_port, to_port, sea_dist)
VALUES
  (22522, 213737, 1141);

INSERT INTO  sea_dist(from_port, to_port, sea_dist)
VALUES
  (22522, 29002, 3227);

INSERT INTO  sea_dist(from_port, to_port, sea_dist)
VALUES
  (22522, 29239, 3281);

INSERT INTO  sea_dist(from_port, to_port, sea_dist)
VALUES
  (22522, 14635, 9237);

INSERT INTO  sea_dist(from_port, to_port, sea_dist)
VALUES
  (22522, 19974, 5846);

INSERT INTO  sea_dist(from_port, to_port, sea_dist)
VALUES
  (22522, 17941, 7153);

INSERT INTO  sea_dist(from_port, to_port, sea_dist)
VALUES
  (22522, 25007, 5174);

INSERT INTO  sea_dist(from_port, to_port, sea_dist)
VALUES
  (21457, 246265, 1298);

INSERT INTO  sea_dist(from_port, to_port, sea_dist)
VALUES
  (21457, 216593, 5133);

INSERT INTO  sea_dist(from_port, to_port, sea_dist)
VALUES
  (21457, 17386, 272);

INSERT INTO  sea_dist(from_port, to_port, sea_dist)
VALUES
  (21457, 26147, 2581);

INSERT INTO  sea_dist(from_port, to_port, sea_dist)
VALUES
  (21457, 23448, 414);

INSERT INTO  sea_dist(from_port, to_port, sea_dist)
VALUES
  (21457, 30045, 6473);

INSERT INTO  sea_dist(from_port, to_port, sea_dist)
VALUES
  (21457, 14459, 1509);

INSERT INTO  sea_dist(from_port, to_port, sea_dist)
VALUES
  (21457, 216592, 5094);

INSERT INTO  sea_dist(from_port, to_port, sea_dist)
VALUES
  (21457, 213737, 1704);

INSERT INTO  sea_dist(from_port, to_port, sea_dist)
VALUES
  (21457, 23495, 684);

INSERT INTO  sea_dist(from_port, to_port, sea_dist)
VALUES
  (21457, 14470, 1633);

INSERT INTO  sea_dist(from_port, to_port, sea_dist)
VALUES
  (21457, 12543, 2947);

INSERT INTO  sea_dist(from_port, to_port, sea_dist)
VALUES
  (21457, 13610, 4192);

INSERT INTO  sea_dist(from_port, to_port, sea_dist)
VALUES
  (21457, 24795, 1136);

INSERT INTO  sea_dist(from_port, to_port, sea_dist)
VALUES
  (21457, 11771, 2982);

INSERT INTO  sea_dist(from_port, to_port, sea_dist)
VALUES
  (21457, 21381, 1136);

INSERT INTO  sea_dist(from_port, to_port, sea_dist)
VALUES
  (21457, 13012, 1223);

INSERT INTO  sea_dist(from_port, to_port, sea_dist)
VALUES
  (21457, 29002, 2035);

INSERT INTO  sea_dist(from_port, to_port, sea_dist)
VALUES
  (21457, 29239, 2089);

INSERT INTO  sea_dist(from_port, to_port, sea_dist)
VALUES
  (21457, 14635, 8045);

INSERT INTO  sea_dist(from_port, to_port, sea_dist)
VALUES
  (21457, 20512, 2565);

INSERT INTO  sea_dist(from_port, to_port, sea_dist)
VALUES
  (21457, 19974, 4654);

INSERT INTO  sea_dist(from_port, to_port, sea_dist)
VALUES
  (21457, 10860, 6908);

INSERT INTO  sea_dist(from_port, to_port, sea_dist)
VALUES
  (21457, 22522, 1480);

INSERT INTO  sea_dist(from_port, to_port, sea_dist)
VALUES
  (21457, 17941, 5961);

INSERT INTO  sea_dist(from_port, to_port, sea_dist)
VALUES
  (21457, 27728, 3177);

INSERT INTO  sea_dist(from_port, to_port, sea_dist)
VALUES
  (21457, 25007, 3982);

INSERT INTO  sea_dist(from_port, to_port, sea_dist)
VALUES
  (21457, 22770, 1136);

INSERT INTO  sea_dist(from_port, to_port, sea_dist)
VALUES
  (21457, 13756, 4123);

INSERT INTO  sea_dist(from_port, to_port, sea_dist)
VALUES
  (21457, 13390, 1053);

INSERT INTO  sea_dist(from_port, to_port, sea_dist)
VALUES
  (21457, 18454, 3372);

INSERT INTO  sea_dist(from_port, to_port, sea_dist)
VALUES
  (21457, 21206, 3103);

INSERT INTO  sea_dist(from_port, to_port, sea_dist)
VALUES
  (21457, 18937, 431);

INSERT INTO  sea_dist(from_port, to_port, sea_dist)
VALUES
  (21457, 23247, 2085);

INSERT INTO  sea_dist(from_port, to_port, sea_dist)
VALUES
  (10138, 11174, 590);

INSERT INTO  sea_dist(from_port, to_port, sea_dist)
VALUES
  (17941, 19974, 4767);

INSERT INTO  sea_dist(from_port, to_port, sea_dist)
VALUES
  (27728, 246265, 4193);

INSERT INTO  sea_dist(from_port, to_port, sea_dist)
VALUES
  (27728, 216593, 5274);

INSERT INTO  sea_dist(from_port, to_port, sea_dist)
VALUES
  (27728, 17386, 2923);

INSERT INTO  sea_dist(from_port, to_port, sea_dist)
VALUES
  (27728, 23448, 3151);

INSERT INTO  sea_dist(from_port, to_port, sea_dist)
VALUES
  (27728, 30045, 6614);

INSERT INTO  sea_dist(from_port, to_port, sea_dist)
VALUES
  (27728, 14459, 4404);

INSERT INTO  sea_dist(from_port, to_port, sea_dist)
VALUES
  (27728, 216592, 5235);

INSERT INTO  sea_dist(from_port, to_port, sea_dist)
VALUES
  (27728, 213737, 4599);

INSERT INTO  sea_dist(from_port, to_port, sea_dist)
VALUES
  (27728, 23495, 3443);

INSERT INTO  sea_dist(from_port, to_port, sea_dist)
VALUES
  (27728, 14470, 4528);

INSERT INTO  sea_dist(from_port, to_port, sea_dist)
VALUES
  (27728, 12543, 1325);

INSERT INTO  sea_dist(from_port, to_port, sea_dist)
VALUES
  (27728, 13610, 4420);

INSERT INTO  sea_dist(from_port, to_port, sea_dist)
VALUES
  (27728, 24795, 4052);

INSERT INTO  sea_dist(from_port, to_port, sea_dist)
VALUES
  (27728, 11771, 1360);

INSERT INTO  sea_dist(from_port, to_port, sea_dist)
VALUES
  (27728, 21381, 4052);

INSERT INTO  sea_dist(from_port, to_port, sea_dist)
VALUES
  (27728, 13012, 1977);

INSERT INTO  sea_dist(from_port, to_port, sea_dist)
VALUES
  (27728, 29002, 1239);

INSERT INTO  sea_dist(from_port, to_port, sea_dist)
VALUES
  (27728, 29239, 1207);

INSERT INTO  sea_dist(from_port, to_port, sea_dist)
VALUES
  (27728, 14635, 8186);

INSERT INTO  sea_dist(from_port, to_port, sea_dist)
VALUES
  (27728, 20512, 923);

INSERT INTO  sea_dist(from_port, to_port, sea_dist)
VALUES
  (27728, 19974, 4902);

INSERT INTO  sea_dist(from_port, to_port, sea_dist)
VALUES
  (27728, 10860, 7049);

INSERT INTO  sea_dist(from_port, to_port, sea_dist)
VALUES
  (27728, 22522, 4369);

INSERT INTO  sea_dist(from_port, to_port, sea_dist)
VALUES
  (27728, 17941, 7182);

INSERT INTO  sea_dist(from_port, to_port, sea_dist)
VALUES
  (27728, 25007, 3773);

INSERT INTO  sea_dist(from_port, to_port, sea_dist)
VALUES
  (27728, 22770, 4052);

INSERT INTO  sea_dist(from_port, to_port, sea_dist)
VALUES
  (27728, 13756, 4320);

INSERT INTO  sea_dist(from_port, to_port, sea_dist)
VALUES
  (27728, 13390, 2159);

INSERT INTO  sea_dist(from_port, to_port, sea_dist)
VALUES
  (27728, 18454, 1750);

INSERT INTO  sea_dist(from_port, to_port, sea_dist)
VALUES
  (27728, 21206, 1481);

INSERT INTO  sea_dist(from_port, to_port, sea_dist)
VALUES
  (27728, 18937, 2795);

INSERT INTO  sea_dist(from_port, to_port, sea_dist)
VALUES
  (25007, 19974, 1909);

INSERT INTO  sea_dist(from_port, to_port, sea_dist)
VALUES
  (25007, 17941, 5755);

INSERT INTO  sea_dist(from_port, to_port, sea_dist)
VALUES
  (21852, 246265, 337);

INSERT INTO  sea_dist(from_port, to_port, sea_dist)
VALUES
  (21852, 216593, 5845);

INSERT INTO  sea_dist(from_port, to_port, sea_dist)
VALUES
  (21852, 17386, 1156);

INSERT INTO  sea_dist(from_port, to_port, sea_dist)
VALUES
  (21852, 26147, 3293);

INSERT INTO  sea_dist(from_port, to_port, sea_dist)
VALUES
  (21852, 23448, 740);

INSERT INTO  sea_dist(from_port, to_port, sea_dist)
VALUES
  (21852, 30045, 7185);

INSERT INTO  sea_dist(from_port, to_port, sea_dist)
VALUES
  (21852, 14459, 548);

INSERT INTO  sea_dist(from_port, to_port, sea_dist)
VALUES
  (21852, 216592, 5806);

INSERT INTO  sea_dist(from_port, to_port, sea_dist)
VALUES
  (21852, 29749, 2677);

INSERT INTO  sea_dist(from_port, to_port, sea_dist)
VALUES
  (21852, 213737, 743);

INSERT INTO  sea_dist(from_port, to_port, sea_dist)
VALUES
  (21852, 23428, 2089);

INSERT INTO  sea_dist(from_port, to_port, sea_dist)
VALUES
  (21852, 23495, 761);

INSERT INTO  sea_dist(from_port, to_port, sea_dist)
VALUES
  (21852, 14470, 672);

INSERT INTO  sea_dist(from_port, to_port, sea_dist)
VALUES
  (21852, 12543, 3659);

INSERT INTO  sea_dist(from_port, to_port, sea_dist)
VALUES
  (21852, 11174, 972);

INSERT INTO  sea_dist(from_port, to_port, sea_dist)
VALUES
  (21852, 13610, 4904);

INSERT INTO  sea_dist(from_port, to_port, sea_dist)
VALUES
  (21852, 24795, 835);

INSERT INTO  sea_dist(from_port, to_port, sea_dist)
VALUES
  (21852, 11771, 3694);

INSERT INTO  sea_dist(from_port, to_port, sea_dist)
VALUES
  (21852, 21381, 835);

INSERT INTO  sea_dist(from_port, to_port, sea_dist)
VALUES
  (21852, 13012, 1935);

INSERT INTO  sea_dist(from_port, to_port, sea_dist)
VALUES
  (21852, 29002, 2747);

INSERT INTO  sea_dist(from_port, to_port, sea_dist)
VALUES
  (21852, 29239, 2801);

INSERT INTO  sea_dist(from_port, to_port, sea_dist)
VALUES
  (21852, 14635, 8757);

INSERT INTO  sea_dist(from_port, to_port, sea_dist)
VALUES
  (21852, 20512, 3277);

INSERT INTO  sea_dist(from_port, to_port, sea_dist)
VALUES
  (21852, 14277, 7570);

INSERT INTO  sea_dist(from_port, to_port, sea_dist)
VALUES
  (21852, 19974, 5366);

INSERT INTO  sea_dist(from_port, to_port, sea_dist)
VALUES
  (21852, 10860, 7620);

INSERT INTO  sea_dist(from_port, to_port, sea_dist)
VALUES
  (21852, 22522, 586);

INSERT INTO  sea_dist(from_port, to_port, sea_dist)
VALUES
  (21852, 21457, 1000);

INSERT INTO  sea_dist(from_port, to_port, sea_dist)
VALUES
  (21852, 17941, 6673);

INSERT INTO  sea_dist(from_port, to_port, sea_dist)
VALUES
  (21852, 27728, 3889);

INSERT INTO  sea_dist(from_port, to_port, sea_dist)
VALUES
  (21852, 25007, 4694);

INSERT INTO  sea_dist(from_port, to_port, sea_dist)
VALUES
  (21852, 22770, 835);

INSERT INTO  sea_dist(from_port, to_port, sea_dist)
VALUES
  (21852, 29973, 6734);

INSERT INTO  sea_dist(from_port, to_port, sea_dist)
VALUES
  (21852, 13756, 4835);

INSERT INTO  sea_dist(from_port, to_port, sea_dist)
VALUES
  (21852, 13390, 1765);

INSERT INTO  sea_dist(from_port, to_port, sea_dist)
VALUES
  (21852, 18454, 4084);

INSERT INTO  sea_dist(from_port, to_port, sea_dist)
VALUES
  (21852, 21206, 3815);

INSERT INTO  sea_dist(from_port, to_port, sea_dist)
VALUES
  (21852, 18937, 1237);

INSERT INTO  sea_dist(from_port, to_port, sea_dist)
VALUES
  (21852, 13176, 855);

INSERT INTO  sea_dist(from_port, to_port, sea_dist)
VALUES
  (21852, 21451, 6300);

INSERT INTO  sea_dist(from_port, to_port, sea_dist)
VALUES
  (21852, 23247, 2797);

INSERT INTO  sea_dist(from_port, to_port, sea_dist)
VALUES
  (22770, 246265, 1133);

INSERT INTO  sea_dist(from_port, to_port, sea_dist)
VALUES
  (22770, 17386, 1296);

INSERT INTO  sea_dist(from_port, to_port, sea_dist)
VALUES
  (22770, 23448, 914);

INSERT INTO  sea_dist(from_port, to_port, sea_dist)
VALUES
  (22770, 213737, 1539);

INSERT INTO  sea_dist(from_port, to_port, sea_dist)
VALUES
  (22770, 23495, 965);

INSERT INTO  sea_dist(from_port, to_port, sea_dist)
VALUES
  (22770, 29002, 2910);

INSERT INTO  sea_dist(from_port, to_port, sea_dist)
VALUES
  (22770, 29239, 2964);

INSERT INTO  sea_dist(from_port, to_port, sea_dist)
VALUES
  (22770, 14635, 8920);

INSERT INTO  sea_dist(from_port, to_port, sea_dist)
VALUES
  (22770, 20512, 3440);

INSERT INTO  sea_dist(from_port, to_port, sea_dist)
VALUES
  (22770, 19974, 5529);

INSERT INTO  sea_dist(from_port, to_port, sea_dist)
VALUES
  (22770, 22522, 1316);

INSERT INTO  sea_dist(from_port, to_port, sea_dist)
VALUES
  (22770, 17941, 6836);

INSERT INTO  sea_dist(from_port, to_port, sea_dist)
VALUES
  (22770, 25007, 4857);

INSERT INTO  sea_dist(from_port, to_port, sea_dist)
VALUES
  (22770, 21206, 3978);

INSERT INTO  sea_dist(from_port, to_port, sea_dist)
VALUES
  (22770, 18937, 1384);

INSERT INTO  sea_dist(from_port, to_port, sea_dist)
VALUES
  (18476, 10358, 2067);

INSERT INTO  sea_dist(from_port, to_port, sea_dist)
VALUES
  (18476, 246265, 2767);

INSERT INTO  sea_dist(from_port, to_port, sea_dist)
VALUES
  (18476, 19057, 1545);

INSERT INTO  sea_dist(from_port, to_port, sea_dist)
VALUES
  (18476, 21863, 2471);

INSERT INTO  sea_dist(from_port, to_port, sea_dist)
VALUES
  (18476, 216593, 3418);

INSERT INTO  sea_dist(from_port, to_port, sea_dist)
VALUES
  (18476, 17386, 1497);

INSERT INTO  sea_dist(from_port, to_port, sea_dist)
VALUES
  (18476, 18137, 3368);

INSERT INTO  sea_dist(from_port, to_port, sea_dist)
VALUES
  (18476, 26147, 1855);

INSERT INTO  sea_dist(from_port, to_port, sea_dist)
VALUES
  (18476, 23448, 1725);

INSERT INTO  sea_dist(from_port, to_port, sea_dist)
VALUES
  (18476, 20826, 2908);

INSERT INTO  sea_dist(from_port, to_port, sea_dist)
VALUES
  (18476, 18012, 1128);

INSERT INTO  sea_dist(from_port, to_port, sea_dist)
VALUES
  (18476, 28261, 3772);

INSERT INTO  sea_dist(from_port, to_port, sea_dist)
VALUES
  (18476, 30045, 4758);

INSERT INTO  sea_dist(from_port, to_port, sea_dist)
VALUES
  (18476, 28313, 3163);

INSERT INTO  sea_dist(from_port, to_port, sea_dist)
VALUES
  (18476, 14459, 2978);

INSERT INTO  sea_dist(from_port, to_port, sea_dist)
VALUES
  (18476, 10563, 2091);

INSERT INTO  sea_dist(from_port, to_port, sea_dist)
VALUES
  (18476, 216592, 3379);

INSERT INTO  sea_dist(from_port, to_port, sea_dist)
VALUES
  (18476, 15107, 4159);

INSERT INTO  sea_dist(from_port, to_port, sea_dist)
VALUES
  (18476, 29749, 1279);

INSERT INTO  sea_dist(from_port, to_port, sea_dist)
VALUES
  (18476, 18326, 1441);

INSERT INTO  sea_dist(from_port, to_port, sea_dist)
VALUES
  (18476, 14226, 3898);

INSERT INTO  sea_dist(from_port, to_port, sea_dist)
VALUES
  (18476, 213737, 3173);

INSERT INTO  sea_dist(from_port, to_port, sea_dist)
VALUES
  (18476, 23428, 530);

INSERT INTO  sea_dist(from_port, to_port, sea_dist)
VALUES
  (18476, 23495, 2017);

INSERT INTO  sea_dist(from_port, to_port, sea_dist)
VALUES
  (18476, 14470, 3102);

INSERT INTO  sea_dist(from_port, to_port, sea_dist)
VALUES
  (18476, 12543, 2357);

INSERT INTO  sea_dist(from_port, to_port, sea_dist)
VALUES
  (18476, 11174, 1829);

INSERT INTO  sea_dist(from_port, to_port, sea_dist)
VALUES
  (18476, 13610, 2487);

INSERT INTO  sea_dist(from_port, to_port, sea_dist)
VALUES
  (18476, 29876, 4255);

INSERT INTO  sea_dist(from_port, to_port, sea_dist)
VALUES
  (18476, 22226, 1754);

INSERT INTO  sea_dist(from_port, to_port, sea_dist)
VALUES
  (18476, 224858, 1793);

INSERT INTO  sea_dist(from_port, to_port, sea_dist)
VALUES
  (18476, 16485, 2641);

INSERT INTO  sea_dist(from_port, to_port, sea_dist)
VALUES
  (18476, 24795, 2626);

INSERT INTO  sea_dist(from_port, to_port, sea_dist)
VALUES
  (18476, 11771, 2392);

INSERT INTO  sea_dist(from_port, to_port, sea_dist)
VALUES
  (18476, 21381, 2626);

INSERT INTO  sea_dist(from_port, to_port, sea_dist)
VALUES
  (18476, 16737, 2696);

INSERT INTO  sea_dist(from_port, to_port, sea_dist)
VALUES
  (18476, 10136, 2903);

INSERT INTO  sea_dist(from_port, to_port, sea_dist)
VALUES
  (18476, 13012, 817);

INSERT INTO  sea_dist(from_port, to_port, sea_dist)
VALUES
  (18476, 29002, 1358);

INSERT INTO  sea_dist(from_port, to_port, sea_dist)
VALUES
  (18476, 29239, 1499);

INSERT INTO  sea_dist(from_port, to_port, sea_dist)
VALUES
  (18476, 14635, 6330);

INSERT INTO  sea_dist(from_port, to_port, sea_dist)
VALUES
  (18476, 20512, 1975);

INSERT INTO  sea_dist(from_port, to_port, sea_dist)
VALUES
  (18476, 14277, 5143);

INSERT INTO  sea_dist(from_port, to_port, sea_dist)
VALUES
  (18476, 19974, 2971);

INSERT INTO  sea_dist(from_port, to_port, sea_dist)
VALUES
  (18476, 10860, 5193);

INSERT INTO  sea_dist(from_port, to_port, sea_dist)
VALUES
  (18476, 22522, 2943);

INSERT INTO  sea_dist(from_port, to_port, sea_dist)
VALUES
  (18476, 21457, 1751);

INSERT INTO  sea_dist(from_port, to_port, sea_dist)
VALUES
  (18476, 17941, 4872);

INSERT INTO  sea_dist(from_port, to_port, sea_dist)
VALUES
  (18476, 27728, 2354);

INSERT INTO  sea_dist(from_port, to_port, sea_dist)
VALUES
  (18476, 25007, 2253);

INSERT INTO  sea_dist(from_port, to_port, sea_dist)
VALUES
  (18476, 21852, 2463);

INSERT INTO  sea_dist(from_port, to_port, sea_dist)
VALUES
  (18476, 22770, 2626);

INSERT INTO  sea_dist(from_port, to_port, sea_dist)
VALUES
  (18476, 18682, 3385);

INSERT INTO  sea_dist(from_port, to_port, sea_dist)
VALUES
  (18476, 28781, 3511);

INSERT INTO  sea_dist(from_port, to_port, sea_dist)
VALUES
  (18476, 29973, 4307);

INSERT INTO  sea_dist(from_port, to_port, sea_dist)
VALUES
  (18476, 24951, 2590);

INSERT INTO  sea_dist(from_port, to_port, sea_dist)
VALUES
  (18476, 20301, 4579);

INSERT INTO  sea_dist(from_port, to_port, sea_dist)
VALUES
  (18476, 20072, 2200);

INSERT INTO  sea_dist(from_port, to_port, sea_dist)
VALUES
  (18476, 20351, 3187);

INSERT INTO  sea_dist(from_port, to_port, sea_dist)
VALUES
  (18476, 13756, 2411);

INSERT INTO  sea_dist(from_port, to_port, sea_dist)
VALUES
  (18476, 27792, 6220);

INSERT INTO  sea_dist(from_port, to_port, sea_dist)
VALUES
  (18476, 27248, 4058);

INSERT INTO  sea_dist(from_port, to_port, sea_dist)
VALUES
  (18476, 13390, 804);

INSERT INTO  sea_dist(from_port, to_port, sea_dist)
VALUES
  (18476, 21556, 2470);

INSERT INTO  sea_dist(from_port, to_port, sea_dist)
VALUES
  (18476, 18454, 2782);

INSERT INTO  sea_dist(from_port, to_port, sea_dist)
VALUES
  (18476, 21206, 2513);

INSERT INTO  sea_dist(from_port, to_port, sea_dist)
VALUES
  (18476, 18867, 2620);

INSERT INTO  sea_dist(from_port, to_port, sea_dist)
VALUES
  (18476, 18937, 1369);

INSERT INTO  sea_dist(from_port, to_port, sea_dist)
VALUES
  (18476, 28082, 6033);

INSERT INTO  sea_dist(from_port, to_port, sea_dist)
VALUES
  (18476, 25350, 7439);

INSERT INTO  sea_dist(from_port, to_port, sea_dist)
VALUES
  (18476, 20847, 2931);

INSERT INTO  sea_dist(from_port, to_port, sea_dist)
VALUES
  (18476, 13176, 2646);

INSERT INTO  sea_dist(from_port, to_port, sea_dist)
VALUES
  (18476, 21451, 3841);

INSERT INTO  sea_dist(from_port, to_port, sea_dist)
VALUES
  (18476, 23247, 1495);

INSERT INTO  sea_dist(from_port, to_port, sea_dist)
VALUES
  (18476, 19473, 1474);

INSERT INTO  sea_dist(from_port, to_port, sea_dist)
VALUES
  (18682, 246265, 588);

INSERT INTO  sea_dist(from_port, to_port, sea_dist)
VALUES
  (18682, 21863, 963);

INSERT INTO  sea_dist(from_port, to_port, sea_dist)
VALUES
  (18682, 216593, 6767);

INSERT INTO  sea_dist(from_port, to_port, sea_dist)
VALUES
  (18682, 17386, 2072);

INSERT INTO  sea_dist(from_port, to_port, sea_dist)
VALUES
  (18682, 26147, 4215);

INSERT INTO  sea_dist(from_port, to_port, sea_dist)
VALUES
  (18682, 23448, 1656);

INSERT INTO  sea_dist(from_port, to_port, sea_dist)
VALUES
  (18682, 30045, 8107);

INSERT INTO  sea_dist(from_port, to_port, sea_dist)
VALUES
  (18682, 14459, 579);

INSERT INTO  sea_dist(from_port, to_port, sea_dist)
VALUES
  (18682, 216592, 6728);

INSERT INTO  sea_dist(from_port, to_port, sea_dist)
VALUES
  (18682, 29749, 3599);

INSERT INTO  sea_dist(from_port, to_port, sea_dist)
VALUES
  (18682, 213737, 324);

INSERT INTO  sea_dist(from_port, to_port, sea_dist)
VALUES
  (18682, 23428, 3011);

INSERT INTO  sea_dist(from_port, to_port, sea_dist)
VALUES
  (18682, 23495, 1677);

INSERT INTO  sea_dist(from_port, to_port, sea_dist)
VALUES
  (18682, 14470, 626);

INSERT INTO  sea_dist(from_port, to_port, sea_dist)
VALUES
  (18682, 12543, 4581);

INSERT INTO  sea_dist(from_port, to_port, sea_dist)
VALUES
  (18682, 11174, 1888);

INSERT INTO  sea_dist(from_port, to_port, sea_dist)
VALUES
  (18682, 13610, 5826);

INSERT INTO  sea_dist(from_port, to_port, sea_dist)
VALUES
  (18682, 224858, 4017);

INSERT INTO  sea_dist(from_port, to_port, sea_dist)
VALUES
  (18682, 24795, 1751);

INSERT INTO  sea_dist(from_port, to_port, sea_dist)
VALUES
  (18682, 11771, 4616);

INSERT INTO  sea_dist(from_port, to_port, sea_dist)
VALUES
  (18682, 21381, 1751);

INSERT INTO  sea_dist(from_port, to_port, sea_dist)
VALUES
  (18682, 13012, 2857);

INSERT INTO  sea_dist(from_port, to_port, sea_dist)
VALUES
  (18682, 29002, 3669);

INSERT INTO  sea_dist(from_port, to_port, sea_dist)
VALUES
  (18682, 29239, 3723);

INSERT INTO  sea_dist(from_port, to_port, sea_dist)
VALUES
  (18682, 14635, 9679);

INSERT INTO  sea_dist(from_port, to_port, sea_dist)
VALUES
  (18682, 20512, 4199);

INSERT INTO  sea_dist(from_port, to_port, sea_dist)
VALUES
  (18682, 14277, 8492);

INSERT INTO  sea_dist(from_port, to_port, sea_dist)
VALUES
  (18682, 19974, 6288);

INSERT INTO  sea_dist(from_port, to_port, sea_dist)
VALUES
  (18682, 10860, 8542);

INSERT INTO  sea_dist(from_port, to_port, sea_dist)
VALUES
  (18682, 22522, 1353);

INSERT INTO  sea_dist(from_port, to_port, sea_dist)
VALUES
  (18682, 21457, 1916);

INSERT INTO  sea_dist(from_port, to_port, sea_dist)
VALUES
  (18682, 17941, 7595);

INSERT INTO  sea_dist(from_port, to_port, sea_dist)
VALUES
  (18682, 27728, 4811);

INSERT INTO  sea_dist(from_port, to_port, sea_dist)
VALUES
  (18682, 25007, 5616);

INSERT INTO  sea_dist(from_port, to_port, sea_dist)
VALUES
  (18682, 21852, 955);

INSERT INTO  sea_dist(from_port, to_port, sea_dist)
VALUES
  (18682, 22770, 1751);

INSERT INTO  sea_dist(from_port, to_port, sea_dist)
VALUES
  (18682, 29973, 7656);

INSERT INTO  sea_dist(from_port, to_port, sea_dist)
VALUES
  (18682, 20072, 4424);

INSERT INTO  sea_dist(from_port, to_port, sea_dist)
VALUES
  (18682, 13756, 5757);

INSERT INTO  sea_dist(from_port, to_port, sea_dist)
VALUES
  (18682, 13390, 2687);

INSERT INTO  sea_dist(from_port, to_port, sea_dist)
VALUES
  (18682, 18454, 5006);

INSERT INTO  sea_dist(from_port, to_port, sea_dist)
VALUES
  (18682, 21206, 4737);

INSERT INTO  sea_dist(from_port, to_port, sea_dist)
VALUES
  (18682, 18937, 2153);

INSERT INTO  sea_dist(from_port, to_port, sea_dist)
VALUES
  (18682, 13176, 1772);

INSERT INTO  sea_dist(from_port, to_port, sea_dist)
VALUES
  (18682, 21451, 7222);

INSERT INTO  sea_dist(from_port, to_port, sea_dist)
VALUES
  (18682, 23247, 3719);

INSERT INTO  sea_dist(from_port, to_port, sea_dist)
VALUES
  (28781, 10358, 5193);

INSERT INTO  sea_dist(from_port, to_port, sea_dist)
VALUES
  (28781, 246265, 6243);

INSERT INTO  sea_dist(from_port, to_port, sea_dist)
VALUES
  (28781, 21863, 5947);

INSERT INTO  sea_dist(from_port, to_port, sea_dist)
VALUES
  (28781, 216593, 231);

INSERT INTO  sea_dist(from_port, to_port, sea_dist)
VALUES
  (28781, 17386, 4973);

INSERT INTO  sea_dist(from_port, to_port, sea_dist)
VALUES
  (28781, 18137, 6844);

INSERT INTO  sea_dist(from_port, to_port, sea_dist)
VALUES
  (28781, 26147, 4907);

INSERT INTO  sea_dist(from_port, to_port, sea_dist)
VALUES
  (28781, 23448, 5201);

INSERT INTO  sea_dist(from_port, to_port, sea_dist)
VALUES
  (28781, 18012, 4505);

INSERT INTO  sea_dist(from_port, to_port, sea_dist)
VALUES
  (28781, 30045, 1571);

INSERT INTO  sea_dist(from_port, to_port, sea_dist)
VALUES
  (28781, 14459, 6454);

INSERT INTO  sea_dist(from_port, to_port, sea_dist)
VALUES
  (28781, 10563, 5217);

INSERT INTO  sea_dist(from_port, to_port, sea_dist)
VALUES
  (28781, 216592, 192);

INSERT INTO  sea_dist(from_port, to_port, sea_dist)
VALUES
  (28781, 15107, 972);

INSERT INTO  sea_dist(from_port, to_port, sea_dist)
VALUES
  (28781, 29749, 4534);

INSERT INTO  sea_dist(from_port, to_port, sea_dist)
VALUES
  (28781, 18326, 4791);

INSERT INTO  sea_dist(from_port, to_port, sea_dist)
VALUES
  (28781, 14226, 711);

INSERT INTO  sea_dist(from_port, to_port, sea_dist)
VALUES
  (28781, 213737, 6649);

INSERT INTO  sea_dist(from_port, to_port, sea_dist)
VALUES
  (28781, 23428, 3880);

INSERT INTO  sea_dist(from_port, to_port, sea_dist)
VALUES
  (28781, 23495, 5493);

INSERT INTO  sea_dist(from_port, to_port, sea_dist)
VALUES
  (28781, 14470, 6578);

INSERT INTO  sea_dist(from_port, to_port, sea_dist)
VALUES
  (28781, 12543, 5483);

INSERT INTO  sea_dist(from_port, to_port, sea_dist)
VALUES
  (28781, 11174, 5305);

INSERT INTO  sea_dist(from_port, to_port, sea_dist)
VALUES
  (28781, 13610, 1052);

INSERT INTO  sea_dist(from_port, to_port, sea_dist)
VALUES
  (28781, 29876, 1068);

INSERT INTO  sea_dist(from_port, to_port, sea_dist)
VALUES
  (28781, 224858, 5138);

INSERT INTO  sea_dist(from_port, to_port, sea_dist)
VALUES
  (28781, 16485, 5767);

INSERT INTO  sea_dist(from_port, to_port, sea_dist)
VALUES
  (28781, 24795, 6102);

INSERT INTO  sea_dist(from_port, to_port, sea_dist)
VALUES
  (28781, 11771, 5518);

INSERT INTO  sea_dist(from_port, to_port, sea_dist)
VALUES
  (28781, 21381, 6102);

INSERT INTO  sea_dist(from_port, to_port, sea_dist)
VALUES
  (28781, 16737, 5822);

INSERT INTO  sea_dist(from_port, to_port, sea_dist)
VALUES
  (28781, 10136, 6379);

INSERT INTO  sea_dist(from_port, to_port, sea_dist)
VALUES
  (28781, 13012, 4322);

INSERT INTO  sea_dist(from_port, to_port, sea_dist)
VALUES
  (28781, 29002, 4613);

INSERT INTO  sea_dist(from_port, to_port, sea_dist)
VALUES
  (28781, 29239, 4844);

INSERT INTO  sea_dist(from_port, to_port, sea_dist)
VALUES
  (28781, 14635, 3143);

INSERT INTO  sea_dist(from_port, to_port, sea_dist)
VALUES
  (28781, 20512, 5090);

INSERT INTO  sea_dist(from_port, to_port, sea_dist)
VALUES
  (28781, 14277, 1956);

INSERT INTO  sea_dist(from_port, to_port, sea_dist)
VALUES
  (28781, 19974, 838);

INSERT INTO  sea_dist(from_port, to_port, sea_dist)
VALUES
  (28781, 10860, 2006);

INSERT INTO  sea_dist(from_port, to_port, sea_dist)
VALUES
  (28781, 22522, 6419);

INSERT INTO  sea_dist(from_port, to_port, sea_dist)
VALUES
  (28781, 21457, 5227);

INSERT INTO  sea_dist(from_port, to_port, sea_dist)
VALUES
  (28781, 17941, 5310);

INSERT INTO  sea_dist(from_port, to_port, sea_dist)
VALUES
  (28781, 27728, 5308);

INSERT INTO  sea_dist(from_port, to_port, sea_dist)
VALUES
  (28781, 25007, 2051);

INSERT INTO  sea_dist(from_port, to_port, sea_dist)
VALUES
  (28781, 21852, 5939);

INSERT INTO  sea_dist(from_port, to_port, sea_dist)
VALUES
  (28781, 22770, 6102);

INSERT INTO  sea_dist(from_port, to_port, sea_dist)
VALUES
  (28781, 18682, 6861);

INSERT INTO  sea_dist(from_port, to_port, sea_dist)
VALUES
  (28781, 29973, 1120);

INSERT INTO  sea_dist(from_port, to_port, sea_dist)
VALUES
  (28781, 24951, 6066);

INSERT INTO  sea_dist(from_port, to_port, sea_dist)
VALUES
  (28781, 20072, 5326);

INSERT INTO  sea_dist(from_port, to_port, sea_dist)
VALUES
  (28781, 13756, 1122);

INSERT INTO  sea_dist(from_port, to_port, sea_dist)
VALUES
  (28781, 13390, 4302);

INSERT INTO  sea_dist(from_port, to_port, sea_dist)
VALUES
  (28781, 21556, 5946);

INSERT INTO  sea_dist(from_port, to_port, sea_dist)
VALUES
  (28781, 18454, 5908);

INSERT INTO  sea_dist(from_port, to_port, sea_dist)
VALUES
  (28781, 21206, 5639);

INSERT INTO  sea_dist(from_port, to_port, sea_dist)
VALUES
  (28781, 18867, 5746);

INSERT INTO  sea_dist(from_port, to_port, sea_dist)
VALUES
  (28781, 18937, 4845);

INSERT INTO  sea_dist(from_port, to_port, sea_dist)
VALUES
  (28781, 13176, 6122);

INSERT INTO  sea_dist(from_port, to_port, sea_dist)
VALUES
  (28781, 21451, 1363);

INSERT INTO  sea_dist(from_port, to_port, sea_dist)
VALUES
  (28781, 23247, 4840);

INSERT INTO  sea_dist(from_port, to_port, sea_dist)
VALUES
  (29973, 246265, 7038);

INSERT INTO  sea_dist(from_port, to_port, sea_dist)
VALUES
  (29973, 216593, 889);

INSERT INTO  sea_dist(from_port, to_port, sea_dist)
VALUES
  (29973, 17386, 5768);

INSERT INTO  sea_dist(from_port, to_port, sea_dist)
VALUES
  (29973, 26147, 5762);

INSERT INTO  sea_dist(from_port, to_port, sea_dist)
VALUES
  (29973, 23448, 5996);

INSERT INTO  sea_dist(from_port, to_port, sea_dist)
VALUES
  (29973, 30045, 1763);

INSERT INTO  sea_dist(from_port, to_port, sea_dist)
VALUES
  (29973, 14459, 7249);

INSERT INTO  sea_dist(from_port, to_port, sea_dist)
VALUES
  (29973, 216592, 928);

INSERT INTO  sea_dist(from_port, to_port, sea_dist)
VALUES
  (29973, 29749, 5389);

INSERT INTO  sea_dist(from_port, to_port, sea_dist)
VALUES
  (29973, 213737, 7444);

INSERT INTO  sea_dist(from_port, to_port, sea_dist)
VALUES
  (29973, 23428, 4667);

INSERT INTO  sea_dist(from_port, to_port, sea_dist)
VALUES
  (29973, 23495, 6288);

INSERT INTO  sea_dist(from_port, to_port, sea_dist)
VALUES
  (29973, 14470, 7373);

INSERT INTO  sea_dist(from_port, to_port, sea_dist)
VALUES
  (29973, 12543, 6338);

INSERT INTO  sea_dist(from_port, to_port, sea_dist)
VALUES
  (29973, 11174, 6100);

INSERT INTO  sea_dist(from_port, to_port, sea_dist)
VALUES
  (29973, 13610, 1845);

INSERT INTO  sea_dist(from_port, to_port, sea_dist)
VALUES
  (29973, 24795, 6897);

INSERT INTO  sea_dist(from_port, to_port, sea_dist)
VALUES
  (29973, 11771, 6373);

INSERT INTO  sea_dist(from_port, to_port, sea_dist)
VALUES
  (29973, 21381, 6897);

INSERT INTO  sea_dist(from_port, to_port, sea_dist)
VALUES
  (29973, 13012, 5118);

INSERT INTO  sea_dist(from_port, to_port, sea_dist)
VALUES
  (29973, 29002, 5468);

INSERT INTO  sea_dist(from_port, to_port, sea_dist)
VALUES
  (29973, 29239, 5688);

INSERT INTO  sea_dist(from_port, to_port, sea_dist)
VALUES
  (29973, 14635, 2047);

INSERT INTO  sea_dist(from_port, to_port, sea_dist)
VALUES
  (29973, 20512, 5945);

INSERT INTO  sea_dist(from_port, to_port, sea_dist)
VALUES
  (29973, 14277, 854);

INSERT INTO  sea_dist(from_port, to_port, sea_dist)
VALUES
  (29973, 19974, 1604);

INSERT INTO  sea_dist(from_port, to_port, sea_dist)
VALUES
  (29973, 10860, 2204);

INSERT INTO  sea_dist(from_port, to_port, sea_dist)
VALUES
  (29973, 22522, 7214);

INSERT INTO  sea_dist(from_port, to_port, sea_dist)
VALUES
  (29973, 21457, 6022);

INSERT INTO  sea_dist(from_port, to_port, sea_dist)
VALUES
  (29973, 17941, 5588);

INSERT INTO  sea_dist(from_port, to_port, sea_dist)
VALUES
  (29973, 27728, 6163);

INSERT INTO  sea_dist(from_port, to_port, sea_dist)
VALUES
  (29973, 25007, 2907);

INSERT INTO  sea_dist(from_port, to_port, sea_dist)
VALUES
  (29973, 22770, 6897);

INSERT INTO  sea_dist(from_port, to_port, sea_dist)
VALUES
  (29973, 13756, 1920);

INSERT INTO  sea_dist(from_port, to_port, sea_dist)
VALUES
  (29973, 13390, 5098);

INSERT INTO  sea_dist(from_port, to_port, sea_dist)
VALUES
  (29973, 18454, 6763);

INSERT INTO  sea_dist(from_port, to_port, sea_dist)
VALUES
  (29973, 21206, 6494);

INSERT INTO  sea_dist(from_port, to_port, sea_dist)
VALUES
  (29973, 18937, 5640);

INSERT INTO  sea_dist(from_port, to_port, sea_dist)
VALUES
  (29973, 13176, 6917);

INSERT INTO  sea_dist(from_port, to_port, sea_dist)
VALUES
  (29973, 21451, 2338);

INSERT INTO  sea_dist(from_port, to_port, sea_dist)
VALUES
  (29973, 23247, 5684);

INSERT INTO  sea_dist(from_port, to_port, sea_dist)
VALUES
  (24951, 10358, 3496);

INSERT INTO  sea_dist(from_port, to_port, sea_dist)
VALUES
  (24951, 246265, 1097);

INSERT INTO  sea_dist(from_port, to_port, sea_dist)
VALUES
  (24951, 21863, 808);

INSERT INTO  sea_dist(from_port, to_port, sea_dist)
VALUES
  (24951, 216593, 5972);

INSERT INTO  sea_dist(from_port, to_port, sea_dist)
VALUES
  (24951, 17386, 1260);

INSERT INTO  sea_dist(from_port, to_port, sea_dist)
VALUES
  (24951, 18137, 1698);

INSERT INTO  sea_dist(from_port, to_port, sea_dist)
VALUES
  (24951, 26147, 3420);

INSERT INTO  sea_dist(from_port, to_port, sea_dist)
VALUES
  (24951, 23448, 878);

INSERT INTO  sea_dist(from_port, to_port, sea_dist)
VALUES
  (24951, 18012, 2550);

INSERT INTO  sea_dist(from_port, to_port, sea_dist)
VALUES
  (24951, 30045, 7312);

INSERT INTO  sea_dist(from_port, to_port, sea_dist)
VALUES
  (24951, 14459, 1308);

INSERT INTO  sea_dist(from_port, to_port, sea_dist)
VALUES
  (24951, 10563, 3520);

INSERT INTO  sea_dist(from_port, to_port, sea_dist)
VALUES
  (24951, 216592, 5933);

INSERT INTO  sea_dist(from_port, to_port, sea_dist)
VALUES
  (24951, 15107, 6713);

INSERT INTO  sea_dist(from_port, to_port, sea_dist)
VALUES
  (24951, 29749, 2804);

INSERT INTO  sea_dist(from_port, to_port, sea_dist)
VALUES
  (24951, 18326, 2870);

INSERT INTO  sea_dist(from_port, to_port, sea_dist)
VALUES
  (24951, 14226, 6452);

INSERT INTO  sea_dist(from_port, to_port, sea_dist)
VALUES
  (24951, 213737, 1503);

INSERT INTO  sea_dist(from_port, to_port, sea_dist)
VALUES
  (24951, 23428, 2216);

INSERT INTO  sea_dist(from_port, to_port, sea_dist)
VALUES
  (24951, 23495, 928);

INSERT INTO  sea_dist(from_port, to_port, sea_dist)
VALUES
  (24951, 14470, 1432);

INSERT INTO  sea_dist(from_port, to_port, sea_dist)
VALUES
  (24951, 12543, 3786);

INSERT INTO  sea_dist(from_port, to_port, sea_dist)
VALUES
  (24951, 11174, 1071);

INSERT INTO  sea_dist(from_port, to_port, sea_dist)
VALUES
  (24951, 13610, 5031);

INSERT INTO  sea_dist(from_port, to_port, sea_dist)
VALUES
  (24951, 29876, 6809);

INSERT INTO  sea_dist(from_port, to_port, sea_dist)
VALUES
  (24951, 224858, 3222);

INSERT INTO  sea_dist(from_port, to_port, sea_dist)
VALUES
  (24951, 16485, 4070);

INSERT INTO  sea_dist(from_port, to_port, sea_dist)
VALUES
  (24951, 24795, 106);

INSERT INTO  sea_dist(from_port, to_port, sea_dist)
VALUES
  (24951, 11771, 3821);

INSERT INTO  sea_dist(from_port, to_port, sea_dist)
VALUES
  (24951, 21381, 106);

INSERT INTO  sea_dist(from_port, to_port, sea_dist)
VALUES
  (24951, 16737, 4125);

INSERT INTO  sea_dist(from_port, to_port, sea_dist)
VALUES
  (24951, 10136, 1245);

INSERT INTO  sea_dist(from_port, to_port, sea_dist)
VALUES
  (24951, 13012, 2062);

INSERT INTO  sea_dist(from_port, to_port, sea_dist)
VALUES
  (24951, 29002, 2874);

INSERT INTO  sea_dist(from_port, to_port, sea_dist)
VALUES
  (24951, 29239, 2928);

INSERT INTO  sea_dist(from_port, to_port, sea_dist)
VALUES
  (24951, 14635, 8884);

INSERT INTO  sea_dist(from_port, to_port, sea_dist)
VALUES
  (24951, 20512, 3404);

INSERT INTO  sea_dist(from_port, to_port, sea_dist)
VALUES
  (24951, 14277, 7697);

INSERT INTO  sea_dist(from_port, to_port, sea_dist)
VALUES
  (24951, 19974, 5493);

INSERT INTO  sea_dist(from_port, to_port, sea_dist)
VALUES
  (24951, 10860, 7747);

INSERT INTO  sea_dist(from_port, to_port, sea_dist)
VALUES
  (24951, 22522, 1279);

INSERT INTO  sea_dist(from_port, to_port, sea_dist)
VALUES
  (24951, 21457, 1100);

INSERT INTO  sea_dist(from_port, to_port, sea_dist)
VALUES
  (24951, 17941, 6800);

INSERT INTO  sea_dist(from_port, to_port, sea_dist)
VALUES
  (24951, 27728, 4016);

INSERT INTO  sea_dist(from_port, to_port, sea_dist)
VALUES
  (24951, 25007, 4821);

INSERT INTO  sea_dist(from_port, to_port, sea_dist)
VALUES
  (24951, 21852, 800);

INSERT INTO  sea_dist(from_port, to_port, sea_dist)
VALUES
  (24951, 22770, 106);

INSERT INTO  sea_dist(from_port, to_port, sea_dist)
VALUES
  (24951, 18682, 1715);

INSERT INTO  sea_dist(from_port, to_port, sea_dist)
VALUES
  (24951, 29973, 6861);

INSERT INTO  sea_dist(from_port, to_port, sea_dist)
VALUES
  (24951, 20072, 3629);

INSERT INTO  sea_dist(from_port, to_port, sea_dist)
VALUES
  (24951, 13756, 4962);

INSERT INTO  sea_dist(from_port, to_port, sea_dist)
VALUES
  (24951, 13390, 1892);

INSERT INTO  sea_dist(from_port, to_port, sea_dist)
VALUES
  (24951, 21556, 165);

INSERT INTO  sea_dist(from_port, to_port, sea_dist)
VALUES
  (24951, 18454, 4211);

INSERT INTO  sea_dist(from_port, to_port, sea_dist)
VALUES
  (24951, 21206, 3942);

INSERT INTO  sea_dist(from_port, to_port, sea_dist)
VALUES
  (24951, 18867, 4049);

INSERT INTO  sea_dist(from_port, to_port, sea_dist)
VALUES
  (24951, 18937, 1348);

INSERT INTO  sea_dist(from_port, to_port, sea_dist)
VALUES
  (24951, 13176, 129);

INSERT INTO  sea_dist(from_port, to_port, sea_dist)
VALUES
  (24951, 21451, 6427);

INSERT INTO  sea_dist(from_port, to_port, sea_dist)
VALUES
  (24951, 23247, 2924);

INSERT INTO  sea_dist(from_port, to_port, sea_dist)
VALUES
  (20301, 10358, 6478);

INSERT INTO  sea_dist(from_port, to_port, sea_dist)
VALUES
  (20301, 246265, 6683);

INSERT INTO  sea_dist(from_port, to_port, sea_dist)
VALUES
  (20301, 21863, 6387);

INSERT INTO  sea_dist(from_port, to_port, sea_dist)
VALUES
  (20301, 216593, 4993);

INSERT INTO  sea_dist(from_port, to_port, sea_dist)
VALUES
  (20301, 17386, 5413);

INSERT INTO  sea_dist(from_port, to_port, sea_dist)
VALUES
  (20301, 18137, 7284);

INSERT INTO  sea_dist(from_port, to_port, sea_dist)
VALUES
  (20301, 26147, 6394);

INSERT INTO  sea_dist(from_port, to_port, sea_dist)
VALUES
  (20301, 23448, 5641);

INSERT INTO  sea_dist(from_port, to_port, sea_dist)
VALUES
  (20301, 20826, 6824);

INSERT INTO  sea_dist(from_port, to_port, sea_dist)
VALUES
  (20301, 18012, 5532);

INSERT INTO  sea_dist(from_port, to_port, sea_dist)
VALUES
  (20301, 28261, 5252);

INSERT INTO  sea_dist(from_port, to_port, sea_dist)
VALUES
  (20301, 30045, 4191);

INSERT INTO  sea_dist(from_port, to_port, sea_dist)
VALUES
  (20301, 28313, 4720);

INSERT INTO  sea_dist(from_port, to_port, sea_dist)
VALUES
  (20301, 14459, 6894);

INSERT INTO  sea_dist(from_port, to_port, sea_dist)
VALUES
  (20301, 10563, 6502);

INSERT INTO  sea_dist(from_port, to_port, sea_dist)
VALUES
  (20301, 216592, 4954);

INSERT INTO  sea_dist(from_port, to_port, sea_dist)
VALUES
  (20301, 15107, 5734);

INSERT INTO  sea_dist(from_port, to_port, sea_dist)
VALUES
  (20301, 29749, 5762);

INSERT INTO  sea_dist(from_port, to_port, sea_dist)
VALUES
  (20301, 18326, 5852);

INSERT INTO  sea_dist(from_port, to_port, sea_dist)
VALUES
  (20301, 14226, 5012);

INSERT INTO  sea_dist(from_port, to_port, sea_dist)
VALUES
  (20301, 213737, 7089);

INSERT INTO  sea_dist(from_port, to_port, sea_dist)
VALUES
  (20301, 23428, 4430);

INSERT INTO  sea_dist(from_port, to_port, sea_dist)
VALUES
  (20301, 23495, 5933);

INSERT INTO  sea_dist(from_port, to_port, sea_dist)
VALUES
  (20301, 14470, 7018);

INSERT INTO  sea_dist(from_port, to_port, sea_dist)
VALUES
  (20301, 12543, 6768);

INSERT INTO  sea_dist(from_port, to_port, sea_dist)
VALUES
  (20301, 11174, 5745);

INSERT INTO  sea_dist(from_port, to_port, sea_dist)
VALUES
  (20301, 13610, 4300);

INSERT INTO  sea_dist(from_port, to_port, sea_dist)
VALUES
  (20301, 29876, 4834);

INSERT INTO  sea_dist(from_port, to_port, sea_dist)
VALUES
  (20301, 22226, 5321);

INSERT INTO  sea_dist(from_port, to_port, sea_dist)
VALUES
  (20301, 224858, 6204);

INSERT INTO  sea_dist(from_port, to_port, sea_dist)
VALUES
  (20301, 16485, 7052);

INSERT INTO  sea_dist(from_port, to_port, sea_dist)
VALUES
  (20301, 24795, 6542);

INSERT INTO  sea_dist(from_port, to_port, sea_dist)
VALUES
  (20301, 11771, 6803);

INSERT INTO  sea_dist(from_port, to_port, sea_dist)
VALUES
  (20301, 21381, 6542);

INSERT INTO  sea_dist(from_port, to_port, sea_dist)
VALUES
  (20301, 16737, 7107);

INSERT INTO  sea_dist(from_port, to_port, sea_dist)
VALUES
  (20301, 10136, 6819);

INSERT INTO  sea_dist(from_port, to_port, sea_dist)
VALUES
  (20301, 13012, 5082);

INSERT INTO  sea_dist(from_port, to_port, sea_dist)
VALUES
  (20301, 29002, 5841);

INSERT INTO  sea_dist(from_port, to_port, sea_dist)
VALUES
  (20301, 29239, 5910);

INSERT INTO  sea_dist(from_port, to_port, sea_dist)
VALUES
  (20301, 14635, 7401);

INSERT INTO  sea_dist(from_port, to_port, sea_dist)
VALUES
  (20301, 20512, 6386);

INSERT INTO  sea_dist(from_port, to_port, sea_dist)
VALUES
  (20301, 14277, 6314);

INSERT INTO  sea_dist(from_port, to_port, sea_dist)
VALUES
  (20301, 19974, 4472);

INSERT INTO  sea_dist(from_port, to_port, sea_dist)
VALUES
  (20301, 10860, 3903);

INSERT INTO  sea_dist(from_port, to_port, sea_dist)
VALUES
  (20301, 22522, 6859);

INSERT INTO  sea_dist(from_port, to_port, sea_dist)
VALUES
  (20301, 21457, 5667);

INSERT INTO  sea_dist(from_port, to_port, sea_dist)
VALUES
  (20301, 17941, 332);

INSERT INTO  sea_dist(from_port, to_port, sea_dist)
VALUES
  (20301, 27728, 6893);

INSERT INTO  sea_dist(from_port, to_port, sea_dist)
VALUES
  (20301, 25007, 5461);

INSERT INTO  sea_dist(from_port, to_port, sea_dist)
VALUES
  (20301, 21852, 6379);

INSERT INTO  sea_dist(from_port, to_port, sea_dist)
VALUES
  (20301, 22770, 6542);

INSERT INTO  sea_dist(from_port, to_port, sea_dist)
VALUES
  (20301, 18682, 7301);

INSERT INTO  sea_dist(from_port, to_port, sea_dist)
VALUES
  (20301, 28781, 5117);

INSERT INTO  sea_dist(from_port, to_port, sea_dist)
VALUES
  (20301, 29973, 5826);

INSERT INTO  sea_dist(from_port, to_port, sea_dist)
VALUES
  (20301, 24951, 6506);

INSERT INTO  sea_dist(from_port, to_port, sea_dist)
VALUES
  (20301, 20072, 6611);

INSERT INTO  sea_dist(from_port, to_port, sea_dist)
VALUES
  (20301, 20351, 1458);

INSERT INTO  sea_dist(from_port, to_port, sea_dist)
VALUES
  (20301, 13756, 4346);

INSERT INTO  sea_dist(from_port, to_port, sea_dist)
VALUES
  (20301, 27792, 2743);

INSERT INTO  sea_dist(from_port, to_port, sea_dist)
VALUES
  (20301, 27248, 608);

INSERT INTO  sea_dist(from_port, to_port, sea_dist)
VALUES
  (20301, 13390, 4942);

INSERT INTO  sea_dist(from_port, to_port, sea_dist)
VALUES
  (20301, 21556, 6386);

INSERT INTO  sea_dist(from_port, to_port, sea_dist)
VALUES
  (20301, 18454, 7193);

INSERT INTO  sea_dist(from_port, to_port, sea_dist)
VALUES
  (20301, 21206, 6924);

INSERT INTO  sea_dist(from_port, to_port, sea_dist)
VALUES
  (20301, 18867, 7031);

INSERT INTO  sea_dist(from_port, to_port, sea_dist)
VALUES
  (20301, 18937, 5285);

INSERT INTO  sea_dist(from_port, to_port, sea_dist)
VALUES
  (20301, 28082, 2963);

INSERT INTO  sea_dist(from_port, to_port, sea_dist)
VALUES
  (20301, 25350, 8540);

INSERT INTO  sea_dist(from_port, to_port, sea_dist)
VALUES
  (20301, 20847, 6847);

INSERT INTO  sea_dist(from_port, to_port, sea_dist)
VALUES
  (20301, 13176, 6562);

INSERT INTO  sea_dist(from_port, to_port, sea_dist)
VALUES
  (20301, 21451, 5963);

INSERT INTO  sea_dist(from_port, to_port, sea_dist)
VALUES
  (20301, 23247, 5906);

INSERT INTO  sea_dist(from_port, to_port, sea_dist)
VALUES
  (20072, 246265, 3806);

INSERT INTO  sea_dist(from_port, to_port, sea_dist)
VALUES
  (20072, 21863, 3510);

INSERT INTO  sea_dist(from_port, to_port, sea_dist)
VALUES
  (20072, 216593, 5292);

INSERT INTO  sea_dist(from_port, to_port, sea_dist)
VALUES
  (20072, 17386, 2536);

INSERT INTO  sea_dist(from_port, to_port, sea_dist)
VALUES
  (20072, 26147, 566);

INSERT INTO  sea_dist(from_port, to_port, sea_dist)
VALUES
  (20072, 23448, 2764);

INSERT INTO  sea_dist(from_port, to_port, sea_dist)
VALUES
  (20072, 30045, 6632);

INSERT INTO  sea_dist(from_port, to_port, sea_dist)
VALUES
  (20072, 14459, 4017);

INSERT INTO  sea_dist(from_port, to_port, sea_dist)
VALUES
  (20072, 216592, 5253);

INSERT INTO  sea_dist(from_port, to_port, sea_dist)
VALUES
  (20072, 29749, 1129);

INSERT INTO  sea_dist(from_port, to_port, sea_dist)
VALUES
  (20072, 213737, 4212);

INSERT INTO  sea_dist(from_port, to_port, sea_dist)
VALUES
  (20072, 23428, 2191);

INSERT INTO  sea_dist(from_port, to_port, sea_dist)
VALUES
  (20072, 23495, 3056);

INSERT INTO  sea_dist(from_port, to_port, sea_dist)
VALUES
  (20072, 14470, 4141);

INSERT INTO  sea_dist(from_port, to_port, sea_dist)
VALUES
  (20072, 12543, 277);

INSERT INTO  sea_dist(from_port, to_port, sea_dist)
VALUES
  (20072, 11174, 2868);

INSERT INTO  sea_dist(from_port, to_port, sea_dist)
VALUES
  (20072, 13610, 4445);

INSERT INTO  sea_dist(from_port, to_port, sea_dist)
VALUES
  (20072, 24795, 3665);

INSERT INTO  sea_dist(from_port, to_port, sea_dist)
VALUES
  (20072, 11771, 315);

INSERT INTO  sea_dist(from_port, to_port, sea_dist)
VALUES
  (20072, 21381, 3665);

INSERT INTO  sea_dist(from_port, to_port, sea_dist)
VALUES
  (20072, 13012, 1590);

INSERT INTO  sea_dist(from_port, to_port, sea_dist)
VALUES
  (20072, 29002, 1159);

INSERT INTO  sea_dist(from_port, to_port, sea_dist)
VALUES
  (20072, 29239, 814);

INSERT INTO  sea_dist(from_port, to_port, sea_dist)
VALUES
  (20072, 14635, 8204);

INSERT INTO  sea_dist(from_port, to_port, sea_dist)
VALUES
  (20072, 20512, 282);

INSERT INTO  sea_dist(from_port, to_port, sea_dist)
VALUES
  (20072, 14277, 7017);

INSERT INTO  sea_dist(from_port, to_port, sea_dist)
VALUES
  (20072, 19974, 4914);

INSERT INTO  sea_dist(from_port, to_port, sea_dist)
VALUES
  (20072, 10860, 7067);

INSERT INTO  sea_dist(from_port, to_port, sea_dist)
VALUES
  (20072, 22522, 3982);

INSERT INTO  sea_dist(from_port, to_port, sea_dist)
VALUES
  (20072, 21457, 2790);

INSERT INTO  sea_dist(from_port, to_port, sea_dist)
VALUES
  (20072, 17941, 6904);

INSERT INTO  sea_dist(from_port, to_port, sea_dist)
VALUES
  (20072, 27728, 1168);

INSERT INTO  sea_dist(from_port, to_port, sea_dist)
VALUES
  (20072, 25007, 3791);

INSERT INTO  sea_dist(from_port, to_port, sea_dist)
VALUES
  (20072, 21852, 3502);

INSERT INTO  sea_dist(from_port, to_port, sea_dist)
VALUES
  (20072, 22770, 3665);

INSERT INTO  sea_dist(from_port, to_port, sea_dist)
VALUES
  (20072, 29973, 6181);

INSERT INTO  sea_dist(from_port, to_port, sea_dist)
VALUES
  (20072, 13756, 4334);

INSERT INTO  sea_dist(from_port, to_port, sea_dist)
VALUES
  (20072, 13390, 1772);

INSERT INTO  sea_dist(from_port, to_port, sea_dist)
VALUES
  (20072, 18454, 721);

INSERT INTO  sea_dist(from_port, to_port, sea_dist)
VALUES
  (20072, 21206, 454);

INSERT INTO  sea_dist(from_port, to_port, sea_dist)
VALUES
  (20072, 18937, 2408);

INSERT INTO  sea_dist(from_port, to_port, sea_dist)
VALUES
  (20072, 13176, 3685);

INSERT INTO  sea_dist(from_port, to_port, sea_dist)
VALUES
  (20072, 21451, 5478);

INSERT INTO  sea_dist(from_port, to_port, sea_dist)
VALUES
  (20072, 23247, 763);

INSERT INTO  sea_dist(from_port, to_port, sea_dist)
VALUES
  (20351, 10358, 5085);

INSERT INTO  sea_dist(from_port, to_port, sea_dist)
VALUES
  (20351, 246265, 5297);

INSERT INTO  sea_dist(from_port, to_port, sea_dist)
VALUES
  (20351, 21863, 5001);

INSERT INTO  sea_dist(from_port, to_port, sea_dist)
VALUES
  (20351, 216593, 3599);

INSERT INTO  sea_dist(from_port, to_port, sea_dist)
VALUES
  (20351, 17386, 4027);

INSERT INTO  sea_dist(from_port, to_port, sea_dist)
VALUES
  (20351, 18137, 5898);

INSERT INTO  sea_dist(from_port, to_port, sea_dist)
VALUES
  (20351, 26147, 4996);

INSERT INTO  sea_dist(from_port, to_port, sea_dist)
VALUES
  (20351, 23448, 4255);

INSERT INTO  sea_dist(from_port, to_port, sea_dist)
VALUES
  (20351, 20826, 5438);

INSERT INTO  sea_dist(from_port, to_port, sea_dist)
VALUES
  (20351, 18012, 4139);

INSERT INTO  sea_dist(from_port, to_port, sea_dist)
VALUES
  (20351, 28261, 3953);

INSERT INTO  sea_dist(from_port, to_port, sea_dist)
VALUES
  (20351, 30045, 4939);

INSERT INTO  sea_dist(from_port, to_port, sea_dist)
VALUES
  (20351, 28313, 3325);

INSERT INTO  sea_dist(from_port, to_port, sea_dist)
VALUES
  (20351, 14459, 5508);

INSERT INTO  sea_dist(from_port, to_port, sea_dist)
VALUES
  (20351, 10563, 5109);

INSERT INTO  sea_dist(from_port, to_port, sea_dist)
VALUES
  (20351, 216592, 3560);

INSERT INTO  sea_dist(from_port, to_port, sea_dist)
VALUES
  (20351, 15107, 4340);

INSERT INTO  sea_dist(from_port, to_port, sea_dist)
VALUES
  (20351, 29749, 4368);

INSERT INTO  sea_dist(from_port, to_port, sea_dist)
VALUES
  (20351, 18326, 4459);

INSERT INTO  sea_dist(from_port, to_port, sea_dist)
VALUES
  (20351, 14226, 4079);

INSERT INTO  sea_dist(from_port, to_port, sea_dist)
VALUES
  (20351, 213737, 5703);

INSERT INTO  sea_dist(from_port, to_port, sea_dist)
VALUES
  (20351, 23428, 3038);

INSERT INTO  sea_dist(from_port, to_port, sea_dist)
VALUES
  (20351, 23495, 4547);

INSERT INTO  sea_dist(from_port, to_port, sea_dist)
VALUES
  (20351, 14470, 5632);

INSERT INTO  sea_dist(from_port, to_port, sea_dist)
VALUES
  (20351, 12543, 5375);

INSERT INTO  sea_dist(from_port, to_port, sea_dist)
VALUES
  (20351, 11174, 4359);

INSERT INTO  sea_dist(from_port, to_port, sea_dist)
VALUES
  (20351, 13610, 2906);

INSERT INTO  sea_dist(from_port, to_port, sea_dist)
VALUES
  (20351, 29876, 4436);

INSERT INTO  sea_dist(from_port, to_port, sea_dist)
VALUES
  (20351, 22226, 3927);

INSERT INTO  sea_dist(from_port, to_port, sea_dist)
VALUES
  (20351, 224858, 4811);

INSERT INTO  sea_dist(from_port, to_port, sea_dist)
VALUES
  (20351, 16485, 5659);

INSERT INTO  sea_dist(from_port, to_port, sea_dist)
VALUES
  (20351, 24795, 5156);

INSERT INTO  sea_dist(from_port, to_port, sea_dist)
VALUES
  (20351, 11771, 5410);

INSERT INTO  sea_dist(from_port, to_port, sea_dist)
VALUES
  (20351, 21381, 5156);

INSERT INTO  sea_dist(from_port, to_port, sea_dist)
VALUES
  (20351, 16737, 5714);

INSERT INTO  sea_dist(from_port, to_port, sea_dist)
VALUES
  (20351, 10136, 5433);

INSERT INTO  sea_dist(from_port, to_port, sea_dist)
VALUES
  (20351, 13012, 3690);

INSERT INTO  sea_dist(from_port, to_port, sea_dist)
VALUES
  (20351, 29002, 4447);

INSERT INTO  sea_dist(from_port, to_port, sea_dist)
VALUES
  (20351, 29239, 4517);

INSERT INTO  sea_dist(from_port, to_port, sea_dist)
VALUES
  (20351, 14635, 6511);

INSERT INTO  sea_dist(from_port, to_port, sea_dist)
VALUES
  (20351, 20512, 4993);

INSERT INTO  sea_dist(from_port, to_port, sea_dist)
VALUES
  (20351, 14277, 5324);

INSERT INTO  sea_dist(from_port, to_port, sea_dist)
VALUES
  (20351, 19974, 3076);

INSERT INTO  sea_dist(from_port, to_port, sea_dist)
VALUES
  (20351, 10860, 5287);

INSERT INTO  sea_dist(from_port, to_port, sea_dist)
VALUES
  (20351, 22522, 5473);

INSERT INTO  sea_dist(from_port, to_port, sea_dist)
VALUES
  (20351, 21457, 4281);

INSERT INTO  sea_dist(from_port, to_port, sea_dist)
VALUES
  (20351, 17941, 1751);

INSERT INTO  sea_dist(from_port, to_port, sea_dist)
VALUES
  (20351, 27728, 5495);

INSERT INTO  sea_dist(from_port, to_port, sea_dist)
VALUES
  (20351, 25007, 4064);

INSERT INTO  sea_dist(from_port, to_port, sea_dist)
VALUES
  (20351, 21852, 4993);

INSERT INTO  sea_dist(from_port, to_port, sea_dist)
VALUES
  (20351, 22770, 5156);

INSERT INTO  sea_dist(from_port, to_port, sea_dist)
VALUES
  (20351, 18682, 5915);

INSERT INTO  sea_dist(from_port, to_port, sea_dist)
VALUES
  (20351, 28781, 3721);

INSERT INTO  sea_dist(from_port, to_port, sea_dist)
VALUES
  (20351, 29973, 4488);

INSERT INTO  sea_dist(from_port, to_port, sea_dist)
VALUES
  (20351, 24951, 5120);

INSERT INTO  sea_dist(from_port, to_port, sea_dist)
VALUES
  (20351, 20072, 5218);

INSERT INTO  sea_dist(from_port, to_port, sea_dist)
VALUES
  (20351, 13756, 2950);

INSERT INTO  sea_dist(from_port, to_port, sea_dist)
VALUES
  (20351, 27792, 4127);

INSERT INTO  sea_dist(from_port, to_port, sea_dist)
VALUES
  (20351, 27248, 936);

INSERT INTO  sea_dist(from_port, to_port, sea_dist)
VALUES
  (20351, 13390, 3548);

INSERT INTO  sea_dist(from_port, to_port, sea_dist)
VALUES
  (20351, 21556, 5000);

INSERT INTO  sea_dist(from_port, to_port, sea_dist)
VALUES
  (20351, 18454, 5800);

INSERT INTO  sea_dist(from_port, to_port, sea_dist)
VALUES
  (20351, 21206, 5531);

INSERT INTO  sea_dist(from_port, to_port, sea_dist)
VALUES
  (20351, 18867, 5638);

INSERT INTO  sea_dist(from_port, to_port, sea_dist)
VALUES
  (20351, 18937, 3899);

INSERT INTO  sea_dist(from_port, to_port, sea_dist)
VALUES
  (20351, 28082, 4347);

INSERT INTO  sea_dist(from_port, to_port, sea_dist)
VALUES
  (20351, 25350, 7620);

INSERT INTO  sea_dist(from_port, to_port, sea_dist)
VALUES
  (20351, 20847, 5461);

INSERT INTO  sea_dist(from_port, to_port, sea_dist)
VALUES
  (20351, 13176, 5176);

INSERT INTO  sea_dist(from_port, to_port, sea_dist)
VALUES
  (20351, 21451, 4569);

INSERT INTO  sea_dist(from_port, to_port, sea_dist)
VALUES
  (20351, 23247, 4513);

INSERT INTO  sea_dist(from_port, to_port, sea_dist)
VALUES
  (13756, 246265, 5139);

INSERT INTO  sea_dist(from_port, to_port, sea_dist)
VALUES
  (13756, 17386, 3869);

INSERT INTO  sea_dist(from_port, to_port, sea_dist)
VALUES
  (13756, 23448, 4097);

INSERT INTO  sea_dist(from_port, to_port, sea_dist)
VALUES
  (13756, 14459, 5350);

INSERT INTO  sea_dist(from_port, to_port, sea_dist)
VALUES
  (13756, 213737, 5545);

INSERT INTO  sea_dist(from_port, to_port, sea_dist)
VALUES
  (13756, 23495, 4389);

INSERT INTO  sea_dist(from_port, to_port, sea_dist)
VALUES
  (13756, 14470, 5474);

INSERT INTO  sea_dist(from_port, to_port, sea_dist)
VALUES
  (13756, 24795, 4998);

INSERT INTO  sea_dist(from_port, to_port, sea_dist)
VALUES
  (13756, 11771, 4526);

INSERT INTO  sea_dist(from_port, to_port, sea_dist)
VALUES
  (13756, 21381, 4998);

INSERT INTO  sea_dist(from_port, to_port, sea_dist)
VALUES
  (13756, 29002, 3593);

INSERT INTO  sea_dist(from_port, to_port, sea_dist)
VALUES
  (13756, 29239, 3807);

INSERT INTO  sea_dist(from_port, to_port, sea_dist)
VALUES
  (13756, 14635, 3943);

INSERT INTO  sea_dist(from_port, to_port, sea_dist)
VALUES
  (13756, 20512, 4098);

INSERT INTO  sea_dist(from_port, to_port, sea_dist)
VALUES
  (13756, 19974, 620);

INSERT INTO  sea_dist(from_port, to_port, sea_dist)
VALUES
  (13756, 22522, 5315);

INSERT INTO  sea_dist(from_port, to_port, sea_dist)
VALUES
  (13756, 17941, 4640);

INSERT INTO  sea_dist(from_port, to_port, sea_dist)
VALUES
  (13756, 25007, 1406);

INSERT INTO  sea_dist(from_port, to_port, sea_dist)
VALUES
  (13756, 22770, 4998);

INSERT INTO  sea_dist(from_port, to_port, sea_dist)
VALUES
  (13756, 18454, 4916);

INSERT INTO  sea_dist(from_port, to_port, sea_dist)
VALUES
  (13756, 21206, 4647);

INSERT INTO  sea_dist(from_port, to_port, sea_dist)
VALUES
  (13756, 18937, 3741);

INSERT INTO  sea_dist(from_port, to_port, sea_dist)
VALUES
  (27792, 10358, 7961);

INSERT INTO  sea_dist(from_port, to_port, sea_dist)
VALUES
  (27792, 246265, 8951);

INSERT INTO  sea_dist(from_port, to_port, sea_dist)
VALUES
  (27792, 21863, 8655);

INSERT INTO  sea_dist(from_port, to_port, sea_dist)
VALUES
  (27792, 216593, 2802);

INSERT INTO  sea_dist(from_port, to_port, sea_dist)
VALUES
  (27792, 17386, 7681);

INSERT INTO  sea_dist(from_port, to_port, sea_dist)
VALUES
  (27792, 18137, 9552);

INSERT INTO  sea_dist(from_port, to_port, sea_dist)
VALUES
  (27792, 26147, 7675);

INSERT INTO  sea_dist(from_port, to_port, sea_dist)
VALUES
  (27792, 23448, 7909);

INSERT INTO  sea_dist(from_port, to_port, sea_dist)
VALUES
  (27792, 18012, 7258);

INSERT INTO  sea_dist(from_port, to_port, sea_dist)
VALUES
  (27792, 28261, 2586);

INSERT INTO  sea_dist(from_port, to_port, sea_dist)
VALUES
  (27792, 30045, 1498);

INSERT INTO  sea_dist(from_port, to_port, sea_dist)
VALUES
  (27792, 28313, 3117);

INSERT INTO  sea_dist(from_port, to_port, sea_dist)
VALUES
  (27792, 14459, 9162);

INSERT INTO  sea_dist(from_port, to_port, sea_dist)
VALUES
  (27792, 10563, 7985);

INSERT INTO  sea_dist(from_port, to_port, sea_dist)
VALUES
  (27792, 216592, 2841);

INSERT INTO  sea_dist(from_port, to_port, sea_dist)
VALUES
  (27792, 15107, 3116);

INSERT INTO  sea_dist(from_port, to_port, sea_dist)
VALUES
  (27792, 29749, 7302);

INSERT INTO  sea_dist(from_port, to_port, sea_dist)
VALUES
  (27792, 18326, 7548);

INSERT INTO  sea_dist(from_port, to_port, sea_dist)
VALUES
  (27792, 14226, 2399);

INSERT INTO  sea_dist(from_port, to_port, sea_dist)
VALUES
  (27792, 213737, 9357);

INSERT INTO  sea_dist(from_port, to_port, sea_dist)
VALUES
  (27792, 23428, 6580);

INSERT INTO  sea_dist(from_port, to_port, sea_dist)
VALUES
  (27792, 23495, 8201);

INSERT INTO  sea_dist(from_port, to_port, sea_dist)
VALUES
  (27792, 14470, 9286);

INSERT INTO  sea_dist(from_port, to_port, sea_dist)
VALUES
  (27792, 12543, 8251);

INSERT INTO  sea_dist(from_port, to_port, sea_dist)
VALUES
  (27792, 11174, 8013);

INSERT INTO  sea_dist(from_port, to_port, sea_dist)
VALUES
  (27792, 13610, 3758);

INSERT INTO  sea_dist(from_port, to_port, sea_dist)
VALUES
  (27792, 29876, 2172);

INSERT INTO  sea_dist(from_port, to_port, sea_dist)
VALUES
  (27792, 224858, 7895);

INSERT INTO  sea_dist(from_port, to_port, sea_dist)
VALUES
  (27792, 16485, 8535);

INSERT INTO  sea_dist(from_port, to_port, sea_dist)
VALUES
  (27792, 24795, 8810);

INSERT INTO  sea_dist(from_port, to_port, sea_dist)
VALUES
  (27792, 11771, 8286);

INSERT INTO  sea_dist(from_port, to_port, sea_dist)
VALUES
  (27792, 21381, 8810);

INSERT INTO  sea_dist(from_port, to_port, sea_dist)
VALUES
  (27792, 16737, 8590);

INSERT INTO  sea_dist(from_port, to_port, sea_dist)
VALUES
  (27792, 10136, 9087);

INSERT INTO  sea_dist(from_port, to_port, sea_dist)
VALUES
  (27792, 13012, 7031);

INSERT INTO  sea_dist(from_port, to_port, sea_dist)
VALUES
  (27792, 29002, 7381);

INSERT INTO  sea_dist(from_port, to_port, sea_dist)
VALUES
  (27792, 29239, 7601);

INSERT INTO  sea_dist(from_port, to_port, sea_dist)
VALUES
  (27792, 14635, 4934);

INSERT INTO  sea_dist(from_port, to_port, sea_dist)
VALUES
  (27792, 20512, 7858);

INSERT INTO  sea_dist(from_port, to_port, sea_dist)
VALUES
  (27792, 14277, 3789);

INSERT INTO  sea_dist(from_port, to_port, sea_dist)
VALUES
  (27792, 19974, 3517);

INSERT INTO  sea_dist(from_port, to_port, sea_dist)
VALUES
  (27792, 10860, 1186);

INSERT INTO  sea_dist(from_port, to_port, sea_dist)
VALUES
  (27792, 22522, 9127);

INSERT INTO  sea_dist(from_port, to_port, sea_dist)
VALUES
  (27792, 21457, 7935);

INSERT INTO  sea_dist(from_port, to_port, sea_dist)
VALUES
  (27792, 17941, 2505);

INSERT INTO  sea_dist(from_port, to_port, sea_dist)
VALUES
  (27792, 27728, 8076);

INSERT INTO  sea_dist(from_port, to_port, sea_dist)
VALUES
  (27792, 25007, 4820);

INSERT INTO  sea_dist(from_port, to_port, sea_dist)
VALUES
  (27792, 21852, 8647);

INSERT INTO  sea_dist(from_port, to_port, sea_dist)
VALUES
  (27792, 22770, 8810);

INSERT INTO  sea_dist(from_port, to_port, sea_dist)
VALUES
  (27792, 18682, 9569);

INSERT INTO  sea_dist(from_port, to_port, sea_dist)
VALUES
  (27792, 28781, 3033);

INSERT INTO  sea_dist(from_port, to_port, sea_dist)
VALUES
  (27792, 29973, 3199);

INSERT INTO  sea_dist(from_port, to_port, sea_dist)
VALUES
  (27792, 24951, 8774);

INSERT INTO  sea_dist(from_port, to_port, sea_dist)
VALUES
  (27792, 20072, 8094);

INSERT INTO  sea_dist(from_port, to_port, sea_dist)
VALUES
  (27792, 13756, 3833);

INSERT INTO  sea_dist(from_port, to_port, sea_dist)
VALUES
  (27792, 13390, 7011);

INSERT INTO  sea_dist(from_port, to_port, sea_dist)
VALUES
  (27792, 21556, 8654);

INSERT INTO  sea_dist(from_port, to_port, sea_dist)
VALUES
  (27792, 18454, 8676);

INSERT INTO  sea_dist(from_port, to_port, sea_dist)
VALUES
  (27792, 21206, 8407);

INSERT INTO  sea_dist(from_port, to_port, sea_dist)
VALUES
  (27792, 18867, 8514);

INSERT INTO  sea_dist(from_port, to_port, sea_dist)
VALUES
  (27792, 18937, 7553);

INSERT INTO  sea_dist(from_port, to_port, sea_dist)
VALUES
  (27792, 28082, 236);

INSERT INTO  sea_dist(from_port, to_port, sea_dist)
VALUES
  (27792, 13176, 8830);

INSERT INTO  sea_dist(from_port, to_port, sea_dist)
VALUES
  (27792, 21451, 4251);

INSERT INTO  sea_dist(from_port, to_port, sea_dist)
VALUES
  (27792, 23247, 7597);

INSERT INTO  sea_dist(from_port, to_port, sea_dist)
VALUES
  (27248, 10358, 5957);

INSERT INTO  sea_dist(from_port, to_port, sea_dist)
VALUES
  (27248, 246265, 6162);

INSERT INTO  sea_dist(from_port, to_port, sea_dist)
VALUES
  (27248, 21863, 5866);

INSERT INTO  sea_dist(from_port, to_port, sea_dist)
VALUES
  (27248, 216593, 4472);

INSERT INTO  sea_dist(from_port, to_port, sea_dist)
VALUES
  (27248, 17386, 4892);

INSERT INTO  sea_dist(from_port, to_port, sea_dist)
VALUES
  (27248, 18137, 6763);

INSERT INTO  sea_dist(from_port, to_port, sea_dist)
VALUES
  (27248, 26147, 5873);

INSERT INTO  sea_dist(from_port, to_port, sea_dist)
VALUES
  (27248, 23448, 5120);

INSERT INTO  sea_dist(from_port, to_port, sea_dist)
VALUES
  (27248, 20826, 6303);

INSERT INTO  sea_dist(from_port, to_port, sea_dist)
VALUES
  (27248, 18012, 5011);

INSERT INTO  sea_dist(from_port, to_port, sea_dist)
VALUES
  (27248, 28261, 4826);

INSERT INTO  sea_dist(from_port, to_port, sea_dist)
VALUES
  (27248, 30045, 4760);

INSERT INTO  sea_dist(from_port, to_port, sea_dist)
VALUES
  (27248, 28313, 4199);

INSERT INTO  sea_dist(from_port, to_port, sea_dist)
VALUES
  (27248, 14459, 6373);

INSERT INTO  sea_dist(from_port, to_port, sea_dist)
VALUES
  (27248, 10563, 5981);

INSERT INTO  sea_dist(from_port, to_port, sea_dist)
VALUES
  (27248, 216592, 4433);

INSERT INTO  sea_dist(from_port, to_port, sea_dist)
VALUES
  (27248, 15107, 5213);

INSERT INTO  sea_dist(from_port, to_port, sea_dist)
VALUES
  (27248, 29749, 5241);

INSERT INTO  sea_dist(from_port, to_port, sea_dist)
VALUES
  (27248, 18326, 5331);

INSERT INTO  sea_dist(from_port, to_port, sea_dist)
VALUES
  (27248, 14226, 4952);

INSERT INTO  sea_dist(from_port, to_port, sea_dist)
VALUES
  (27248, 213737, 6568);

INSERT INTO  sea_dist(from_port, to_port, sea_dist)
VALUES
  (27248, 23428, 3907);

INSERT INTO  sea_dist(from_port, to_port, sea_dist)
VALUES
  (27248, 23495, 5412);

INSERT INTO  sea_dist(from_port, to_port, sea_dist)
VALUES
  (27248, 14470, 6497);

INSERT INTO  sea_dist(from_port, to_port, sea_dist)
VALUES
  (27248, 12543, 6247);

INSERT INTO  sea_dist(from_port, to_port, sea_dist)
VALUES
  (27248, 11174, 5224);

INSERT INTO  sea_dist(from_port, to_port, sea_dist)
VALUES
  (27248, 13610, 3779);

INSERT INTO  sea_dist(from_port, to_port, sea_dist)
VALUES
  (27248, 29876, 5309);

INSERT INTO  sea_dist(from_port, to_port, sea_dist)
VALUES
  (27248, 22226, 4800);

INSERT INTO  sea_dist(from_port, to_port, sea_dist)
VALUES
  (27248, 224858, 5683);

INSERT INTO  sea_dist(from_port, to_port, sea_dist)
VALUES
  (27248, 16485, 6531);

INSERT INTO  sea_dist(from_port, to_port, sea_dist)
VALUES
  (27248, 24795, 6021);

INSERT INTO  sea_dist(from_port, to_port, sea_dist)
VALUES
  (27248, 11771, 6282);

INSERT INTO  sea_dist(from_port, to_port, sea_dist)
VALUES
  (27248, 21381, 6021);

INSERT INTO  sea_dist(from_port, to_port, sea_dist)
VALUES
  (27248, 16737, 6586);

INSERT INTO  sea_dist(from_port, to_port, sea_dist)
VALUES
  (27248, 10136, 6298);

INSERT INTO  sea_dist(from_port, to_port, sea_dist)
VALUES
  (27248, 13012, 4561);

INSERT INTO  sea_dist(from_port, to_port, sea_dist)
VALUES
  (27248, 29002, 5320);

INSERT INTO  sea_dist(from_port, to_port, sea_dist)
VALUES
  (27248, 29239, 5389);

INSERT INTO  sea_dist(from_port, to_port, sea_dist)
VALUES
  (27248, 14635, 7384);

INSERT INTO  sea_dist(from_port, to_port, sea_dist)
VALUES
  (27248, 20512, 5865);

INSERT INTO  sea_dist(from_port, to_port, sea_dist)
VALUES
  (27248, 14277, 6197);

INSERT INTO  sea_dist(from_port, to_port, sea_dist)
VALUES
  (27248, 19974, 3951);

INSERT INTO  sea_dist(from_port, to_port, sea_dist)
VALUES
  (27248, 10860, 4472);

INSERT INTO  sea_dist(from_port, to_port, sea_dist)
VALUES
  (27248, 22522, 6338);

INSERT INTO  sea_dist(from_port, to_port, sea_dist)
VALUES
  (27248, 21457, 5146);

INSERT INTO  sea_dist(from_port, to_port, sea_dist)
VALUES
  (27248, 17941, 901);

INSERT INTO  sea_dist(from_port, to_port, sea_dist)
VALUES
  (27248, 27728, 6372);

INSERT INTO  sea_dist(from_port, to_port, sea_dist)
VALUES
  (27248, 25007, 4937);

INSERT INTO  sea_dist(from_port, to_port, sea_dist)
VALUES
  (27248, 21852, 5858);

INSERT INTO  sea_dist(from_port, to_port, sea_dist)
VALUES
  (27248, 22770, 6021);

INSERT INTO  sea_dist(from_port, to_port, sea_dist)
VALUES
  (27248, 18682, 6780);

INSERT INTO  sea_dist(from_port, to_port, sea_dist)
VALUES
  (27248, 28781, 4595);

INSERT INTO  sea_dist(from_port, to_port, sea_dist)
VALUES
  (27248, 29973, 5361);

INSERT INTO  sea_dist(from_port, to_port, sea_dist)
VALUES
  (27248, 24951, 5985);

INSERT INTO  sea_dist(from_port, to_port, sea_dist)
VALUES
  (27248, 20072, 6090);

INSERT INTO  sea_dist(from_port, to_port, sea_dist)
VALUES
  (27248, 13756, 3823);

INSERT INTO  sea_dist(from_port, to_port, sea_dist)
VALUES
  (27248, 27792, 3312);

INSERT INTO  sea_dist(from_port, to_port, sea_dist)
VALUES
  (27248, 13390, 4418);

INSERT INTO  sea_dist(from_port, to_port, sea_dist)
VALUES
  (27248, 21556, 5865);

INSERT INTO  sea_dist(from_port, to_port, sea_dist)
VALUES
  (27248, 18454, 6672);

INSERT INTO  sea_dist(from_port, to_port, sea_dist)
VALUES
  (27248, 21206, 6403);

INSERT INTO  sea_dist(from_port, to_port, sea_dist)
VALUES
  (27248, 18867, 6510);

INSERT INTO  sea_dist(from_port, to_port, sea_dist)
VALUES
  (27248, 18937, 4764);

INSERT INTO  sea_dist(from_port, to_port, sea_dist)
VALUES
  (27248, 28082, 3532);

INSERT INTO  sea_dist(from_port, to_port, sea_dist)
VALUES
  (27248, 25350, 8493);

INSERT INTO  sea_dist(from_port, to_port, sea_dist)
VALUES
  (27248, 20847, 6326);

INSERT INTO  sea_dist(from_port, to_port, sea_dist)
VALUES
  (27248, 13176, 6041);

INSERT INTO  sea_dist(from_port, to_port, sea_dist)
VALUES
  (27248, 21451, 5442);

INSERT INTO  sea_dist(from_port, to_port, sea_dist)
VALUES
  (27248, 23247, 5385);

INSERT INTO  sea_dist(from_port, to_port, sea_dist)
VALUES
  (13390, 246265, 2069);

INSERT INTO  sea_dist(from_port, to_port, sea_dist)
VALUES
  (13390, 17386, 799);

INSERT INTO  sea_dist(from_port, to_port, sea_dist)
VALUES
  (13390, 23448, 1027);

INSERT INTO  sea_dist(from_port, to_port, sea_dist)
VALUES
  (13390, 14459, 2280);

INSERT INTO  sea_dist(from_port, to_port, sea_dist)
VALUES
  (13390, 213737, 2475);

INSERT INTO  sea_dist(from_port, to_port, sea_dist)
VALUES
  (13390, 23495, 1319);

INSERT INTO  sea_dist(from_port, to_port, sea_dist)
VALUES
  (13390, 14470, 2404);

INSERT INTO  sea_dist(from_port, to_port, sea_dist)
VALUES
  (13390, 13610, 3271);

INSERT INTO  sea_dist(from_port, to_port, sea_dist)
VALUES
  (13390, 24795, 1928);

INSERT INTO  sea_dist(from_port, to_port, sea_dist)
VALUES
  (13390, 11771, 1964);

INSERT INTO  sea_dist(from_port, to_port, sea_dist)
VALUES
  (13390, 21381, 1928);

INSERT INTO  sea_dist(from_port, to_port, sea_dist)
VALUES
  (13390, 29002, 1017);

INSERT INTO  sea_dist(from_port, to_port, sea_dist)
VALUES
  (13390, 29239, 1071);

INSERT INTO  sea_dist(from_port, to_port, sea_dist)
VALUES
  (13390, 14635, 7121);

INSERT INTO  sea_dist(from_port, to_port, sea_dist)
VALUES
  (13390, 20512, 1547);

INSERT INTO  sea_dist(from_port, to_port, sea_dist)
VALUES
  (13390, 19974, 3740);

INSERT INTO  sea_dist(from_port, to_port, sea_dist)
VALUES
  (13390, 22522, 2245);

INSERT INTO  sea_dist(from_port, to_port, sea_dist)
VALUES
  (13390, 17941, 5234);

INSERT INTO  sea_dist(from_port, to_port, sea_dist)
VALUES
  (13390, 25007, 3011);

INSERT INTO  sea_dist(from_port, to_port, sea_dist)
VALUES
  (13390, 22770, 1928);

INSERT INTO  sea_dist(from_port, to_port, sea_dist)
VALUES
  (13390, 13756, 3199);

INSERT INTO  sea_dist(from_port, to_port, sea_dist)
VALUES
  (13390, 18454, 2354);

INSERT INTO  sea_dist(from_port, to_port, sea_dist)
VALUES
  (13390, 21206, 2085);

INSERT INTO  sea_dist(from_port, to_port, sea_dist)
VALUES
  (13390, 18937, 671);

INSERT INTO  sea_dist(from_port, to_port, sea_dist)
VALUES
  (15990, 10358, 2490);

INSERT INTO  sea_dist(from_port, to_port, sea_dist)
VALUES
  (15990, 246265, 1190);

INSERT INTO  sea_dist(from_port, to_port, sea_dist)
VALUES
  (15990, 19057, 1968);

INSERT INTO  sea_dist(from_port, to_port, sea_dist)
VALUES
  (15990, 21863, 900);

INSERT INTO  sea_dist(from_port, to_port, sea_dist)
VALUES
  (15990, 14113, 6169);

INSERT INTO  sea_dist(from_port, to_port, sea_dist)
VALUES
  (15990, 216593, 4966);

INSERT INTO  sea_dist(from_port, to_port, sea_dist)
VALUES
  (15990, 17386, 349);

INSERT INTO  sea_dist(from_port, to_port, sea_dist)
VALUES
  (15990, 18137, 1791);

INSERT INTO  sea_dist(from_port, to_port, sea_dist)
VALUES
  (15990, 26147, 2414);

INSERT INTO  sea_dist(from_port, to_port, sea_dist)
VALUES
  (15990, 23448, 154);

INSERT INTO  sea_dist(from_port, to_port, sea_dist)
VALUES
  (15990, 20826, 1331);

INSERT INTO  sea_dist(from_port, to_port, sea_dist)
VALUES
  (15990, 18012, 1544);

INSERT INTO  sea_dist(from_port, to_port, sea_dist)
VALUES
  (15990, 28261, 5320);

INSERT INTO  sea_dist(from_port, to_port, sea_dist)
VALUES
  (15990, 26670, 5891);

INSERT INTO  sea_dist(from_port, to_port, sea_dist)
VALUES
  (15990, 30045, 6306);

INSERT INTO  sea_dist(from_port, to_port, sea_dist)
VALUES
  (15990, 28313, 4701);

INSERT INTO  sea_dist(from_port, to_port, sea_dist)
VALUES
  (15990, 14459, 1401);

INSERT INTO  sea_dist(from_port, to_port, sea_dist)
VALUES
  (15990, 10563, 2514);

INSERT INTO  sea_dist(from_port, to_port, sea_dist)
VALUES
  (15990, 216592, 4927);

INSERT INTO  sea_dist(from_port, to_port, sea_dist)
VALUES
  (15990, 15107, 5707);

INSERT INTO  sea_dist(from_port, to_port, sea_dist)
VALUES
  (15990, 29749, 1798);

INSERT INTO  sea_dist(from_port, to_port, sea_dist)
VALUES
  (15990, 18326, 1864);

INSERT INTO  sea_dist(from_port, to_port, sea_dist)
VALUES
  (15990, 14226, 5446);

INSERT INTO  sea_dist(from_port, to_port, sea_dist)
VALUES
  (15990, 213737, 1596);

INSERT INTO  sea_dist(from_port, to_port, sea_dist)
VALUES
  (15990, 23428, 1210);

INSERT INTO  sea_dist(from_port, to_port, sea_dist)
VALUES
  (15990, 23495, 446);

INSERT INTO  sea_dist(from_port, to_port, sea_dist)
VALUES
  (15990, 14470, 1525);

INSERT INTO  sea_dist(from_port, to_port, sea_dist)
VALUES
  (15990, 12543, 2780);

INSERT INTO  sea_dist(from_port, to_port, sea_dist)
VALUES
  (15990, 11174, 460);

INSERT INTO  sea_dist(from_port, to_port, sea_dist)
VALUES
  (15990, 13610, 4025);

INSERT INTO  sea_dist(from_port, to_port, sea_dist)
VALUES
  (15990, 29876, 5803);

INSERT INTO  sea_dist(from_port, to_port, sea_dist)
VALUES
  (15990, 22226, 3316);

INSERT INTO  sea_dist(from_port, to_port, sea_dist)
VALUES
  (15990, 224858, 2216);

INSERT INTO  sea_dist(from_port, to_port, sea_dist)
VALUES
  (15990, 16485, 3064);

INSERT INTO  sea_dist(from_port, to_port, sea_dist)
VALUES
  (15990, 18433, 1726);

INSERT INTO  sea_dist(from_port, to_port, sea_dist)
VALUES
  (15990, 24795, 1063);

INSERT INTO  sea_dist(from_port, to_port, sea_dist)
VALUES
  (15990, 11771, 2815);

INSERT INTO  sea_dist(from_port, to_port, sea_dist)
VALUES
  (15990, 21381, 1063);

INSERT INTO  sea_dist(from_port, to_port, sea_dist)
VALUES
  (15990, 16737, 3119);

INSERT INTO  sea_dist(from_port, to_port, sea_dist)
VALUES
  (15990, 10136, 1332);

INSERT INTO  sea_dist(from_port, to_port, sea_dist)
VALUES
  (15990, 13012, 1056);

INSERT INTO  sea_dist(from_port, to_port, sea_dist)
VALUES
  (15990, 29002, 1868);

INSERT INTO  sea_dist(from_port, to_port, sea_dist)
VALUES
  (15990, 29239, 1922);

INSERT INTO  sea_dist(from_port, to_port, sea_dist)
VALUES
  (15990, 14635, 7878);

INSERT INTO  sea_dist(from_port, to_port, sea_dist)
VALUES
  (15990, 20512, 2398);

INSERT INTO  sea_dist(from_port, to_port, sea_dist)
VALUES
  (15990, 14277, 6691);

INSERT INTO  sea_dist(from_port, to_port, sea_dist)
VALUES
  (15990, 19974, 4487);

INSERT INTO  sea_dist(from_port, to_port, sea_dist)
VALUES
  (15990, 10860, 6741);

INSERT INTO  sea_dist(from_port, to_port, sea_dist)
VALUES
  (15990, 22522, 1372);

INSERT INTO  sea_dist(from_port, to_port, sea_dist)
VALUES
  (15990, 21457, 410);

INSERT INTO  sea_dist(from_port, to_port, sea_dist)
VALUES
  (15990, 17941, 5794);

INSERT INTO  sea_dist(from_port, to_port, sea_dist)
VALUES
  (15990, 27728, 3010);

INSERT INTO  sea_dist(from_port, to_port, sea_dist)
VALUES
  (15990, 25007, 3815);

INSERT INTO  sea_dist(from_port, to_port, sea_dist)
VALUES
  (15990, 21852, 892);

INSERT INTO  sea_dist(from_port, to_port, sea_dist)
VALUES
  (15990, 22770, 1063);

INSERT INTO  sea_dist(from_port, to_port, sea_dist)
VALUES
  (15990, 18476, 1584);

INSERT INTO  sea_dist(from_port, to_port, sea_dist)
VALUES
  (15990, 18682, 1808);

INSERT INTO  sea_dist(from_port, to_port, sea_dist)
VALUES
  (15990, 28781, 5060);

INSERT INTO  sea_dist(from_port, to_port, sea_dist)
VALUES
  (15990, 29973, 5855);

INSERT INTO  sea_dist(from_port, to_port, sea_dist)
VALUES
  (15990, 24951, 1028);

INSERT INTO  sea_dist(from_port, to_port, sea_dist)
VALUES
  (15990, 20301, 5500);

INSERT INTO  sea_dist(from_port, to_port, sea_dist)
VALUES
  (15990, 20072, 2623);

INSERT INTO  sea_dist(from_port, to_port, sea_dist)
VALUES
  (15990, 20351, 4114);

INSERT INTO  sea_dist(from_port, to_port, sea_dist)
VALUES
  (15990, 13756, 3956);

INSERT INTO  sea_dist(from_port, to_port, sea_dist)
VALUES
  (15990, 27792, 7768);

INSERT INTO  sea_dist(from_port, to_port, sea_dist)
VALUES
  (15990, 27248, 4979);

INSERT INTO  sea_dist(from_port, to_port, sea_dist)
VALUES
  (15990, 13390, 886);

INSERT INTO  sea_dist(from_port, to_port, sea_dist)
VALUES
  (15990, 21556, 907);

INSERT INTO  sea_dist(from_port, to_port, sea_dist)
VALUES
  (15990, 18454, 3205);

INSERT INTO  sea_dist(from_port, to_port, sea_dist)
VALUES
  (15990, 21206, 2936);

INSERT INTO  sea_dist(from_port, to_port, sea_dist)
VALUES
  (15990, 18867, 3043);

INSERT INTO  sea_dist(from_port, to_port, sea_dist)
VALUES
  (15990, 18937, 380);

INSERT INTO  sea_dist(from_port, to_port, sea_dist)
VALUES
  (15990, 28082, 7581);

INSERT INTO  sea_dist(from_port, to_port, sea_dist)
VALUES
  (15990, 25350, 8987);

INSERT INTO  sea_dist(from_port, to_port, sea_dist)
VALUES
  (15990, 20847, 1354);

INSERT INTO  sea_dist(from_port, to_port, sea_dist)
VALUES
  (15990, 13176, 1083);

INSERT INTO  sea_dist(from_port, to_port, sea_dist)
VALUES
  (15990, 21451, 5421);

INSERT INTO  sea_dist(from_port, to_port, sea_dist)
VALUES
  (15990, 23247, 1918);

INSERT INTO  sea_dist(from_port, to_port, sea_dist)
VALUES
  (15990, 19473, 1897);

INSERT INTO  sea_dist(from_port, to_port, sea_dist)
VALUES
  (21556, 10358, 3376);

INSERT INTO  sea_dist(from_port, to_port, sea_dist)
VALUES
  (21556, 246265, 976);

INSERT INTO  sea_dist(from_port, to_port, sea_dist)
VALUES
  (21556, 21863, 686);

INSERT INTO  sea_dist(from_port, to_port, sea_dist)
VALUES
  (21556, 216593, 5852);

INSERT INTO  sea_dist(from_port, to_port, sea_dist)
VALUES
  (21556, 17386, 1140);

INSERT INTO  sea_dist(from_port, to_port, sea_dist)
VALUES
  (21556, 18137, 1577);

INSERT INTO  sea_dist(from_port, to_port, sea_dist)
VALUES
  (21556, 26147, 3300);

INSERT INTO  sea_dist(from_port, to_port, sea_dist)
VALUES
  (21556, 23448, 758);

INSERT INTO  sea_dist(from_port, to_port, sea_dist)
VALUES
  (21556, 18012, 2430);

INSERT INTO  sea_dist(from_port, to_port, sea_dist)
VALUES
  (21556, 30045, 7192);

INSERT INTO  sea_dist(from_port, to_port, sea_dist)
VALUES
  (21556, 14459, 1187);

INSERT INTO  sea_dist(from_port, to_port, sea_dist)
VALUES
  (21556, 10563, 3400);

INSERT INTO  sea_dist(from_port, to_port, sea_dist)
VALUES
  (21556, 216592, 5813);

INSERT INTO  sea_dist(from_port, to_port, sea_dist)
VALUES
  (21556, 15107, 6593);

INSERT INTO  sea_dist(from_port, to_port, sea_dist)
VALUES
  (21556, 29749, 2684);

INSERT INTO  sea_dist(from_port, to_port, sea_dist)
VALUES
  (21556, 18326, 2750);

INSERT INTO  sea_dist(from_port, to_port, sea_dist)
VALUES
  (21556, 14226, 6332);

INSERT INTO  sea_dist(from_port, to_port, sea_dist)
VALUES
  (21556, 213737, 1382);

INSERT INTO  sea_dist(from_port, to_port, sea_dist)
VALUES
  (21556, 23428, 2096);

INSERT INTO  sea_dist(from_port, to_port, sea_dist)
VALUES
  (21556, 23495, 808);

INSERT INTO  sea_dist(from_port, to_port, sea_dist)
VALUES
  (21556, 14470, 1311);

INSERT INTO  sea_dist(from_port, to_port, sea_dist)
VALUES
  (21556, 12543, 3666);

INSERT INTO  sea_dist(from_port, to_port, sea_dist)
VALUES
  (21556, 11174, 951);

INSERT INTO  sea_dist(from_port, to_port, sea_dist)
VALUES
  (21556, 13610, 4911);

INSERT INTO  sea_dist(from_port, to_port, sea_dist)
VALUES
  (21556, 29876, 6689);

INSERT INTO  sea_dist(from_port, to_port, sea_dist)
VALUES
  (21556, 224858, 3102);

INSERT INTO  sea_dist(from_port, to_port, sea_dist)
VALUES
  (21556, 16485, 3950);

INSERT INTO  sea_dist(from_port, to_port, sea_dist)
VALUES
  (21556, 24795, 216);

INSERT INTO  sea_dist(from_port, to_port, sea_dist)
VALUES
  (21556, 11771, 3701);

INSERT INTO  sea_dist(from_port, to_port, sea_dist)
VALUES
  (21556, 21381, 216);

INSERT INTO  sea_dist(from_port, to_port, sea_dist)
VALUES
  (21556, 16737, 4005);

INSERT INTO  sea_dist(from_port, to_port, sea_dist)
VALUES
  (21556, 10136, 1123);

INSERT INTO  sea_dist(from_port, to_port, sea_dist)
VALUES
  (21556, 13012, 1942);

INSERT INTO  sea_dist(from_port, to_port, sea_dist)
VALUES
  (21556, 29002, 2754);

INSERT INTO  sea_dist(from_port, to_port, sea_dist)
VALUES
  (21556, 29239, 2808);

INSERT INTO  sea_dist(from_port, to_port, sea_dist)
VALUES
  (21556, 14635, 8764);

INSERT INTO  sea_dist(from_port, to_port, sea_dist)
VALUES
  (21556, 20512, 3284);

INSERT INTO  sea_dist(from_port, to_port, sea_dist)
VALUES
  (21556, 14277, 7577);

INSERT INTO  sea_dist(from_port, to_port, sea_dist)
VALUES
  (21556, 19974, 5373);

INSERT INTO  sea_dist(from_port, to_port, sea_dist)
VALUES
  (21556, 10860, 7627);

INSERT INTO  sea_dist(from_port, to_port, sea_dist)
VALUES
  (21556, 22522, 1158);

INSERT INTO  sea_dist(from_port, to_port, sea_dist)
VALUES
  (21556, 21457, 979);

INSERT INTO  sea_dist(from_port, to_port, sea_dist)
VALUES
  (21556, 17941, 6680);

INSERT INTO  sea_dist(from_port, to_port, sea_dist)
VALUES
  (21556, 27728, 3896);

INSERT INTO  sea_dist(from_port, to_port, sea_dist)
VALUES
  (21556, 25007, 4701);

INSERT INTO  sea_dist(from_port, to_port, sea_dist)
VALUES
  (21556, 21852, 678);

INSERT INTO  sea_dist(from_port, to_port, sea_dist)
VALUES
  (21556, 22770, 216);

INSERT INTO  sea_dist(from_port, to_port, sea_dist)
VALUES
  (21556, 18682, 1594);

INSERT INTO  sea_dist(from_port, to_port, sea_dist)
VALUES
  (21556, 29973, 6741);

INSERT INTO  sea_dist(from_port, to_port, sea_dist)
VALUES
  (21556, 20072, 3509);

INSERT INTO  sea_dist(from_port, to_port, sea_dist)
VALUES
  (21556, 13756, 4842);

INSERT INTO  sea_dist(from_port, to_port, sea_dist)
VALUES
  (21556, 13390, 1772);

INSERT INTO  sea_dist(from_port, to_port, sea_dist)
VALUES
  (21556, 18454, 4091);

INSERT INTO  sea_dist(from_port, to_port, sea_dist)
VALUES
  (21556, 21206, 3822);

INSERT INTO  sea_dist(from_port, to_port, sea_dist)
VALUES
  (21556, 18867, 3929);

INSERT INTO  sea_dist(from_port, to_port, sea_dist)
VALUES
  (21556, 18937, 1228);

INSERT INTO  sea_dist(from_port, to_port, sea_dist)
VALUES
  (21556, 13176, 230);

INSERT INTO  sea_dist(from_port, to_port, sea_dist)
VALUES
  (21556, 21451, 6307);

INSERT INTO  sea_dist(from_port, to_port, sea_dist)
VALUES
  (21556, 23247, 2804);

INSERT INTO  sea_dist(from_port, to_port, sea_dist)
VALUES
  (18454, 246265, 4388);

INSERT INTO  sea_dist(from_port, to_port, sea_dist)
VALUES
  (18454, 17386, 3118);

INSERT INTO  sea_dist(from_port, to_port, sea_dist)
VALUES
  (18454, 23448, 3346);

INSERT INTO  sea_dist(from_port, to_port, sea_dist)
VALUES
  (18454, 213737, 4794);

INSERT INTO  sea_dist(from_port, to_port, sea_dist)
VALUES
  (18454, 23495, 3638);

INSERT INTO  sea_dist(from_port, to_port, sea_dist)
VALUES
  (18454, 24795, 4247);

INSERT INTO  sea_dist(from_port, to_port, sea_dist)
VALUES
  (18454, 21381, 4247);

INSERT INTO  sea_dist(from_port, to_port, sea_dist)
VALUES
  (18454, 29002, 1741);

INSERT INTO  sea_dist(from_port, to_port, sea_dist)
VALUES
  (18454, 29239, 1396);

INSERT INTO  sea_dist(from_port, to_port, sea_dist)
VALUES
  (18454, 14635, 8786);

INSERT INTO  sea_dist(from_port, to_port, sea_dist)
VALUES
  (18454, 20512, 864);

INSERT INTO  sea_dist(from_port, to_port, sea_dist)
VALUES
  (18454, 19974, 5496);

INSERT INTO  sea_dist(from_port, to_port, sea_dist)
VALUES
  (18454, 22522, 4564);

INSERT INTO  sea_dist(from_port, to_port, sea_dist)
VALUES
  (18454, 17941, 7486);

INSERT INTO  sea_dist(from_port, to_port, sea_dist)
VALUES
  (18454, 25007, 4373);

INSERT INTO  sea_dist(from_port, to_port, sea_dist)
VALUES
  (18454, 22770, 4247);

INSERT INTO  sea_dist(from_port, to_port, sea_dist)
VALUES
  (18454, 21206, 385);

INSERT INTO  sea_dist(from_port, to_port, sea_dist)
VALUES
  (18454, 18937, 2990);

INSERT INTO  sea_dist(from_port, to_port, sea_dist)
VALUES
  (21206, 246265, 4119);

INSERT INTO  sea_dist(from_port, to_port, sea_dist)
VALUES
  (21206, 23448, 3077);

INSERT INTO  sea_dist(from_port, to_port, sea_dist)
VALUES
  (21206, 213737, 4525);

INSERT INTO  sea_dist(from_port, to_port, sea_dist)
VALUES
  (21206, 23495, 3369);

INSERT INTO  sea_dist(from_port, to_port, sea_dist)
VALUES
  (21206, 29002, 1472);

INSERT INTO  sea_dist(from_port, to_port, sea_dist)
VALUES
  (21206, 29239, 1127);

INSERT INTO  sea_dist(from_port, to_port, sea_dist)
VALUES
  (21206, 14635, 8517);

INSERT INTO  sea_dist(from_port, to_port, sea_dist)
VALUES
  (21206, 19974, 5227);

INSERT INTO  sea_dist(from_port, to_port, sea_dist)
VALUES
  (21206, 22522, 4295);

INSERT INTO  sea_dist(from_port, to_port, sea_dist)
VALUES
  (21206, 17941, 7217);

INSERT INTO  sea_dist(from_port, to_port, sea_dist)
VALUES
  (21206, 25007, 4104);

INSERT INTO  sea_dist(from_port, to_port, sea_dist)
VALUES
  (18867, 246265, 4226);

INSERT INTO  sea_dist(from_port, to_port, sea_dist)
VALUES
  (18867, 21863, 3930);

INSERT INTO  sea_dist(from_port, to_port, sea_dist)
VALUES
  (18867, 216593, 5712);

INSERT INTO  sea_dist(from_port, to_port, sea_dist)
VALUES
  (18867, 17386, 2956);

INSERT INTO  sea_dist(from_port, to_port, sea_dist)
VALUES
  (18867, 18137, 4827);

INSERT INTO  sea_dist(from_port, to_port, sea_dist)
VALUES
  (18867, 26147, 986);

INSERT INTO  sea_dist(from_port, to_port, sea_dist)
VALUES
  (18867, 23448, 3184);

INSERT INTO  sea_dist(from_port, to_port, sea_dist)
VALUES
  (18867, 18012, 1557);

INSERT INTO  sea_dist(from_port, to_port, sea_dist)
VALUES
  (18867, 30045, 7052);

INSERT INTO  sea_dist(from_port, to_port, sea_dist)
VALUES
  (18867, 14459, 4437);

INSERT INTO  sea_dist(from_port, to_port, sea_dist)
VALUES
  (18867, 216592, 5673);

INSERT INTO  sea_dist(from_port, to_port, sea_dist)
VALUES
  (18867, 29749, 1549);

INSERT INTO  sea_dist(from_port, to_port, sea_dist)
VALUES
  (18867, 18326, 1221);

INSERT INTO  sea_dist(from_port, to_port, sea_dist)
VALUES
  (18867, 213737, 4632);

INSERT INTO  sea_dist(from_port, to_port, sea_dist)
VALUES
  (18867, 23428, 2611);

INSERT INTO  sea_dist(from_port, to_port, sea_dist)
VALUES
  (18867, 23495, 3476);

INSERT INTO  sea_dist(from_port, to_port, sea_dist)
VALUES
  (18867, 14470, 4561);

INSERT INTO  sea_dist(from_port, to_port, sea_dist)
VALUES
  (18867, 12543, 406);

INSERT INTO  sea_dist(from_port, to_port, sea_dist)
VALUES
  (18867, 11174, 3288);

INSERT INTO  sea_dist(from_port, to_port, sea_dist)
VALUES
  (18867, 13610, 4865);

INSERT INTO  sea_dist(from_port, to_port, sea_dist)
VALUES
  (18867, 224858, 700);

INSERT INTO  sea_dist(from_port, to_port, sea_dist)
VALUES
  (18867, 16485, 48);

INSERT INTO  sea_dist(from_port, to_port, sea_dist)
VALUES
  (18867, 24795, 4085);

INSERT INTO  sea_dist(from_port, to_port, sea_dist)
VALUES
  (18867, 11771, 402);

INSERT INTO  sea_dist(from_port, to_port, sea_dist)
VALUES
  (18867, 21381, 4085);

INSERT INTO  sea_dist(from_port, to_port, sea_dist)
VALUES
  (18867, 16737, 99);

INSERT INTO  sea_dist(from_port, to_port, sea_dist)
VALUES
  (18867, 13012, 2010);

INSERT INTO  sea_dist(from_port, to_port, sea_dist)
VALUES
  (18867, 29002, 1579);

INSERT INTO  sea_dist(from_port, to_port, sea_dist)
VALUES
  (18867, 29239, 1234);

INSERT INTO  sea_dist(from_port, to_port, sea_dist)
VALUES
  (18867, 14635, 8624);

INSERT INTO  sea_dist(from_port, to_port, sea_dist)
VALUES
  (18867, 20512, 701);

INSERT INTO  sea_dist(from_port, to_port, sea_dist)
VALUES
  (18867, 14277, 7437);

INSERT INTO  sea_dist(from_port, to_port, sea_dist)
VALUES
  (18867, 19974, 5334);

INSERT INTO  sea_dist(from_port, to_port, sea_dist)
VALUES
  (18867, 10860, 7487);

INSERT INTO  sea_dist(from_port, to_port, sea_dist)
VALUES
  (18867, 22522, 4402);

INSERT INTO  sea_dist(from_port, to_port, sea_dist)
VALUES
  (18867, 21457, 3210);

INSERT INTO  sea_dist(from_port, to_port, sea_dist)
VALUES
  (18867, 17941, 7324);

INSERT INTO  sea_dist(from_port, to_port, sea_dist)
VALUES
  (18867, 27728, 1588);

INSERT INTO  sea_dist(from_port, to_port, sea_dist)
VALUES
  (18867, 25007, 4211);

INSERT INTO  sea_dist(from_port, to_port, sea_dist)
VALUES
  (18867, 21852, 3922);

INSERT INTO  sea_dist(from_port, to_port, sea_dist)
VALUES
  (18867, 22770, 4085);

INSERT INTO  sea_dist(from_port, to_port, sea_dist)
VALUES
  (18867, 18682, 4844);

INSERT INTO  sea_dist(from_port, to_port, sea_dist)
VALUES
  (18867, 29973, 6601);

INSERT INTO  sea_dist(from_port, to_port, sea_dist)
VALUES
  (18867, 20072, 558);

INSERT INTO  sea_dist(from_port, to_port, sea_dist)
VALUES
  (18867, 13756, 4754);

INSERT INTO  sea_dist(from_port, to_port, sea_dist)
VALUES
  (18867, 13390, 2192);

INSERT INTO  sea_dist(from_port, to_port, sea_dist)
VALUES
  (18867, 18454, 187);

INSERT INTO  sea_dist(from_port, to_port, sea_dist)
VALUES
  (18867, 21206, 217);

INSERT INTO  sea_dist(from_port, to_port, sea_dist)
VALUES
  (18867, 18937, 2828);

INSERT INTO  sea_dist(from_port, to_port, sea_dist)
VALUES
  (18867, 13176, 4105);

INSERT INTO  sea_dist(from_port, to_port, sea_dist)
VALUES
  (18867, 21451, 5898);

INSERT INTO  sea_dist(from_port, to_port, sea_dist)
VALUES
  (18867, 23247, 1183);

INSERT INTO  sea_dist(from_port, to_port, sea_dist)
VALUES
  (18937, 246265, 1535);

INSERT INTO  sea_dist(from_port, to_port, sea_dist)
VALUES
  (18937, 23448, 500);

INSERT INTO  sea_dist(from_port, to_port, sea_dist)
VALUES
  (18937, 213737, 1941);

INSERT INTO  sea_dist(from_port, to_port, sea_dist)
VALUES
  (18937, 23495, 792);

INSERT INTO  sea_dist(from_port, to_port, sea_dist)
VALUES
  (18937, 29002, 1653);

INSERT INTO  sea_dist(from_port, to_port, sea_dist)
VALUES
  (18937, 29239, 1707);

INSERT INTO  sea_dist(from_port, to_port, sea_dist)
VALUES
  (18937, 14635, 7663);

INSERT INTO  sea_dist(from_port, to_port, sea_dist)
VALUES
  (18937, 20512, 2183);

INSERT INTO  sea_dist(from_port, to_port, sea_dist)
VALUES
  (18937, 19974, 4272);

INSERT INTO  sea_dist(from_port, to_port, sea_dist)
VALUES
  (18937, 22522, 1717);

INSERT INTO  sea_dist(from_port, to_port, sea_dist)
VALUES
  (18937, 17941, 5579);

INSERT INTO  sea_dist(from_port, to_port, sea_dist)
VALUES
  (18937, 25007, 3600);

INSERT INTO  sea_dist(from_port, to_port, sea_dist)
VALUES
  (18937, 21206, 2721);

INSERT INTO  sea_dist(from_port, to_port, sea_dist)
VALUES
  (28082, 10358, 7774);

INSERT INTO  sea_dist(from_port, to_port, sea_dist)
VALUES
  (28082, 246265, 8764);

INSERT INTO  sea_dist(from_port, to_port, sea_dist)
VALUES
  (28082, 21863, 8468);

INSERT INTO  sea_dist(from_port, to_port, sea_dist)
VALUES
  (28082, 216593, 2615);

INSERT INTO  sea_dist(from_port, to_port, sea_dist)
VALUES
  (28082, 17386, 7494);

INSERT INTO  sea_dist(from_port, to_port, sea_dist)
VALUES
  (28082, 18137, 9365);

INSERT INTO  sea_dist(from_port, to_port, sea_dist)
VALUES
  (28082, 26147, 7488);

INSERT INTO  sea_dist(from_port, to_port, sea_dist)
VALUES
  (28082, 23448, 7722);

INSERT INTO  sea_dist(from_port, to_port, sea_dist)
VALUES
  (28082, 18012, 7071);

INSERT INTO  sea_dist(from_port, to_port, sea_dist)
VALUES
  (28082, 28261, 2399);

INSERT INTO  sea_dist(from_port, to_port, sea_dist)
VALUES
  (28082, 30045, 1299);

INSERT INTO  sea_dist(from_port, to_port, sea_dist)
VALUES
  (28082, 28313, 2930);

INSERT INTO  sea_dist(from_port, to_port, sea_dist)
VALUES
  (28082, 14459, 8975);

INSERT INTO  sea_dist(from_port, to_port, sea_dist)
VALUES
  (28082, 10563, 7798);

INSERT INTO  sea_dist(from_port, to_port, sea_dist)
VALUES
  (28082, 216592, 2654);

INSERT INTO  sea_dist(from_port, to_port, sea_dist)
VALUES
  (28082, 15107, 2933);

INSERT INTO  sea_dist(from_port, to_port, sea_dist)
VALUES
  (28082, 29749, 7115);

INSERT INTO  sea_dist(from_port, to_port, sea_dist)
VALUES
  (28082, 18326, 7361);

INSERT INTO  sea_dist(from_port, to_port, sea_dist)
VALUES
  (28082, 14226, 2175);

INSERT INTO  sea_dist(from_port, to_port, sea_dist)
VALUES
  (28082, 213737, 9170);

INSERT INTO  sea_dist(from_port, to_port, sea_dist)
VALUES
  (28082, 23428, 6393);

INSERT INTO  sea_dist(from_port, to_port, sea_dist)
VALUES
  (28082, 23495, 8014);

INSERT INTO  sea_dist(from_port, to_port, sea_dist)
VALUES
  (28082, 14470, 9099);

INSERT INTO  sea_dist(from_port, to_port, sea_dist)
VALUES
  (28082, 12543, 8064);

INSERT INTO  sea_dist(from_port, to_port, sea_dist)
VALUES
  (28082, 11174, 7826);

INSERT INTO  sea_dist(from_port, to_port, sea_dist)
VALUES
  (28082, 13610, 3571);

INSERT INTO  sea_dist(from_port, to_port, sea_dist)
VALUES
  (28082, 29876, 1984);

INSERT INTO  sea_dist(from_port, to_port, sea_dist)
VALUES
  (28082, 224858, 7708);

INSERT INTO  sea_dist(from_port, to_port, sea_dist)
VALUES
  (28082, 16485, 8348);

INSERT INTO  sea_dist(from_port, to_port, sea_dist)
VALUES
  (28082, 24795, 8623);

INSERT INTO  sea_dist(from_port, to_port, sea_dist)
VALUES
  (28082, 11771, 8099);

INSERT INTO  sea_dist(from_port, to_port, sea_dist)
VALUES
  (28082, 21381, 8623);

INSERT INTO  sea_dist(from_port, to_port, sea_dist)
VALUES
  (28082, 16737, 8403);

INSERT INTO  sea_dist(from_port, to_port, sea_dist)
VALUES
  (28082, 10136, 8900);

INSERT INTO  sea_dist(from_port, to_port, sea_dist)
VALUES
  (28082, 13012, 6844);

INSERT INTO  sea_dist(from_port, to_port, sea_dist)
VALUES
  (28082, 29002, 7194);

INSERT INTO  sea_dist(from_port, to_port, sea_dist)
VALUES
  (28082, 29239, 7414);

INSERT INTO  sea_dist(from_port, to_port, sea_dist)
VALUES
  (28082, 14635, 4806);

INSERT INTO  sea_dist(from_port, to_port, sea_dist)
VALUES
  (28082, 20512, 7671);

INSERT INTO  sea_dist(from_port, to_port, sea_dist)
VALUES
  (28082, 14277, 3652);

INSERT INTO  sea_dist(from_port, to_port, sea_dist)
VALUES
  (28082, 19974, 3330);

INSERT INTO  sea_dist(from_port, to_port, sea_dist)
VALUES
  (28082, 10860, 965);

INSERT INTO  sea_dist(from_port, to_port, sea_dist)
VALUES
  (28082, 22522, 8940);

INSERT INTO  sea_dist(from_port, to_port, sea_dist)
VALUES
  (28082, 21457, 7748);

INSERT INTO  sea_dist(from_port, to_port, sea_dist)
VALUES
  (28082, 17941, 2725);

INSERT INTO  sea_dist(from_port, to_port, sea_dist)
VALUES
  (28082, 27728, 7889);

INSERT INTO  sea_dist(from_port, to_port, sea_dist)
VALUES
  (28082, 25007, 4633);

INSERT INTO  sea_dist(from_port, to_port, sea_dist)
VALUES
  (28082, 21852, 8460);

INSERT INTO  sea_dist(from_port, to_port, sea_dist)
VALUES
  (28082, 22770, 8623);

INSERT INTO  sea_dist(from_port, to_port, sea_dist)
VALUES
  (28082, 18682, 9382);

INSERT INTO  sea_dist(from_port, to_port, sea_dist)
VALUES
  (28082, 28781, 2846);

INSERT INTO  sea_dist(from_port, to_port, sea_dist)
VALUES
  (28082, 29973, 3024);

INSERT INTO  sea_dist(from_port, to_port, sea_dist)
VALUES
  (28082, 24951, 8587);

INSERT INTO  sea_dist(from_port, to_port, sea_dist)
VALUES
  (28082, 20072, 7907);

INSERT INTO  sea_dist(from_port, to_port, sea_dist)
VALUES
  (28082, 13756, 3646);

INSERT INTO  sea_dist(from_port, to_port, sea_dist)
VALUES
  (28082, 13390, 6824);

INSERT INTO  sea_dist(from_port, to_port, sea_dist)
VALUES
  (28082, 21556, 8467);

INSERT INTO  sea_dist(from_port, to_port, sea_dist)
VALUES
  (28082, 18454, 8489);

INSERT INTO  sea_dist(from_port, to_port, sea_dist)
VALUES
  (28082, 21206, 8220);

INSERT INTO  sea_dist(from_port, to_port, sea_dist)
VALUES
  (28082, 18867, 8327);

INSERT INTO  sea_dist(from_port, to_port, sea_dist)
VALUES
  (28082, 18937, 7366);

INSERT INTO  sea_dist(from_port, to_port, sea_dist)
VALUES
  (28082, 13176, 8643);

INSERT INTO  sea_dist(from_port, to_port, sea_dist)
VALUES
  (28082, 21451, 4064);

INSERT INTO  sea_dist(from_port, to_port, sea_dist)
VALUES
  (28082, 23247, 7410);

INSERT INTO  sea_dist(from_port, to_port, sea_dist)
VALUES
  (25350, 10358, 9180);

INSERT INTO  sea_dist(from_port, to_port, sea_dist)
VALUES
  (25350, 246265, 10170);

INSERT INTO  sea_dist(from_port, to_port, sea_dist)
VALUES
  (25350, 21863, 9874);

INSERT INTO  sea_dist(from_port, to_port, sea_dist)
VALUES
  (25350, 216593, 4021);

INSERT INTO  sea_dist(from_port, to_port, sea_dist)
VALUES
  (25350, 17386, 8900);

INSERT INTO  sea_dist(from_port, to_port, sea_dist)
VALUES
  (25350, 18137, 10771);

INSERT INTO  sea_dist(from_port, to_port, sea_dist)
VALUES
  (25350, 26147, 8894);

INSERT INTO  sea_dist(from_port, to_port, sea_dist)
VALUES
  (25350, 23448, 9128);

INSERT INTO  sea_dist(from_port, to_port, sea_dist)
VALUES
  (25350, 18012, 8477);

INSERT INTO  sea_dist(from_port, to_port, sea_dist)
VALUES
  (25350, 28261, 4156);

INSERT INTO  sea_dist(from_port, to_port, sea_dist)
VALUES
  (25350, 30045, 4763);

INSERT INTO  sea_dist(from_port, to_port, sea_dist)
VALUES
  (25350, 28313, 4336);

INSERT INTO  sea_dist(from_port, to_port, sea_dist)
VALUES
  (25350, 14459, 10381);

INSERT INTO  sea_dist(from_port, to_port, sea_dist)
VALUES
  (25350, 10563, 9204);

INSERT INTO  sea_dist(from_port, to_port, sea_dist)
VALUES
  (25350, 216592, 4060);

INSERT INTO  sea_dist(from_port, to_port, sea_dist)
VALUES
  (25350, 15107, 3354);

INSERT INTO  sea_dist(from_port, to_port, sea_dist)
VALUES
  (25350, 29749, 8521);

INSERT INTO  sea_dist(from_port, to_port, sea_dist)
VALUES
  (25350, 18326, 8767);

INSERT INTO  sea_dist(from_port, to_port, sea_dist)
VALUES
  (25350, 14226, 4110);

INSERT INTO  sea_dist(from_port, to_port, sea_dist)
VALUES
  (25350, 213737, 10576);

INSERT INTO  sea_dist(from_port, to_port, sea_dist)
VALUES
  (25350, 23428, 7799);

INSERT INTO  sea_dist(from_port, to_port, sea_dist)
VALUES
  (25350, 23495, 9420);

INSERT INTO  sea_dist(from_port, to_port, sea_dist)
VALUES
  (25350, 14470, 10505);

INSERT INTO  sea_dist(from_port, to_port, sea_dist)
VALUES
  (25350, 12543, 9470);

INSERT INTO  sea_dist(from_port, to_port, sea_dist)
VALUES
  (25350, 11174, 9232);

INSERT INTO  sea_dist(from_port, to_port, sea_dist)
VALUES
  (25350, 13610, 4977);

INSERT INTO  sea_dist(from_port, to_port, sea_dist)
VALUES
  (25350, 29876, 4340);

INSERT INTO  sea_dist(from_port, to_port, sea_dist)
VALUES
  (25350, 224858, 9114);

INSERT INTO  sea_dist(from_port, to_port, sea_dist)
VALUES
  (25350, 16485, 9754);

INSERT INTO  sea_dist(from_port, to_port, sea_dist)
VALUES
  (25350, 24795, 10029);

INSERT INTO  sea_dist(from_port, to_port, sea_dist)
VALUES
  (25350, 11771, 9505);

INSERT INTO  sea_dist(from_port, to_port, sea_dist)
VALUES
  (25350, 21381, 10029);

INSERT INTO  sea_dist(from_port, to_port, sea_dist)
VALUES
  (25350, 16737, 9809);

INSERT INTO  sea_dist(from_port, to_port, sea_dist)
VALUES
  (25350, 10136, 10306);

INSERT INTO  sea_dist(from_port, to_port, sea_dist)
VALUES
  (25350, 13012, 8250);

INSERT INTO  sea_dist(from_port, to_port, sea_dist)
VALUES
  (25350, 29002, 8600);

INSERT INTO  sea_dist(from_port, to_port, sea_dist)
VALUES
  (25350, 29239, 8820);

INSERT INTO  sea_dist(from_port, to_port, sea_dist)
VALUES
  (25350, 14635, 1162);

INSERT INTO  sea_dist(from_port, to_port, sea_dist)
VALUES
  (25350, 20512, 9077);

INSERT INTO  sea_dist(from_port, to_port, sea_dist)
VALUES
  (25350, 14277, 2328);

INSERT INTO  sea_dist(from_port, to_port, sea_dist)
VALUES
  (25350, 19974, 4736);

INSERT INTO  sea_dist(from_port, to_port, sea_dist)
VALUES
  (25350, 10860, 5192);

INSERT INTO  sea_dist(from_port, to_port, sea_dist)
VALUES
  (25350, 22522, 10346);

INSERT INTO  sea_dist(from_port, to_port, sea_dist)
VALUES
  (25350, 21457, 9154);

INSERT INTO  sea_dist(from_port, to_port, sea_dist)
VALUES
  (25350, 17941, 8302);

INSERT INTO  sea_dist(from_port, to_port, sea_dist)
VALUES
  (25350, 27728, 9295);

INSERT INTO  sea_dist(from_port, to_port, sea_dist)
VALUES
  (25350, 25007, 6039);

INSERT INTO  sea_dist(from_port, to_port, sea_dist)
VALUES
  (25350, 21852, 9866);

INSERT INTO  sea_dist(from_port, to_port, sea_dist)
VALUES
  (25350, 22770, 10029);

INSERT INTO  sea_dist(from_port, to_port, sea_dist)
VALUES
  (25350, 18682, 10788);

INSERT INTO  sea_dist(from_port, to_port, sea_dist)
VALUES
  (25350, 28781, 4252);

INSERT INTO  sea_dist(from_port, to_port, sea_dist)
VALUES
  (25350, 29973, 3156);

INSERT INTO  sea_dist(from_port, to_port, sea_dist)
VALUES
  (25350, 24951, 9993);

INSERT INTO  sea_dist(from_port, to_port, sea_dist)
VALUES
  (25350, 20072, 9313);

INSERT INTO  sea_dist(from_port, to_port, sea_dist)
VALUES
  (25350, 13756, 5052);

INSERT INTO  sea_dist(from_port, to_port, sea_dist)
VALUES
  (25350, 27792, 6043);

INSERT INTO  sea_dist(from_port, to_port, sea_dist)
VALUES
  (25350, 13390, 8230);

INSERT INTO  sea_dist(from_port, to_port, sea_dist)
VALUES
  (25350, 21556, 9873);

INSERT INTO  sea_dist(from_port, to_port, sea_dist)
VALUES
  (25350, 18454, 9895);

INSERT INTO  sea_dist(from_port, to_port, sea_dist)
VALUES
  (25350, 21206, 9626);

INSERT INTO  sea_dist(from_port, to_port, sea_dist)
VALUES
  (25350, 18867, 9733);

INSERT INTO  sea_dist(from_port, to_port, sea_dist)
VALUES
  (25350, 18937, 8772);

INSERT INTO  sea_dist(from_port, to_port, sea_dist)
VALUES
  (25350, 28082, 5915);

INSERT INTO  sea_dist(from_port, to_port, sea_dist)
VALUES
  (25350, 13176, 10049);

INSERT INTO  sea_dist(from_port, to_port, sea_dist)
VALUES
  (25350, 21451, 5470);

INSERT INTO  sea_dist(from_port, to_port, sea_dist)
VALUES
  (25350, 23247, 8816);

INSERT INTO  sea_dist(from_port, to_port, sea_dist)
VALUES
  (20847, 10358, 3837);

INSERT INTO  sea_dist(from_port, to_port, sea_dist)
VALUES
  (20847, 246265, 164);

INSERT INTO  sea_dist(from_port, to_port, sea_dist)
VALUES
  (20847, 21863, 509);

INSERT INTO  sea_dist(from_port, to_port, sea_dist)
VALUES
  (20847, 216593, 6313);

INSERT INTO  sea_dist(from_port, to_port, sea_dist)
VALUES
  (20847, 17386, 1618);

INSERT INTO  sea_dist(from_port, to_port, sea_dist)
VALUES
  (20847, 18137, 617);

INSERT INTO  sea_dist(from_port, to_port, sea_dist)
VALUES
  (20847, 26147, 3761);

INSERT INTO  sea_dist(from_port, to_port, sea_dist)
VALUES
  (20847, 23448, 1202);

INSERT INTO  sea_dist(from_port, to_port, sea_dist)
VALUES
  (20847, 18012, 2891);

INSERT INTO  sea_dist(from_port, to_port, sea_dist)
VALUES
  (20847, 28261, 6667);

INSERT INTO  sea_dist(from_port, to_port, sea_dist)
VALUES
  (20847, 30045, 7653);

INSERT INTO  sea_dist(from_port, to_port, sea_dist)
VALUES
  (20847, 28313, 6048);

INSERT INTO  sea_dist(from_port, to_port, sea_dist)
VALUES
  (20847, 14459, 76);

INSERT INTO  sea_dist(from_port, to_port, sea_dist)
VALUES
  (20847, 10563, 3861);

INSERT INTO  sea_dist(from_port, to_port, sea_dist)
VALUES
  (20847, 216592, 6274);

INSERT INTO  sea_dist(from_port, to_port, sea_dist)
VALUES
  (20847, 15107, 7054);

INSERT INTO  sea_dist(from_port, to_port, sea_dist)
VALUES
  (20847, 29749, 3145);

INSERT INTO  sea_dist(from_port, to_port, sea_dist)
VALUES
  (20847, 18326, 3211);

INSERT INTO  sea_dist(from_port, to_port, sea_dist)
VALUES
  (20847, 14226, 6793);

INSERT INTO  sea_dist(from_port, to_port, sea_dist)
VALUES
  (20847, 213737, 350);

INSERT INTO  sea_dist(from_port, to_port, sea_dist)
VALUES
  (20847, 23428, 2557);

INSERT INTO  sea_dist(from_port, to_port, sea_dist)
VALUES
  (20847, 23495, 1223);

INSERT INTO  sea_dist(from_port, to_port, sea_dist)
VALUES
  (20847, 14470, 214);

INSERT INTO  sea_dist(from_port, to_port, sea_dist)
VALUES
  (20847, 12543, 4127);

INSERT INTO  sea_dist(from_port, to_port, sea_dist)
VALUES
  (20847, 11174, 1434);

INSERT INTO  sea_dist(from_port, to_port, sea_dist)
VALUES
  (20847, 13610, 5372);

INSERT INTO  sea_dist(from_port, to_port, sea_dist)
VALUES
  (20847, 29876, 7150);

INSERT INTO  sea_dist(from_port, to_port, sea_dist)
VALUES
  (20847, 22226, 4663);

INSERT INTO  sea_dist(from_port, to_port, sea_dist)
VALUES
  (20847, 224858, 3563);

INSERT INTO  sea_dist(from_port, to_port, sea_dist)
VALUES
  (20847, 16485, 4411);

INSERT INTO  sea_dist(from_port, to_port, sea_dist)
VALUES
  (20847, 24795, 1297);

INSERT INTO  sea_dist(from_port, to_port, sea_dist)
VALUES
  (20847, 11771, 4162);

INSERT INTO  sea_dist(from_port, to_port, sea_dist)
VALUES
  (20847, 21381, 1297);

INSERT INTO  sea_dist(from_port, to_port, sea_dist)
VALUES
  (20847, 16737, 4466);

INSERT INTO  sea_dist(from_port, to_port, sea_dist)
VALUES
  (20847, 10136, 875);

INSERT INTO  sea_dist(from_port, to_port, sea_dist)
VALUES
  (20847, 13012, 2403);

INSERT INTO  sea_dist(from_port, to_port, sea_dist)
VALUES
  (20847, 29002, 3215);

INSERT INTO  sea_dist(from_port, to_port, sea_dist)
VALUES
  (20847, 29239, 3269);

INSERT INTO  sea_dist(from_port, to_port, sea_dist)
VALUES
  (20847, 14635, 9225);

INSERT INTO  sea_dist(from_port, to_port, sea_dist)
VALUES
  (20847, 20512, 3745);

INSERT INTO  sea_dist(from_port, to_port, sea_dist)
VALUES
  (20847, 14277, 8038);

INSERT INTO  sea_dist(from_port, to_port, sea_dist)
VALUES
  (20847, 19974, 5834);

INSERT INTO  sea_dist(from_port, to_port, sea_dist)
VALUES
  (20847, 10860, 8088);

INSERT INTO  sea_dist(from_port, to_port, sea_dist)
VALUES
  (20847, 22522, 899);

INSERT INTO  sea_dist(from_port, to_port, sea_dist)
VALUES
  (20847, 21457, 1462);

INSERT INTO  sea_dist(from_port, to_port, sea_dist)
VALUES
  (20847, 17941, 7141);

INSERT INTO  sea_dist(from_port, to_port, sea_dist)
VALUES
  (20847, 27728, 4357);

INSERT INTO  sea_dist(from_port, to_port, sea_dist)
VALUES
  (20847, 25007, 5162);

INSERT INTO  sea_dist(from_port, to_port, sea_dist)
VALUES
  (20847, 21852, 501);

INSERT INTO  sea_dist(from_port, to_port, sea_dist)
VALUES
  (20847, 22770, 1297);

INSERT INTO  sea_dist(from_port, to_port, sea_dist)
VALUES
  (20847, 18682, 613);

INSERT INTO  sea_dist(from_port, to_port, sea_dist)
VALUES
  (20847, 28781, 6407);

INSERT INTO  sea_dist(from_port, to_port, sea_dist)
VALUES
  (20847, 29973, 7202);

INSERT INTO  sea_dist(from_port, to_port, sea_dist)
VALUES
  (20847, 24951, 1261);

INSERT INTO  sea_dist(from_port, to_port, sea_dist)
VALUES
  (20847, 20072, 3970);

INSERT INTO  sea_dist(from_port, to_port, sea_dist)
VALUES
  (20847, 13756, 5303);

INSERT INTO  sea_dist(from_port, to_port, sea_dist)
VALUES
  (20847, 27792, 9115);

INSERT INTO  sea_dist(from_port, to_port, sea_dist)
VALUES
  (20847, 13390, 2233);

INSERT INTO  sea_dist(from_port, to_port, sea_dist)
VALUES
  (20847, 21556, 1140);

INSERT INTO  sea_dist(from_port, to_port, sea_dist)
VALUES
  (20847, 18454, 4552);

INSERT INTO  sea_dist(from_port, to_port, sea_dist)
VALUES
  (20847, 21206, 4283);

INSERT INTO  sea_dist(from_port, to_port, sea_dist)
VALUES
  (20847, 18867, 4390);

INSERT INTO  sea_dist(from_port, to_port, sea_dist)
VALUES
  (20847, 18937, 1699);

INSERT INTO  sea_dist(from_port, to_port, sea_dist)
VALUES
  (20847, 28082, 8928);

INSERT INTO  sea_dist(from_port, to_port, sea_dist)
VALUES
  (20847, 25350, 10334);

INSERT INTO  sea_dist(from_port, to_port, sea_dist)
VALUES
  (20847, 13176, 1318);

INSERT INTO  sea_dist(from_port, to_port, sea_dist)
VALUES
  (20847, 21451, 6768);

INSERT INTO  sea_dist(from_port, to_port, sea_dist)
VALUES
  (20847, 23247, 3265);

INSERT INTO  sea_dist(from_port, to_port, sea_dist)
VALUES
  (13176, 246265, 1154);

INSERT INTO  sea_dist(from_port, to_port, sea_dist)
VALUES
  (13176, 216593, 6028);

INSERT INTO  sea_dist(from_port, to_port, sea_dist)
VALUES
  (13176, 17386, 1316);

INSERT INTO  sea_dist(from_port, to_port, sea_dist)
VALUES
  (13176, 26147, 3476);

INSERT INTO  sea_dist(from_port, to_port, sea_dist)
VALUES
  (13176, 23448, 934);

INSERT INTO  sea_dist(from_port, to_port, sea_dist)
VALUES
  (13176, 30045, 7368);

INSERT INTO  sea_dist(from_port, to_port, sea_dist)
VALUES
  (13176, 14459, 1365);

INSERT INTO  sea_dist(from_port, to_port, sea_dist)
VALUES
  (13176, 216592, 5989);

INSERT INTO  sea_dist(from_port, to_port, sea_dist)
VALUES
  (13176, 213737, 1560);

INSERT INTO  sea_dist(from_port, to_port, sea_dist)
VALUES
  (13176, 23428, 2272);

INSERT INTO  sea_dist(from_port, to_port, sea_dist)
VALUES
  (13176, 23495, 985);

INSERT INTO  sea_dist(from_port, to_port, sea_dist)
VALUES
  (13176, 14470, 1489);

INSERT INTO  sea_dist(from_port, to_port, sea_dist)
VALUES
  (13176, 12543, 3842);

INSERT INTO  sea_dist(from_port, to_port, sea_dist)
VALUES
  (13176, 13610, 5087);

INSERT INTO  sea_dist(from_port, to_port, sea_dist)
VALUES
  (13176, 24795, 60);

INSERT INTO  sea_dist(from_port, to_port, sea_dist)
VALUES
  (13176, 11771, 3877);

INSERT INTO  sea_dist(from_port, to_port, sea_dist)
VALUES
  (13176, 21381, 60);

INSERT INTO  sea_dist(from_port, to_port, sea_dist)
VALUES
  (13176, 13012, 2118);

INSERT INTO  sea_dist(from_port, to_port, sea_dist)
VALUES
  (13176, 29002, 2930);

INSERT INTO  sea_dist(from_port, to_port, sea_dist)
VALUES
  (13176, 29239, 2984);

INSERT INTO  sea_dist(from_port, to_port, sea_dist)
VALUES
  (13176, 14635, 8940);

INSERT INTO  sea_dist(from_port, to_port, sea_dist)
VALUES
  (13176, 20512, 3460);

INSERT INTO  sea_dist(from_port, to_port, sea_dist)
VALUES
  (13176, 14277, 7753);

INSERT INTO  sea_dist(from_port, to_port, sea_dist)
VALUES
  (13176, 19974, 5549);

INSERT INTO  sea_dist(from_port, to_port, sea_dist)
VALUES
  (13176, 10860, 7803);

INSERT INTO  sea_dist(from_port, to_port, sea_dist)
VALUES
  (13176, 22522, 1335);

INSERT INTO  sea_dist(from_port, to_port, sea_dist)
VALUES
  (13176, 21457, 1155);

INSERT INTO  sea_dist(from_port, to_port, sea_dist)
VALUES
  (13176, 17941, 6856);

INSERT INTO  sea_dist(from_port, to_port, sea_dist)
VALUES
  (13176, 27728, 4072);

INSERT INTO  sea_dist(from_port, to_port, sea_dist)
VALUES
  (13176, 25007, 4877);

INSERT INTO  sea_dist(from_port, to_port, sea_dist)
VALUES
  (13176, 22770, 60);

INSERT INTO  sea_dist(from_port, to_port, sea_dist)
VALUES
  (13176, 13756, 5018);

INSERT INTO  sea_dist(from_port, to_port, sea_dist)
VALUES
  (13176, 13390, 1948);

INSERT INTO  sea_dist(from_port, to_port, sea_dist)
VALUES
  (13176, 18454, 4267);

INSERT INTO  sea_dist(from_port, to_port, sea_dist)
VALUES
  (13176, 21206, 3998);

INSERT INTO  sea_dist(from_port, to_port, sea_dist)
VALUES
  (13176, 18937, 1404);

INSERT INTO  sea_dist(from_port, to_port, sea_dist)
VALUES
  (13176, 21451, 6483);

INSERT INTO  sea_dist(from_port, to_port, sea_dist)
VALUES
  (13176, 23247, 2980);

INSERT INTO  sea_dist(from_port, to_port, sea_dist)
VALUES
  (21451, 246265, 6604);

INSERT INTO  sea_dist(from_port, to_port, sea_dist)
VALUES
  (21451, 216593, 1449);

INSERT INTO  sea_dist(from_port, to_port, sea_dist)
VALUES
  (21451, 17386, 5334);

INSERT INTO  sea_dist(from_port, to_port, sea_dist)
VALUES
  (21451, 26147, 5059);

INSERT INTO  sea_dist(from_port, to_port, sea_dist)
VALUES
  (21451, 23448, 5562);

INSERT INTO  sea_dist(from_port, to_port, sea_dist)
VALUES
  (21451, 30045, 2789);

INSERT INTO  sea_dist(from_port, to_port, sea_dist)
VALUES
  (21451, 14459, 6815);

INSERT INTO  sea_dist(from_port, to_port, sea_dist)
VALUES
  (21451, 216592, 1410);

INSERT INTO  sea_dist(from_port, to_port, sea_dist)
VALUES
  (21451, 213737, 7010);

INSERT INTO  sea_dist(from_port, to_port, sea_dist)
VALUES
  (21451, 23495, 5854);

INSERT INTO  sea_dist(from_port, to_port, sea_dist)
VALUES
  (21451, 14470, 6939);

INSERT INTO  sea_dist(from_port, to_port, sea_dist)
VALUES
  (21451, 12543, 5635);

INSERT INTO  sea_dist(from_port, to_port, sea_dist)
VALUES
  (21451, 13610, 1728);

INSERT INTO  sea_dist(from_port, to_port, sea_dist)
VALUES
  (21451, 24795, 6463);

INSERT INTO  sea_dist(from_port, to_port, sea_dist)
VALUES
  (21451, 11771, 5670);

INSERT INTO  sea_dist(from_port, to_port, sea_dist)
VALUES
  (21451, 21381, 6463);

INSERT INTO  sea_dist(from_port, to_port, sea_dist)
VALUES
  (21451, 13012, 4613);

INSERT INTO  sea_dist(from_port, to_port, sea_dist)
VALUES
  (21451, 29002, 4836);

INSERT INTO  sea_dist(from_port, to_port, sea_dist)
VALUES
  (21451, 29239, 5063);

INSERT INTO  sea_dist(from_port, to_port, sea_dist)
VALUES
  (21451, 14635, 4361);

INSERT INTO  sea_dist(from_port, to_port, sea_dist)
VALUES
  (21451, 20512, 5242);

INSERT INTO  sea_dist(from_port, to_port, sea_dist)
VALUES
  (21451, 19974, 1740);

INSERT INTO  sea_dist(from_port, to_port, sea_dist)
VALUES
  (21451, 10860, 3224);

INSERT INTO  sea_dist(from_port, to_port, sea_dist)
VALUES
  (21451, 22522, 6780);

INSERT INTO  sea_dist(from_port, to_port, sea_dist)
VALUES
  (21451, 21457, 5588);

INSERT INTO  sea_dist(from_port, to_port, sea_dist)
VALUES
  (21451, 17941, 6256);

INSERT INTO  sea_dist(from_port, to_port, sea_dist)
VALUES
  (21451, 27728, 5460);

INSERT INTO  sea_dist(from_port, to_port, sea_dist)
VALUES
  (21451, 25007, 1965);

INSERT INTO  sea_dist(from_port, to_port, sea_dist)
VALUES
  (21451, 22770, 6463);

INSERT INTO  sea_dist(from_port, to_port, sea_dist)
VALUES
  (21451, 13756, 1754);

INSERT INTO  sea_dist(from_port, to_port, sea_dist)
VALUES
  (21451, 13390, 4617);

INSERT INTO  sea_dist(from_port, to_port, sea_dist)
VALUES
  (21451, 18454, 6060);

INSERT INTO  sea_dist(from_port, to_port, sea_dist)
VALUES
  (21451, 21206, 5791);

INSERT INTO  sea_dist(from_port, to_port, sea_dist)
VALUES
  (21451, 18937, 5206);

INSERT INTO  sea_dist(from_port, to_port, sea_dist)
VALUES
  (21451, 23247, 5059);

INSERT INTO  sea_dist(from_port, to_port, sea_dist)
VALUES
  (23247, 246265, 3101);

INSERT INTO  sea_dist(from_port, to_port, sea_dist)
VALUES
  (23247, 216593, 4795);

INSERT INTO  sea_dist(from_port, to_port, sea_dist)
VALUES
  (23247, 17386, 1831);

INSERT INTO  sea_dist(from_port, to_port, sea_dist)
VALUES
  (23247, 26147, 585);

INSERT INTO  sea_dist(from_port, to_port, sea_dist)
VALUES
  (23247, 23448, 2059);

INSERT INTO  sea_dist(from_port, to_port, sea_dist)
VALUES
  (23247, 30045, 6135);

INSERT INTO  sea_dist(from_port, to_port, sea_dist)
VALUES
  (23247, 14459, 3312);

INSERT INTO  sea_dist(from_port, to_port, sea_dist)
VALUES
  (23247, 216592, 4756);

INSERT INTO  sea_dist(from_port, to_port, sea_dist)
VALUES
  (23247, 213737, 3507);

INSERT INTO  sea_dist(from_port, to_port, sea_dist)
VALUES
  (23247, 23495, 2351);

INSERT INTO  sea_dist(from_port, to_port, sea_dist)
VALUES
  (23247, 14470, 3436);

INSERT INTO  sea_dist(from_port, to_port, sea_dist)
VALUES
  (23247, 12543, 920);

INSERT INTO  sea_dist(from_port, to_port, sea_dist)
VALUES
  (23247, 13610, 3892);

INSERT INTO  sea_dist(from_port, to_port, sea_dist)
VALUES
  (23247, 24795, 2960);

INSERT INTO  sea_dist(from_port, to_port, sea_dist)
VALUES
  (23247, 11771, 955);

INSERT INTO  sea_dist(from_port, to_port, sea_dist)
VALUES
  (23247, 21381, 2960);

INSERT INTO  sea_dist(from_port, to_port, sea_dist)
VALUES
  (23247, 13012, 885);

INSERT INTO  sea_dist(from_port, to_port, sea_dist)
VALUES
  (23247, 29002, 648);

INSERT INTO  sea_dist(from_port, to_port, sea_dist)
VALUES
  (23247, 29239, 146);

INSERT INTO  sea_dist(from_port, to_port, sea_dist)
VALUES
  (23247, 14635, 7707);

INSERT INTO  sea_dist(from_port, to_port, sea_dist)
VALUES
  (23247, 20512, 538);

INSERT INTO  sea_dist(from_port, to_port, sea_dist)
VALUES
  (23247, 19974, 4376);

INSERT INTO  sea_dist(from_port, to_port, sea_dist)
VALUES
  (23247, 10860, 6570);

INSERT INTO  sea_dist(from_port, to_port, sea_dist)
VALUES
  (23247, 22522, 3277);

INSERT INTO  sea_dist(from_port, to_port, sea_dist)
VALUES
  (23247, 17941, 6199);

INSERT INTO  sea_dist(from_port, to_port, sea_dist)
VALUES
  (23247, 27728, 1180);

INSERT INTO  sea_dist(from_port, to_port, sea_dist)
VALUES
  (23247, 25007, 3345);

INSERT INTO  sea_dist(from_port, to_port, sea_dist)
VALUES
  (23247, 22770, 2960);

INSERT INTO  sea_dist(from_port, to_port, sea_dist)
VALUES
  (23247, 13756, 3803);

INSERT INTO  sea_dist(from_port, to_port, sea_dist)
VALUES
  (23247, 13390, 1067);

INSERT INTO  sea_dist(from_port, to_port, sea_dist)
VALUES
  (23247, 18454, 1345);

INSERT INTO  sea_dist(from_port, to_port, sea_dist)
VALUES
  (23247, 21206, 1076);

INSERT INTO  sea_dist(from_port, to_port, sea_dist)
VALUES
  (23247, 18937, 1703);

INSERT INTO  sea_dist(from_port, to_port, sea_dist)
VALUES
  (228264, 10358, 3168);

INSERT INTO  sea_dist(from_port, to_port, sea_dist)
VALUES
  (228264, 246265, 738);

INSERT INTO  sea_dist(from_port, to_port, sea_dist)
VALUES
  (228264, 19057, 2646);

INSERT INTO  sea_dist(from_port, to_port, sea_dist)
VALUES
  (228264, 21863, 448);

INSERT INTO  sea_dist(from_port, to_port, sea_dist)
VALUES
  (228264, 14113, 6847);

INSERT INTO  sea_dist(from_port, to_port, sea_dist)
VALUES
  (228264, 216593, 5644);

INSERT INTO  sea_dist(from_port, to_port, sea_dist)
VALUES
  (228264, 17386, 932);

INSERT INTO  sea_dist(from_port, to_port, sea_dist)
VALUES
  (228264, 18137, 1339);

INSERT INTO  sea_dist(from_port, to_port, sea_dist)
VALUES
  (228264, 26147, 3092);

INSERT INTO  sea_dist(from_port, to_port, sea_dist)
VALUES
  (228264, 23448, 550);

INSERT INTO  sea_dist(from_port, to_port, sea_dist)
VALUES
  (228264, 20826, 879);

INSERT INTO  sea_dist(from_port, to_port, sea_dist)
VALUES
  (228264, 18012, 2222);

INSERT INTO  sea_dist(from_port, to_port, sea_dist)
VALUES
  (228264, 28261, 5998);

INSERT INTO  sea_dist(from_port, to_port, sea_dist)
VALUES
  (228264, 26670, 6569);

INSERT INTO  sea_dist(from_port, to_port, sea_dist)
VALUES
  (228264, 30045, 6984);

INSERT INTO  sea_dist(from_port, to_port, sea_dist)
VALUES
  (228264, 28313, 5379);

INSERT INTO  sea_dist(from_port, to_port, sea_dist)
VALUES
  (228264, 14459, 949);

INSERT INTO  sea_dist(from_port, to_port, sea_dist)
VALUES
  (228264, 10563, 3192);

INSERT INTO  sea_dist(from_port, to_port, sea_dist)
VALUES
  (228264, 216592, 5605);

INSERT INTO  sea_dist(from_port, to_port, sea_dist)
VALUES
  (228264, 15107, 6385);

INSERT INTO  sea_dist(from_port, to_port, sea_dist)
VALUES
  (228264, 29749, 2476);

INSERT INTO  sea_dist(from_port, to_port, sea_dist)
VALUES
  (228264, 18326, 2542);

INSERT INTO  sea_dist(from_port, to_port, sea_dist)
VALUES
  (228264, 14226, 6124);

INSERT INTO  sea_dist(from_port, to_port, sea_dist)
VALUES
  (228264, 213737, 1144);

INSERT INTO  sea_dist(from_port, to_port, sea_dist)
VALUES
  (228264, 23428, 1888);

INSERT INTO  sea_dist(from_port, to_port, sea_dist)
VALUES
  (228264, 23495, 598);

INSERT INTO  sea_dist(from_port, to_port, sea_dist)
VALUES
  (228264, 14470, 1073);

INSERT INTO  sea_dist(from_port, to_port, sea_dist)
VALUES
  (228264, 12543, 3458);

INSERT INTO  sea_dist(from_port, to_port, sea_dist)
VALUES
  (228264, 11174, 743);

INSERT INTO  sea_dist(from_port, to_port, sea_dist)
VALUES
  (228264, 13610, 4703);

INSERT INTO  sea_dist(from_port, to_port, sea_dist)
VALUES
  (228264, 29876, 6481);

INSERT INTO  sea_dist(from_port, to_port, sea_dist)
VALUES
  (228264, 22226, 3994);

INSERT INTO  sea_dist(from_port, to_port, sea_dist)
VALUES
  (228264, 224858, 2894);

INSERT INTO  sea_dist(from_port, to_port, sea_dist)
VALUES
  (228264, 16485, 3742);

INSERT INTO  sea_dist(from_port, to_port, sea_dist)
VALUES
  (228264, 18433, 2404);

INSERT INTO  sea_dist(from_port, to_port, sea_dist)
VALUES
  (228264, 24795, 431);

INSERT INTO  sea_dist(from_port, to_port, sea_dist)
VALUES
  (228264, 11771, 3493);

INSERT INTO  sea_dist(from_port, to_port, sea_dist)
VALUES
  (228264, 21381, 431);

INSERT INTO  sea_dist(from_port, to_port, sea_dist)
VALUES
  (228264, 16737, 3797);

INSERT INTO  sea_dist(from_port, to_port, sea_dist)
VALUES
  (228264, 10136, 882);

INSERT INTO  sea_dist(from_port, to_port, sea_dist)
VALUES
  (228264, 13012, 1734);

INSERT INTO  sea_dist(from_port, to_port, sea_dist)
VALUES
  (228264, 29002, 2546);

INSERT INTO  sea_dist(from_port, to_port, sea_dist)
VALUES
  (228264, 29239, 2600);

INSERT INTO  sea_dist(from_port, to_port, sea_dist)
VALUES
  (228264, 14635, 8556);

INSERT INTO  sea_dist(from_port, to_port, sea_dist)
VALUES
  (228264, 20512, 3076);

INSERT INTO  sea_dist(from_port, to_port, sea_dist)
VALUES
  (228264, 14277, 7369);

INSERT INTO  sea_dist(from_port, to_port, sea_dist)
VALUES
  (228264, 19974, 5165);

INSERT INTO  sea_dist(from_port, to_port, sea_dist)
VALUES
  (228264, 10860, 7419);

INSERT INTO  sea_dist(from_port, to_port, sea_dist)
VALUES
  (228264, 22522, 920);

INSERT INTO  sea_dist(from_port, to_port, sea_dist)
VALUES
  (228264, 21457, 771);

INSERT INTO  sea_dist(from_port, to_port, sea_dist)
VALUES
  (228264, 17941, 6472);

INSERT INTO  sea_dist(from_port, to_port, sea_dist)
VALUES
  (228264, 27728, 3688);

INSERT INTO  sea_dist(from_port, to_port, sea_dist)
VALUES
  (228264, 25007, 4493);

INSERT INTO  sea_dist(from_port, to_port, sea_dist)
VALUES
  (228264, 21852, 440);

INSERT INTO  sea_dist(from_port, to_port, sea_dist)
VALUES
  (228264, 22770, 431);

INSERT INTO  sea_dist(from_port, to_port, sea_dist)
VALUES
  (228264, 18476, 2262);

INSERT INTO  sea_dist(from_port, to_port, sea_dist)
VALUES
  (228264, 18682, 1356);

INSERT INTO  sea_dist(from_port, to_port, sea_dist)
VALUES
  (228264, 28781, 5738);

INSERT INTO  sea_dist(from_port, to_port, sea_dist)
VALUES
  (228264, 29973, 6533);

INSERT INTO  sea_dist(from_port, to_port, sea_dist)
VALUES
  (228264, 24951, 395);

INSERT INTO  sea_dist(from_port, to_port, sea_dist)
VALUES
  (228264, 20301, 6178);

INSERT INTO  sea_dist(from_port, to_port, sea_dist)
VALUES
  (228264, 20072, 3301);

INSERT INTO  sea_dist(from_port, to_port, sea_dist)
VALUES
  (228264, 20351, 4792);

INSERT INTO  sea_dist(from_port, to_port, sea_dist)
VALUES
  (228264, 13756, 4634);

INSERT INTO  sea_dist(from_port, to_port, sea_dist)
VALUES
  (228264, 27792, 8446);

INSERT INTO  sea_dist(from_port, to_port, sea_dist)
VALUES
  (228264, 27248, 5657);

INSERT INTO  sea_dist(from_port, to_port, sea_dist)
VALUES
  (228264, 13390, 1564);

INSERT INTO  sea_dist(from_port, to_port, sea_dist)
VALUES
  (228264, 15990, 699);

INSERT INTO  sea_dist(from_port, to_port, sea_dist)
VALUES
  (228264, 21556, 271);

INSERT INTO  sea_dist(from_port, to_port, sea_dist)
VALUES
  (228264, 18454, 3883);

INSERT INTO  sea_dist(from_port, to_port, sea_dist)
VALUES
  (228264, 21206, 3614);

INSERT INTO  sea_dist(from_port, to_port, sea_dist)
VALUES
  (228264, 18867, 3721);

INSERT INTO  sea_dist(from_port, to_port, sea_dist)
VALUES
  (228264, 18937, 1020);

INSERT INTO  sea_dist(from_port, to_port, sea_dist)
VALUES
  (228264, 28082, 8259);

INSERT INTO  sea_dist(from_port, to_port, sea_dist)
VALUES
  (228264, 25350, 9665);

INSERT INTO  sea_dist(from_port, to_port, sea_dist)
VALUES
  (228264, 20847, 902);

INSERT INTO  sea_dist(from_port, to_port, sea_dist)
VALUES
  (228264, 13176, 451);

INSERT INTO  sea_dist(from_port, to_port, sea_dist)
VALUES
  (228264, 21451, 6099);

INSERT INTO  sea_dist(from_port, to_port, sea_dist)
VALUES
  (228264, 23247, 2596);

INSERT INTO  sea_dist(from_port, to_port, sea_dist)
VALUES
  (228264, 19473, 2575);

INSERT INTO  sea_dist(from_port, to_port, sea_dist)
VALUES
  (18200, 10358, 3168);

INSERT INTO  sea_dist(from_port, to_port, sea_dist)
VALUES
  (18200, 246265, 738);

INSERT INTO  sea_dist(from_port, to_port, sea_dist)
VALUES
  (18200, 19057, 2646);

INSERT INTO  sea_dist(from_port, to_port, sea_dist)
VALUES
  (18200, 21863, 448);

INSERT INTO  sea_dist(from_port, to_port, sea_dist)
VALUES
  (18200, 14113, 6847);

INSERT INTO  sea_dist(from_port, to_port, sea_dist)
VALUES
  (18200, 216593, 5644);

INSERT INTO  sea_dist(from_port, to_port, sea_dist)
VALUES
  (18200, 17386, 932);

INSERT INTO  sea_dist(from_port, to_port, sea_dist)
VALUES
  (18200, 18137, 1339);

INSERT INTO  sea_dist(from_port, to_port, sea_dist)
VALUES
  (18200, 26147, 3092);

INSERT INTO  sea_dist(from_port, to_port, sea_dist)
VALUES
  (18200, 23448, 550);

INSERT INTO  sea_dist(from_port, to_port, sea_dist)
VALUES
  (18200, 20826, 879);

INSERT INTO  sea_dist(from_port, to_port, sea_dist)
VALUES
  (18200, 18012, 2222);

INSERT INTO  sea_dist(from_port, to_port, sea_dist)
VALUES
  (18200, 28261, 5998);

INSERT INTO  sea_dist(from_port, to_port, sea_dist)
VALUES
  (18200, 26670, 6569);

INSERT INTO  sea_dist(from_port, to_port, sea_dist)
VALUES
  (18200, 30045, 6984);

INSERT INTO  sea_dist(from_port, to_port, sea_dist)
VALUES
  (18200, 28313, 5379);

INSERT INTO  sea_dist(from_port, to_port, sea_dist)
VALUES
  (18200, 14459, 949);

INSERT INTO  sea_dist(from_port, to_port, sea_dist)
VALUES
  (18200, 10563, 3192);

INSERT INTO  sea_dist(from_port, to_port, sea_dist)
VALUES
  (18200, 216592, 5605);

INSERT INTO  sea_dist(from_port, to_port, sea_dist)
VALUES
  (18200, 15107, 6385);

INSERT INTO  sea_dist(from_port, to_port, sea_dist)
VALUES
  (18200, 29749, 2476);

INSERT INTO  sea_dist(from_port, to_port, sea_dist)
VALUES
  (18200, 18326, 2542);

INSERT INTO  sea_dist(from_port, to_port, sea_dist)
VALUES
  (18200, 14226, 6124);

INSERT INTO  sea_dist(from_port, to_port, sea_dist)
VALUES
  (18200, 213737, 1144);

INSERT INTO  sea_dist(from_port, to_port, sea_dist)
VALUES
  (18200, 23428, 1888);

INSERT INTO  sea_dist(from_port, to_port, sea_dist)
VALUES
  (18200, 23495, 598);

INSERT INTO  sea_dist(from_port, to_port, sea_dist)
VALUES
  (18200, 14470, 1073);

INSERT INTO  sea_dist(from_port, to_port, sea_dist)
VALUES
  (18200, 12543, 3458);

INSERT INTO  sea_dist(from_port, to_port, sea_dist)
VALUES
  (18200, 11174, 743);

INSERT INTO  sea_dist(from_port, to_port, sea_dist)
VALUES
  (18200, 13610, 4703);

INSERT INTO  sea_dist(from_port, to_port, sea_dist)
VALUES
  (18200, 29876, 6481);

INSERT INTO  sea_dist(from_port, to_port, sea_dist)
VALUES
  (18200, 22226, 3994);

INSERT INTO  sea_dist(from_port, to_port, sea_dist)
VALUES
  (18200, 224858, 2894);

INSERT INTO  sea_dist(from_port, to_port, sea_dist)
VALUES
  (18200, 16485, 3742);

INSERT INTO  sea_dist(from_port, to_port, sea_dist)
VALUES
  (18200, 18433, 2404);

INSERT INTO  sea_dist(from_port, to_port, sea_dist)
VALUES
  (18200, 24795, 431);

INSERT INTO  sea_dist(from_port, to_port, sea_dist)
VALUES
  (18200, 11771, 3493);

INSERT INTO  sea_dist(from_port, to_port, sea_dist)
VALUES
  (18200, 21381, 431);

INSERT INTO  sea_dist(from_port, to_port, sea_dist)
VALUES
  (18200, 16737, 3797);

INSERT INTO  sea_dist(from_port, to_port, sea_dist)
VALUES
  (18200, 10136, 882);

INSERT INTO  sea_dist(from_port, to_port, sea_dist)
VALUES
  (18200, 13012, 1734);

INSERT INTO  sea_dist(from_port, to_port, sea_dist)
VALUES
  (18200, 29002, 2546);

INSERT INTO  sea_dist(from_port, to_port, sea_dist)
VALUES
  (18200, 29239, 2600);

INSERT INTO  sea_dist(from_port, to_port, sea_dist)
VALUES
  (18200, 14635, 8556);

INSERT INTO  sea_dist(from_port, to_port, sea_dist)
VALUES
  (18200, 20512, 3076);

INSERT INTO  sea_dist(from_port, to_port, sea_dist)
VALUES
  (18200, 14277, 7369);

INSERT INTO  sea_dist(from_port, to_port, sea_dist)
VALUES
  (18200, 19974, 5165);

INSERT INTO  sea_dist(from_port, to_port, sea_dist)
VALUES
  (18200, 10860, 7419);

INSERT INTO  sea_dist(from_port, to_port, sea_dist)
VALUES
  (18200, 22522, 920);

INSERT INTO  sea_dist(from_port, to_port, sea_dist)
VALUES
  (18200, 21457, 771);

INSERT INTO  sea_dist(from_port, to_port, sea_dist)
VALUES
  (18200, 17941, 6472);

INSERT INTO  sea_dist(from_port, to_port, sea_dist)
VALUES
  (18200, 27728, 3688);

INSERT INTO  sea_dist(from_port, to_port, sea_dist)
VALUES
  (18200, 25007, 4493);

INSERT INTO  sea_dist(from_port, to_port, sea_dist)
VALUES
  (18200, 21852, 440);

INSERT INTO  sea_dist(from_port, to_port, sea_dist)
VALUES
  (18200, 22770, 431);

INSERT INTO  sea_dist(from_port, to_port, sea_dist)
VALUES
  (18200, 18476, 2262);

INSERT INTO  sea_dist(from_port, to_port, sea_dist)
VALUES
  (18200, 18682, 1356);

INSERT INTO  sea_dist(from_port, to_port, sea_dist)
VALUES
  (18200, 28781, 5738);

INSERT INTO  sea_dist(from_port, to_port, sea_dist)
VALUES
  (18200, 29973, 6533);

INSERT INTO  sea_dist(from_port, to_port, sea_dist)
VALUES
  (18200, 24951, 395);

INSERT INTO  sea_dist(from_port, to_port, sea_dist)
VALUES
  (18200, 20301, 6178);

INSERT INTO  sea_dist(from_port, to_port, sea_dist)
VALUES
  (18200, 20072, 3301);

INSERT INTO  sea_dist(from_port, to_port, sea_dist)
VALUES
  (18200, 20351, 4792);

INSERT INTO  sea_dist(from_port, to_port, sea_dist)
VALUES
  (18200, 13756, 4634);

INSERT INTO  sea_dist(from_port, to_port, sea_dist)
VALUES
  (18200, 27792, 8446);

INSERT INTO  sea_dist(from_port, to_port, sea_dist)
VALUES
  (18200, 27248, 5657);

INSERT INTO  sea_dist(from_port, to_port, sea_dist)
VALUES
  (18200, 13390, 1564);

INSERT INTO  sea_dist(from_port, to_port, sea_dist)
VALUES
  (18200, 15990, 699);

INSERT INTO  sea_dist(from_port, to_port, sea_dist)
VALUES
  (18200, 21556, 271);

INSERT INTO  sea_dist(from_port, to_port, sea_dist)
VALUES
  (18200, 18454, 3883);

INSERT INTO  sea_dist(from_port, to_port, sea_dist)
VALUES
  (18200, 21206, 3614);

INSERT INTO  sea_dist(from_port, to_port, sea_dist)
VALUES
  (18200, 18867, 3721);

INSERT INTO  sea_dist(from_port, to_port, sea_dist)
VALUES
  (18200, 18937, 1020);

INSERT INTO  sea_dist(from_port, to_port, sea_dist)
VALUES
  (18200, 28082, 8259);

INSERT INTO  sea_dist(from_port, to_port, sea_dist)
VALUES
  (18200, 25350, 9665);

INSERT INTO  sea_dist(from_port, to_port, sea_dist)
VALUES
  (18200, 20847, 902);

INSERT INTO  sea_dist(from_port, to_port, sea_dist)
VALUES
  (18200, 13176, 451);

INSERT INTO  sea_dist(from_port, to_port, sea_dist)
VALUES
  (18200, 21451, 6099);

INSERT INTO  sea_dist(from_port, to_port, sea_dist)
VALUES
  (18200, 23247, 2596);

INSERT INTO  sea_dist(from_port, to_port, sea_dist)
VALUES
  (18200, 19473, 2575);

INSERT INTO  sea_dist(from_port, to_port, sea_dist)
VALUES
  (19473, 10358, 627);

INSERT INTO  sea_dist(from_port, to_port, sea_dist)
VALUES
  (19473, 246265, 3080);

INSERT INTO  sea_dist(from_port, to_port, sea_dist)
VALUES
  (19473, 21863, 2784);

INSERT INTO  sea_dist(from_port, to_port, sea_dist)
VALUES
  (19473, 216593, 4774);

INSERT INTO  sea_dist(from_port, to_port, sea_dist)
VALUES
  (19473, 17386, 1810);

INSERT INTO  sea_dist(from_port, to_port, sea_dist)
VALUES
  (19473, 18137, 3681);

INSERT INTO  sea_dist(from_port, to_port, sea_dist)
VALUES
  (19473, 26147, 577);

INSERT INTO  sea_dist(from_port, to_port, sea_dist)
VALUES
  (19473, 23448, 2038);

INSERT INTO  sea_dist(from_port, to_port, sea_dist)
VALUES
  (19473, 20826, 3221);

INSERT INTO  sea_dist(from_port, to_port, sea_dist)
VALUES
  (19473, 18012, 411);

INSERT INTO  sea_dist(from_port, to_port, sea_dist)
VALUES
  (19473, 28261, 5128);

INSERT INTO  sea_dist(from_port, to_port, sea_dist)
VALUES
  (19473, 30045, 6114);

INSERT INTO  sea_dist(from_port, to_port, sea_dist)
VALUES
  (19473, 28313, 4520);

INSERT INTO  sea_dist(from_port, to_port, sea_dist)
VALUES
  (19473, 14459, 3291);

INSERT INTO  sea_dist(from_port, to_port, sea_dist)
VALUES
  (19473, 10563, 651);

INSERT INTO  sea_dist(from_port, to_port, sea_dist)
VALUES
  (19473, 216592, 4735);

INSERT INTO  sea_dist(from_port, to_port, sea_dist)
VALUES
  (19473, 15107, 5515);

INSERT INTO  sea_dist(from_port, to_port, sea_dist)
VALUES
  (19473, 29749, 562);

INSERT INTO  sea_dist(from_port, to_port, sea_dist)
VALUES
  (19473, 18326, 76);

INSERT INTO  sea_dist(from_port, to_port, sea_dist)
VALUES
  (19473, 14226, 5254);

INSERT INTO  sea_dist(from_port, to_port, sea_dist)
VALUES
  (19473, 213737, 3486);

INSERT INTO  sea_dist(from_port, to_port, sea_dist)
VALUES
  (19473, 23428, 1465);

INSERT INTO  sea_dist(from_port, to_port, sea_dist)
VALUES
  (19473, 23495, 2330);

INSERT INTO  sea_dist(from_port, to_port, sea_dist)
VALUES
  (19473, 14470, 3415);

INSERT INTO  sea_dist(from_port, to_port, sea_dist)
VALUES
  (19473, 12543, 917);

INSERT INTO  sea_dist(from_port, to_port, sea_dist)
VALUES
  (19473, 11174, 2142);

INSERT INTO  sea_dist(from_port, to_port, sea_dist)
VALUES
  (19473, 13610, 3871);

INSERT INTO  sea_dist(from_port, to_port, sea_dist)
VALUES
  (19473, 29876, 5611);

INSERT INTO  sea_dist(from_port, to_port, sea_dist)
VALUES
  (19473, 22226, 2716);

INSERT INTO  sea_dist(from_port, to_port, sea_dist)
VALUES
  (19473, 224858, 347);

INSERT INTO  sea_dist(from_port, to_port, sea_dist)
VALUES
  (19473, 16485, 1201);

INSERT INTO  sea_dist(from_port, to_port, sea_dist)
VALUES
  (19473, 24795, 2939);

INSERT INTO  sea_dist(from_port, to_port, sea_dist)
VALUES
  (19473, 11771, 952);

INSERT INTO  sea_dist(from_port, to_port, sea_dist)
VALUES
  (19473, 21381, 2939);

INSERT INTO  sea_dist(from_port, to_port, sea_dist)
VALUES
  (19473, 16737, 1256);

INSERT INTO  sea_dist(from_port, to_port, sea_dist)
VALUES
  (19473, 10136, 3216);

INSERT INTO  sea_dist(from_port, to_port, sea_dist)
VALUES
  (19473, 13012, 864);

INSERT INTO  sea_dist(from_port, to_port, sea_dist)
VALUES
  (19473, 29002, 627);

INSERT INTO  sea_dist(from_port, to_port, sea_dist)
VALUES
  (19473, 29239, 124);

INSERT INTO  sea_dist(from_port, to_port, sea_dist)
VALUES
  (19473, 14635, 7686);

INSERT INTO  sea_dist(from_port, to_port, sea_dist)
VALUES
  (19473, 20512, 535);

INSERT INTO  sea_dist(from_port, to_port, sea_dist)
VALUES
  (19473, 14277, 6499);

INSERT INTO  sea_dist(from_port, to_port, sea_dist)
VALUES
  (19473, 19974, 4355);

INSERT INTO  sea_dist(from_port, to_port, sea_dist)
VALUES
  (19473, 10860, 6549);

INSERT INTO  sea_dist(from_port, to_port, sea_dist)
VALUES
  (19473, 22522, 3256);

INSERT INTO  sea_dist(from_port, to_port, sea_dist)
VALUES
  (19473, 21457, 2064);

INSERT INTO  sea_dist(from_port, to_port, sea_dist)
VALUES
  (19473, 17941, 6178);

INSERT INTO  sea_dist(from_port, to_port, sea_dist)
VALUES
  (19473, 27728, 1170);

INSERT INTO  sea_dist(from_port, to_port, sea_dist)
VALUES
  (19473, 25007, 3324);

INSERT INTO  sea_dist(from_port, to_port, sea_dist)
VALUES
  (19473, 21852, 2776);

INSERT INTO  sea_dist(from_port, to_port, sea_dist)
VALUES
  (19473, 22770, 2939);

INSERT INTO  sea_dist(from_port, to_port, sea_dist)
VALUES
  (19473, 18682, 3698);

INSERT INTO  sea_dist(from_port, to_port, sea_dist)
VALUES
  (19473, 28781, 4819);

INSERT INTO  sea_dist(from_port, to_port, sea_dist)
VALUES
  (19473, 29973, 5663);

INSERT INTO  sea_dist(from_port, to_port, sea_dist)
VALUES
  (19473, 24951, 2903);

INSERT INTO  sea_dist(from_port, to_port, sea_dist)
VALUES
  (19473, 20301, 5885);

INSERT INTO  sea_dist(from_port, to_port, sea_dist)
VALUES
  (19473, 20072, 760);

INSERT INTO  sea_dist(from_port, to_port, sea_dist)
VALUES
  (19473, 20351, 4492);

INSERT INTO  sea_dist(from_port, to_port, sea_dist)
VALUES
  (19473, 13756, 3782);

INSERT INTO  sea_dist(from_port, to_port, sea_dist)
VALUES
  (19473, 27792, 7576);

INSERT INTO  sea_dist(from_port, to_port, sea_dist)
VALUES
  (19473, 27248, 5364);

INSERT INTO  sea_dist(from_port, to_port, sea_dist)
VALUES
  (19473, 13390, 1046);

INSERT INTO  sea_dist(from_port, to_port, sea_dist)
VALUES
  (19473, 21556, 2783);

INSERT INTO  sea_dist(from_port, to_port, sea_dist)
VALUES
  (19473, 18454, 1342);

INSERT INTO  sea_dist(from_port, to_port, sea_dist)
VALUES
  (19473, 21206, 1073);

INSERT INTO  sea_dist(from_port, to_port, sea_dist)
VALUES
  (19473, 18867, 1180);

INSERT INTO  sea_dist(from_port, to_port, sea_dist)
VALUES
  (19473, 18937, 1682);

INSERT INTO  sea_dist(from_port, to_port, sea_dist)
VALUES
  (19473, 28082, 7389);

INSERT INTO  sea_dist(from_port, to_port, sea_dist)
VALUES
  (19473, 25350, 8795);

INSERT INTO  sea_dist(from_port, to_port, sea_dist)
VALUES
  (19473, 20847, 3244);

INSERT INTO  sea_dist(from_port, to_port, sea_dist)
VALUES
  (19473, 13176, 2959);

INSERT INTO  sea_dist(from_port, to_port, sea_dist)
VALUES
  (19473, 21451, 5038);

INSERT INTO  sea_dist(from_port, to_port, sea_dist)
VALUES
  (19473, 23247, 37);

INSERT INTO  sea_dist(from_port, to_port, sea_dist)
VALUES
  (11180, 26147, 887);

--inserted 78 ports


insert into ship (mmsi, vesseltypeid, imo, callsign, shipname, currentcapacity, draft, length, width) values (210950000, 70, 'IMO9395044', 'C4SQ2', 'VARAMO', 'NA', 9.5, 166, 25);
insert into ship (mmsi, vesseltypeid, imo, callsign, shipname, currentcapacity, draft, length, width) values (212180000, 70, 'IMO9643544', '5BBA4', 'SAITA I', 'NA', 14.4, 228, 32);
insert into ship (mmsi, vesseltypeid, imo, callsign, shipname, currentcapacity, draft, length, width) values (212351000, 70, 'IMO9305685', '5BZP3', 'HYUNDAI SINGAPORE', '79', 14.5, 303, 40);
insert into ship (mmsi, vesseltypeid, imo, callsign, shipname, currentcapacity, draft, length, width) values (228339600, 70, 'IMO9450648', 'FLSU', 'CMA CGM ALMAVIVA', '79', 15, 334, 42);
insert into ship (mmsi, vesseltypeid, imo, callsign, shipname, currentcapacity, draft, length, width) values (229767000, 80, 'IMO9645970', '9HA3589', 'ARCTIC AURORA', 'NA', 12.5, 288, 44);
insert into ship (mmsi, vesseltypeid, imo, callsign, shipname, currentcapacity, draft, length, width) values (229961000, 70, 'IMO9700122', '9HA3752', 'ARABELLA', 'NA', 13.3, 199, 32);
insert into ship (mmsi, vesseltypeid, imo, callsign, shipname, currentcapacity, draft, length, width) values (235092459, 90, 'IMO9517575', '2FMJ5', 'STENA ICEMAX', 'NA', 12, 227, 42);
insert into ship (mmsi, vesseltypeid, imo, callsign, shipname, currentcapacity, draft, length, width) values (249047000, 60, 'IMO9192387', '9HJC9', 'CELEBRITY SUMMIT', 'NA', 8, 294, 32);
insert into ship (mmsi, vesseltypeid, imo, callsign, shipname, currentcapacity, draft, length, width) values (256304000, 70, 'IMO9344564', '9HA3880', 'OREGON TRADER', 'NA', 11.4, 211, 29);
insert into ship (mmsi, vesseltypeid, imo, callsign, shipname, currentcapacity, draft, length, width) values (256888000, 70, 'IMO9473028', '9HA2954', 'CMA CGM MELISANDE', '70', 14.7, 334, 42);
insert into ship (mmsi, vesseltypeid, imo, callsign, shipname, currentcapacity, draft, length, width) values (257881000, 70, 'IMO9701920', 'LATO7', 'SPAR ARIES', 'NA', 13.3, 199, 32);
insert into ship (mmsi, vesseltypeid, imo, callsign, shipname, currentcapacity, draft, length, width) values (258692000, 80, 'IMO9321677', 'LAJB6', 'KRONVIKEN', 'NA', 14.9, 248, 43);
insert into ship (mmsi, vesseltypeid, imo, callsign, shipname, currentcapacity, draft, length, width) values (258692000, 80, 'IMO9321677', 'LAJB6', 'KRONVIKEN', 'NA', 14.9, 248, 43);
insert into ship (mmsi, vesseltypeid, imo, callsign, shipname, currentcapacity, draft, length, width) values (303221000, 30, 'IMO7819216', 'WDG5171', 'ARCTIC SEA', 'NA', 3, 37, 9);
insert into ship (mmsi, vesseltypeid, imo, callsign, shipname, currentcapacity, draft, length, width) values (303267000, 60, 'IMO6421086', 'WNGW', 'TUSTUMENA', 'NA', 4.4, 89, 18);
insert into ship (mmsi, vesseltypeid, imo, callsign, shipname, currentcapacity, draft, length, width) values (305176000, 70, 'IMO9344394', 'V2DD5', 'CELIA', '70', 5.6, 100, 15);
insert into ship (mmsi, vesseltypeid, imo, callsign, shipname, currentcapacity, draft, length, width) values (305373000, 70, 'IMO9488645', 'V2EB3', 'BOREAS', 'NA', 7, 116, 18);
insert into ship (mmsi, vesseltypeid, imo, callsign, shipname, currentcapacity, draft, length, width) values (636019825, 79, 'IMO9222285', 'D5WI6', 'CONTI LYON', '79', 9.2, 300, 40);
insert into ship (mmsi, vesseltypeid, imo, callsign, shipname, currentcapacity, draft, length, width) values (636091400, 70, 'IMO9373486', 'A8ND5', 'RHL AGILITAS', '71', 10.9, 176, 27);
insert into ship (mmsi, vesseltypeid, imo, callsign, shipname, currentcapacity, draft, length, width) values (636092932, 79, 'IMO9225641', 'D5VK6', 'MSC ILONA', '79', 11.8, 299, 40);

-- 20 ships inserted

--insert into shipposition (basedatetime, latitude, longitude, mmsi, sog, cog, heading, transceiver) values ( 31/12/2020 17:19 , 42.97875, -66.97001, 210950000, 12.9, 13.1, 355,  B );
--insert into shipposition (basedatetime, latitude, longitude, mmsi, sog, cog, heading, transceiver) values ( 31/12/2020 17:03 , 42.92236, -66.97243, 210950000, 12.5, 2.4, 358,  B );
--insert into shipposition (basedatetime, latitude, longitude, mmsi, sog, cog, heading, transceiver) values ( 31/12/2020 16:20 , 42.7698, -66.9759, 210950000, 13.3, 3.7, 356,  B );
--insert into shipposition (basedatetime, latitude, longitude, mmsi, sog, cog, heading, transceiver) values ( 31/12/2020 17:16 , 42.96912, -66.97061, 210950000, 12.7, -55.4, 358,  B );
--insert into shipposition (basedatetime, latitude, longitude, mmsi, sog, cog, heading, transceiver) values ( 31/12/2020 17:13 , 42.95969, -66.97106, 210950000, 12.9, 8.1, 358,  B );
--insert into shipposition (basedatetime, latitude, longitude, mmsi, sog, cog, heading, transceiver) values ( 31/12/2020 16:34 , 42.82021, -66.9758, 210950000, 13, -55, 356,  A );
--insert into shipposition (basedatetime, latitude, longitude, mmsi, sog, cog, heading, transceiver) values ( 31/12/2020 16:40 , 42.84366, -66.97571, 210950000, 13, -49.7, 356,  B );
--insert into shipposition (basedatetime, latitude, longitude, mmsi, sog, cog, heading, transceiver) values ( 31/12/2020 16:00 , 42.69577, -66.97808, 210950000, 13.7, -54.8, 357,  B );
--insert into shipposition (basedatetime, latitude, longitude, mmsi, sog, cog, heading, transceiver) values ( 31/12/2020 17:07 , 42.93874, -66.97208, 210950000, 13.1, 2.6, 359,  B );
--insert into shipposition (basedatetime, latitude, longitude, mmsi, sog, cog, heading, transceiver) values ( 31/12/2020 16:12 , 42.73879, -66.97726, 210950000, 13.4, 3.4, 357,  B );
--insert into shipposition (basedatetime, latitude, longitude, mmsi, sog, cog, heading, transceiver) values ( 31/12/2020 17:15 , 42.96527, -66.97082, 210950000, 12.8, -58.6, 358,  B );
--insert into shipposition (basedatetime, latitude, longitude, mmsi, sog, cog, heading, transceiver) values ( 31/12/2020 16:22 , 42.77682, -66.9756, 210950000, 13.2, -53.3, 358,  B );
--insert into shipposition (basedatetime, latitude, longitude, mmsi, sog, cog, heading, transceiver) values ( 31/12/2020 17:10 , 42.94963, -66.97151, 210950000, 13.4, 16.3, 358,  B );
--insert into shipposition (basedatetime, latitude, longitude, mmsi, sog, cog, heading, transceiver) values ( 31/12/2020 16:32 , 42.81133, -66.97587, 210950000, 13.4, 10, 356,  B );
--insert into shipposition (basedatetime, latitude, longitude, mmsi, sog, cog, heading, transceiver) values ( 31/12/2020 16:16 , 42.75527, -66.97665, 210950000, 13.7, -50.5, 357,  B );
--insert into shipposition (basedatetime, latitude, longitude, mmsi, sog, cog, heading, transceiver) values ( 31/12/2020 16:04 , 42.71055, -66.97776, 210950000, 13.5, 1.4, 358,  B );
--insert into shipposition (basedatetime, latitude, longitude, mmsi, sog, cog, heading, transceiver) values ( 31/12/2020 17:33 , 43.02665, -66.97076, 210950000, 12.5, 3.6, 354,  B );
--insert into shipposition (basedatetime, latitude, longitude, mmsi, sog, cog, heading, transceiver) values ( 31/12/2020 17:09 , 42.9442, -66.97192, 210950000, 13.3, 4.2, 358,  B );
--insert into shipposition (basedatetime, latitude, longitude, mmsi, sog, cog, heading, transceiver) values ( 31/12/2020 16:57 , 42.90195, -66.97326, 210950000, 12.8, 5.9, 357,  B );
--insert into shipposition (basedatetime, latitude, longitude, mmsi, sog, cog, heading, transceiver) values ( 31/12/2020 18:31 , 43.22513, -66.96725, 210950000, 11.7, 5.5, 355,  B );
--insert into shipposition (basedatetime, latitude, longitude, mmsi, sog, cog, heading, transceiver) values ( 31/12/2020 16:15 , 42.75007, -66.97689, 210950000, 13.6, 3, 357,  B );
--insert into shipposition (basedatetime, latitude, longitude, mmsi, sog, cog, heading, transceiver) values ( 31/12/2020 16:52 , 42.8839, -66.97409, 210950000, 12.7, 2.5, 359,  B );
--insert into shipposition (basedatetime, latitude, longitude, mmsi, sog, cog, heading, transceiver) values ( 31/12/2020 16:35 , 42.82527, -66.97577, 210950000, 13.1, -50.9, 356,  B );
--insert into shipposition (basedatetime, latitude, longitude, mmsi, sog, cog, heading, transceiver) values ( 31/12/2020 16:28 , 42.7969, -66.97547, 210950000, 13, 4.2, 356,  B );
--insert into shipposition (basedatetime, latitude, longitude, mmsi, sog, cog, heading, transceiver) values ( 31/12/2020 17:20 , 42.98271, -66.97009, 210950000, 12.4, -52, 354,  B );
--insert into shipposition (basedatetime, latitude, longitude, mmsi, sog, cog, heading, transceiver) values ( 31/12/2020 19:37 , 24.34573, -85.12394, 212180000, 11.7, 119.9, 117,  A );
--insert into shipposition (basedatetime, latitude, longitude, mmsi, sog, cog, heading, transceiver) values ( 31/12/2020 21:49 , 24.14301, -84.72268, 212180000, 11.7, 116.6, 114,  B );
--insert into shipposition (basedatetime, latitude, longitude, mmsi, sog, cog, heading, transceiver) values ( 31/12/2020 20:17 , 24.28016, -85.00316, 212180000, 11.3, 120.8, 118,  B );
--insert into shipposition (basedatetime, latitude, longitude, mmsi, sog, cog, heading, transceiver) values ( 31/12/2020 21:07 , 24.20221, -84.85411, 212180000, 11.3, 116.8, 117,  A );
--insert into shipposition (basedatetime, latitude, longitude, mmsi, sog, cog, heading, transceiver) values ( 31/12/2020 22:10 , 24.11445, -84.65529, 212180000, 11.6, 113.3, 110,  B );
--insert into shipposition (basedatetime, latitude, longitude, mmsi, sog, cog, heading, transceiver) values ( 31/12/2020 23:03 , 55.09307, -167.63625, 212351000, 3.5, -61.6, 232,  B );
--insert into shipposition (basedatetime, latitude, longitude, mmsi, sog, cog, heading, transceiver) values ( 31/12/2020 00:34 , 28.30354, -88.78563, 228339600, 11.7, 129.9, 131,  B );
--insert into shipposition (basedatetime, latitude, longitude, mmsi, sog, cog, heading, transceiver) values ( 31/12/2020 02:15 , 28.08366, -88.50578, 228339600, 11.5, 131, 131,  B );
--insert into shipposition (basedatetime, latitude, longitude, mmsi, sog, cog, heading, transceiver) values ( 31/12/2020 00:25 , 28.32168, -88.81035, 228339600, 11.7, 128.3, 130,  B );
--insert into shipposition (basedatetime, latitude, longitude, mmsi, sog, cog, heading, transceiver) values ( 31/12/2020 00:20 , 28.33263, -88.82491, 228339600, 11.8, 129.5, 131,  B );
--insert into shipposition (basedatetime, latitude, longitude, mmsi, sog, cog, heading, transceiver) values ( 31/12/2020 01:22 , 28.19854, -88.65058, 228339600, 11.7, 130.3, 131,  B );
--insert into shipposition (basedatetime, latitude, longitude, mmsi, sog, cog, heading, transceiver) values ( 31/12/2020 03:47 , 27.89788, -88.25001, 228339600, 11.7, 128.4, 129,  B );
--insert into shipposition (basedatetime, latitude, longitude, mmsi, sog, cog, heading, transceiver) values ( 31/12/2020 01:24 , 28.19528, -88.64645, 228339600, 11.7, 130.8, 131,  B );
--insert into shipposition (basedatetime, latitude, longitude, mmsi, sog, cog, heading, transceiver) values ( 31/12/2020 00:16 , 28.34134, -88.83706, 228339600, 11.9, 126.9, 129,  B );
--insert into shipposition (basedatetime, latitude, longitude, mmsi, sog, cog, heading, transceiver) values ( 31/12/2020 03:16 , 27.95776, -88.33859, 228339600, 11.3, 128.2, 128,  B );
--insert into shipposition (basedatetime, latitude, longitude, mmsi, sog, cog, heading, transceiver) values ( 31/12/2020 00:13 , 28.3484, -88.84688, 228339600, 12, 129, 130,  B );
--insert into shipposition (basedatetime, latitude, longitude, mmsi, sog, cog, heading, transceiver) values ( 31/12/2020 00:15 , 28.34412, -88.84108, 228339600, 12, 128.3, 129,  B );
--insert into shipposition (basedatetime, latitude, longitude, mmsi, sog, cog, heading, transceiver) values ( 31/12/2020 00:11 , 28.35085, -88.85024, 228339600, 12, 127.3, 130,  B );
--insert into shipposition (basedatetime, latitude, longitude, mmsi, sog, cog, heading, transceiver) values ( 31/12/2020 00:54 , 28.26076, -88.7299, 228339600, 11.8, 131, 131,  B );
--insert into shipposition (basedatetime, latitude, longitude, mmsi, sog, cog, heading, transceiver) values ( 31/12/2020 00:18 , 28.33618, -88.82967, 228339600, 11.9, 127.8, 131,  B );
--insert into shipposition (basedatetime, latitude, longitude, mmsi, sog, cog, heading, transceiver) values ( 31/12/2020 02:30 , 28.05221, -88.46678, 228339600, 11.6, 130.9, 131,  B );
--insert into shipposition (basedatetime, latitude, longitude, mmsi, sog, cog, heading, transceiver) values ( 31/12/2020 02:06 , 28.10335, -88.53051, 228339600, 11.6, 130.5, 131,  B );
--insert into shipposition (basedatetime, latitude, longitude, mmsi, sog, cog, heading, transceiver) values ( 31/12/2020 00:00 , 28.37458, -88.88584, 228339600, 11.8, 124.6, 128,  B );
--insert into shipposition (basedatetime, latitude, longitude, mmsi, sog, cog, heading, transceiver) values ( 31/12/2020 03:56 , 27.87869, -88.22321, 228339600, 11.7, 127.9, 128,  B );
--insert into shipposition (basedatetime, latitude, longitude, mmsi, sog, cog, heading, transceiver) values ( 31/12/2020 02:29 , 28.05475, -88.46992, 228339600, 11.5, 131.1, 131,  B );
--insert into shipposition (basedatetime, latitude, longitude, mmsi, sog, cog, heading, transceiver) values ( 31/12/2020 22:03 , 26.45021, -91.84957, 229767000, 19.4, -111.4, 297,  B );
--insert into shipposition (basedatetime, latitude, longitude, mmsi, sog, cog, heading, transceiver) values ( 31/12/2020 22:01 , 26.44508, -91.83885, 229767000, 19.4, -111.7, 296,  B );
--insert into shipposition (basedatetime, latitude, longitude, mmsi, sog, cog, heading, transceiver) values ( 31/12/2020 20:00 , 26.12391, -91.18216, 229767000, 20.1, -109.7, 299,  B );
--insert into shipposition (basedatetime, latitude, longitude, mmsi, sog, cog, heading, transceiver) values ( 31/12/2020 20:02 , 26.12964, -91.19356, 229767000, 20.1, -110.9, 299,  B );
--insert into shipposition (basedatetime, latitude, longitude, mmsi, sog, cog, heading, transceiver) values ( 31/12/2020 17:02 , 17.9662, -63.14557, 229857000, 1.3, 155.3, 88,  B );
--insert into shipposition (basedatetime, latitude, longitude, mmsi, sog, cog, heading, transceiver) values ( 31/12/2020 21:17 , 17.94857, -63.14243, 229857000, 0.9, 145.9, 88,  B );
--insert into shipposition (basedatetime, latitude, longitude, mmsi, sog, cog, heading, transceiver) values ( 31/12/2020 16:47 , 17.96995, -63.14873, 229857000, 1.4, 131.9, 78,  B );
--insert into shipposition (basedatetime, latitude, longitude, mmsi, sog, cog, heading, transceiver) values ( 31/12/2020 17:08 , 17.96373, -63.14453, 229857000, 1.2, 155, 85,  B );
--insert into shipposition (basedatetime, latitude, longitude, mmsi, sog, cog, heading, transceiver) values ( 31/12/2020 17:39 , 17.95542, -63.142, 229857000, 0.9, 194.5, 78,  B );
--insert into shipposition (basedatetime, latitude, longitude, mmsi, sog, cog, heading, transceiver) values ( 31/12/2020 23:31 , 54.23188, -130.33667, 229961000, 0.1, 82.8, 0,  A );
--insert into shipposition (basedatetime, latitude, longitude, mmsi, sog, cog, heading, transceiver) values ( 31/12/2020 23:28 , 54.23184, -130.33702, 229961000, 0.1, 34.6, 0,  A );
--insert into shipposition (basedatetime, latitude, longitude, mmsi, sog, cog, heading, transceiver) values ( 31/12/2020 21:29 , 23.27468, -79.12974, 235092459, 0.2, 143.9, 111,  B );
--insert into shipposition (basedatetime, latitude, longitude, mmsi, sog, cog, heading, transceiver) values ( 31/12/2020 18:50 , 25.74779, -78.29992, 249047000, 0, -100.1, 139,  A );
--insert into shipposition (basedatetime, latitude, longitude, mmsi, sog, cog, heading, transceiver) values ( 31/12/2020 17:32 , 25.74787, -78.29997, 249047000, 0.1, 173.9, 142,  A );
--insert into shipposition (basedatetime, latitude, longitude, mmsi, sog, cog, heading, transceiver) values ( 31/12/2020 10:20 , 25.74754, -78.29966, 249047000, 0.1, -170.3, 123,  A );
--insert into shipposition (basedatetime, latitude, longitude, mmsi, sog, cog, heading, transceiver) values ( 31/12/2020 18:35 , 25.74774, -78.29988, 249047000, 0, 30, 138,  A );
--insert into shipposition (basedatetime, latitude, longitude, mmsi, sog, cog, heading, transceiver) values ( 31/12/2020 17:50 , 25.74784, -78.29996, 249047000, 0, 165.3, 142,  A );
--insert into shipposition (basedatetime, latitude, longitude, mmsi, sog, cog, heading, transceiver) values ( 31/12/2020 18:59 , 25.74774, -78.29988, 249047000, 0.1, -58, 139,  A );
--insert into shipposition (basedatetime, latitude, longitude, mmsi, sog, cog, heading, transceiver) values ( 31/12/2020 09:05 , 25.74763, -78.29975, 249047000, 0, -91.7, 130,  A );
--insert into shipposition (basedatetime, latitude, longitude, mmsi, sog, cog, heading, transceiver) values ( 31/12/2020 09:38 , 25.74757, -78.29971, 249047000, 0.1, -62.3, 124,  A );
--insert into shipposition (basedatetime, latitude, longitude, mmsi, sog, cog, heading, transceiver) values ( 31/12/2020 15:44 , 24.0902, -84.93642, 256304000, 4.8, -145.4, 259,  B );
--insert into shipposition (basedatetime, latitude, longitude, mmsi, sog, cog, heading, transceiver) values ( 31/12/2020 22:00 , 27.0003, -91.62468, 256888000, 14.8, -93.6, 314,  B );
--insert into shipposition (basedatetime, latitude, longitude, mmsi, sog, cog, heading, transceiver) values ( 31/12/2020 22:01 , 27.00352, -91.62823, 256888000, 14.7, -95.6, 314,  B );
--insert into shipposition (basedatetime, latitude, longitude, mmsi, sog, cog, heading, transceiver) values ( 31/12/2020 21:59 , 26.99882, -91.62308, 256888000, 14.7, -94.6, 315,  B );
--insert into shipposition (basedatetime, latitude, longitude, mmsi, sog, cog, heading, transceiver) values ( 31/12/2020 22:03 , 27.01087, -91.63685, 256888000, 14.7, -95.6, 314,  B );
--insert into shipposition (basedatetime, latitude, longitude, mmsi, sog, cog, heading, transceiver) values ( 31/12/2020 21:57 , 26.9937, -91.61775, 256888000, 14.8, -91.6, 316,  B );
--insert into shipposition (basedatetime, latitude, longitude, mmsi, sog, cog, heading, transceiver) values ( 31/12/2020 21:34 , 26.92217, -91.5435, 256888000, 15, -93.6, 314,  B );
--insert into shipposition (basedatetime, latitude, longitude, mmsi, sog, cog, heading, transceiver) values ( 31/12/2020 22:02 , 27.00748, -91.63287, 256888000, 14.7, -96.6, 313,  B );
--insert into shipposition (basedatetime, latitude, longitude, mmsi, sog, cog, heading, transceiver) values ( 31/12/2020 22:01 , 23.90519, -84.15083, 257881000, 13.2, 118.1, 117,  B );
--insert into shipposition (basedatetime, latitude, longitude, mmsi, sog, cog, heading, transceiver) values ( 31/12/2020 18:50 , 24.2153, -84.80182, 257881000, 12.2, 117.7, 113,  B );
--insert into shipposition (basedatetime, latitude, longitude, mmsi, sog, cog, heading, transceiver) values ( 31/12/2020 21:37 , 23.94399, -84.23724, 257881000, 13.2, 116.6, 113,  B );
--insert into shipposition (basedatetime, latitude, longitude, mmsi, sog, cog, heading, transceiver) values ( 31/12/2020 18:54 , 24.20834, -84.78753, 257881000, 12.2, 118.3, 113,  B );
--insert into shipposition (basedatetime, latitude, longitude, mmsi, sog, cog, heading, transceiver) values ( 31/12/2020 18:38 , 24.23369, -84.84026, 257881000, 12, 117.2, 113,  B );
--insert into shipposition (basedatetime, latitude, longitude, mmsi, sog, cog, heading, transceiver) values ( 31/12/2020 19:23 , 24.16206, -84.69464, 257881000, 12.1, 117.5, 112,  B );
--insert into shipposition (basedatetime, latitude, longitude, mmsi, sog, cog, heading, transceiver) values ( 31/12/2020 03:53 , 27.86118, -78.01013, 258692000, 10.4, 73, 77,  B );
--insert into shipposition (basedatetime, latitude, longitude, mmsi, sog, cog, heading, transceiver) values ( 31/12/2020 02:40 , 27.80105, -78.239, 258692000, 10.3, 72, 78,  B );
--insert into shipposition (basedatetime, latitude, longitude, mmsi, sog, cog, heading, transceiver) values ( 31/12/2020 02:18 , 27.78238, -78.30668, 258692000, 10.4, 72, 78,  B );
--insert into shipposition (basedatetime, latitude, longitude, mmsi, sog, cog, heading, transceiver) values ( 31/12/2020 02:32 , 27.79408, -78.26433, 258692000, 10.3, 72, 78,  B );
--insert into shipposition (basedatetime, latitude, longitude, mmsi, sog, cog, heading, transceiver) values ( 31/12/2020 02:37 , 27.79903, -78.24627, 258692000, 10.3, 73, 78,  B );
--insert into shipposition (basedatetime, latitude, longitude, mmsi, sog, cog, heading, transceiver) values ( 31/12/2020 03:17 , 27.83305, -78.12255, 258692000, 10.2, 74, 80,  B );
--insert into shipposition (basedatetime, latitude, longitude, mmsi, sog, cog, heading, transceiver) values ( 31/12/2020 02:33 , 27.79535, -78.25963, 258692000, 10.3, 73, 78,  B );
--insert into shipposition (basedatetime, latitude, longitude, mmsi, sog, cog, heading, transceiver) values ( 31/12/2020 03:41 , 27.85187, -78.04922, 258692000, 10.5, 74, 80,  B );
--insert into shipposition (basedatetime, latitude, longitude, mmsi, sog, cog, heading, transceiver) values ( 31/12/2020 03:20 , 27.83512, -78.1149, 258692000, 10.3, 73, 80,  B );
--insert into shipposition (basedatetime, latitude, longitude, mmsi, sog, cog, heading, transceiver) values ( 31/12/2020 02:19 , 27.78335, -78.30307, 258692000, 10.4, 73, 78,  B );
--insert into shipposition (basedatetime, latitude, longitude, mmsi, sog, cog, heading, transceiver) values ( 31/12/2020 03:47 , 27.85623, -78.03073, 258692000, 10.5, 76, 80,  B );
--insert into shipposition (basedatetime, latitude, longitude, mmsi, sog, cog, heading, transceiver) values ( 31/12/2020 03:12 , 27.82815, -78.13885, 258692000, 10.3, 71, 77,  B );
--insert into shipposition (basedatetime, latitude, longitude, mmsi, sog, cog, heading, transceiver) values ( 31/12/2020 02:44 , 27.80468, -78.22573, 258692000, 10.2, 72, 78,  B );
--insert into shipposition (basedatetime, latitude, longitude, mmsi, sog, cog, heading, transceiver) values ( 31/12/2020 02:09 , 27.77507, -78.33393, 258692000, 10.4, 74, 78,  A );
--insert into shipposition (basedatetime, latitude, longitude, mmsi, sog, cog, heading, transceiver) values ( 31/12/2020 23:00 , 53.87876, -166.55202, 303221000, 0, -188.8, 511,  A );
--insert into shipposition (basedatetime, latitude, longitude, mmsi, sog, cog, heading, transceiver) values ( 31/12/2020 23:51 , 53.87878, -166.55203, 303221000, 0, -197.3, 511,  A );
--insert into shipposition (basedatetime, latitude, longitude, mmsi, sog, cog, heading, transceiver) values ( 31/12/2020 23:33 , 53.87875, -166.55201, 303221000, 0, 197.5, 511,  A );
--insert into shipposition (basedatetime, latitude, longitude, mmsi, sog, cog, heading, transceiver) values ( 31/12/2020 23:39 , 53.87879, -166.55203, 303221000, 0, -167.2, 511,  A );
--insert into shipposition (basedatetime, latitude, longitude, mmsi, sog, cog, heading, transceiver) values ( 31/12/2020 23:21 , 53.87878, -166.55199, 303221000, 0, -173.4, 511,  A );
--insert into shipposition (basedatetime, latitude, longitude, mmsi, sog, cog, heading, transceiver) values ( 31/12/2020 23:54 , 53.87876, -166.55196, 303221000, 0, -175, 511,  A );
--insert into shipposition (basedatetime, latitude, longitude, mmsi, sog, cog, heading, transceiver) values ( 31/12/2020 23:36 , 53.87876, -166.55202, 303221000, 0, -198.9, 511,  A );
--insert into shipposition (basedatetime, latitude, longitude, mmsi, sog, cog, heading, transceiver) values ( 31/12/2020 23:57 , 53.87877, -166.552, 303221000, 0, 194.9, 511,  A );
--insert into shipposition (basedatetime, latitude, longitude, mmsi, sog, cog, heading, transceiver) values ( 31/12/2020 23:42 , 53.87874, -166.552, 303221000, 0, -195.3, 511,  A );
--insert into shipposition (basedatetime, latitude, longitude, mmsi, sog, cog, heading, transceiver) values ( 31/12/2020 23:30 , 53.87876, -166.55202, 303221000, 0, 195, 511,  A );
--insert into shipposition (basedatetime, latitude, longitude, mmsi, sog, cog, heading, transceiver) values ( 31/12/2020 23:27 , 53.87877, -166.552, 303221000, 0, -201, 511,  A );
--insert into shipposition (basedatetime, latitude, longitude, mmsi, sog, cog, heading, transceiver) values ( 31/12/2020 23:24 , 53.8788, -166.55203, 303221000, 0, 193.4, 511,  A );
--insert into shipposition (basedatetime, latitude, longitude, mmsi, sog, cog, heading, transceiver) values ( 31/12/2020 23:15 , 53.87877, -166.55205, 303221000, 0, -102.7, 511,  A );
--insert into shipposition (basedatetime, latitude, longitude, mmsi, sog, cog, heading, transceiver) values ( 31/12/2020 23:18 , 53.87879, -166.55205, 303221000, 0, -155.5, 511,  A );
--insert into shipposition (basedatetime, latitude, longitude, mmsi, sog, cog, heading, transceiver) values ( 31/12/2020 23:45 , 53.87878, -166.55198, 303221000, 0, 193.2, 511,  A );
--insert into shipposition (basedatetime, latitude, longitude, mmsi, sog, cog, heading, transceiver) values ( 31/12/2020 23:48 , 53.87876, -166.55199, 303221000, 0, -191.4, 511,  A );
--insert into shipposition (basedatetime, latitude, longitude, mmsi, sog, cog, heading, transceiver) values ( 31/12/2020 23:09 , 53.87878, -166.55199, 303221000, 0, -122.7, 511,  A );
--insert into shipposition (basedatetime, latitude, longitude, mmsi, sog, cog, heading, transceiver) values ( 31/12/2020 23:03 , 53.87877, -166.55202, 303221000, 0, -146.4, 511,  A );
--insert into shipposition (basedatetime, latitude, longitude, mmsi, sog, cog, heading, transceiver) values ( 31/12/2020 23:06 , 53.87877, -166.55203, 303221000, 0, -163.2, 511,  A );
--insert into shipposition (basedatetime, latitude, longitude, mmsi, sog, cog, heading, transceiver) values ( 31/12/2020 23:26 , 60.08477, -149.34998, 303267000, 0, -151.9, 511,  A );
--insert into shipposition (basedatetime, latitude, longitude, mmsi, sog, cog, heading, transceiver) values ( 31/12/2020 23:32 , 60.08476, -149.34997, 303267000, 0, -139.2, 511,  A );
--insert into shipposition (basedatetime, latitude, longitude, mmsi, sog, cog, heading, transceiver) values ( 31/12/2020 23:50 , 60.08476, -149.34998, 303267000, 0, -82.7, 511,  A );
--insert into shipposition (basedatetime, latitude, longitude, mmsi, sog, cog, heading, transceiver) values ( 31/12/2020 23:08 , 60.08477, -149.34998, 303267000, 0, -149.3, 511,  A );
--insert into shipposition (basedatetime, latitude, longitude, mmsi, sog, cog, heading, transceiver) values ( 31/12/2020 23:23 , 60.08477, -149.34998, 303267000, 0, -131.3, 511,  A );
--insert into shipposition (basedatetime, latitude, longitude, mmsi, sog, cog, heading, transceiver) values ( 31/12/2020 23:02 , 60.08477, -149.34998, 303267000, 0, 105.5, 511,  A );
--insert into shipposition (basedatetime, latitude, longitude, mmsi, sog, cog, heading, transceiver) values ( 31/12/2020 23:14 , 60.08477, -149.34998, 303267000, 0, -127.1, 511,  A );
--insert into shipposition (basedatetime, latitude, longitude, mmsi, sog, cog, heading, transceiver) values ( 31/12/2020 23:41 , 60.08476, -149.34998, 303267000, 0, -162.9, 511,  A );
--insert into shipposition (basedatetime, latitude, longitude, mmsi, sog, cog, heading, transceiver) values ( 31/12/2020 23:05 , 60.08477, -149.34998, 303267000, 0, -132.4, 511,  A );
--insert into shipposition (basedatetime, latitude, longitude, mmsi, sog, cog, heading, transceiver) values ( 31/12/2020 23:47 , 60.08476, -149.34998, 303267000, 0, 109.9, 511,  A );
--insert into shipposition (basedatetime, latitude, longitude, mmsi, sog, cog, heading, transceiver) values ( 31/12/2020 23:56 , 60.08476, -149.34998, 303267000, 0, 123.6, 511,  A );
--insert into shipposition (basedatetime, latitude, longitude, mmsi, sog, cog, heading, transceiver) values ( 31/12/2020 23:59 , 60.08476, -149.34997, 303267000, 0, 71.4, 511,  A );
--insert into shipposition (basedatetime, latitude, longitude, mmsi, sog, cog, heading, transceiver) values ( 31/12/2020 23:38 , 60.08476, -149.34998, 303267000, 0, -93.5, 511,  A );
--insert into shipposition (basedatetime, latitude, longitude, mmsi, sog, cog, heading, transceiver) values ( 31/12/2020 23:53 , 60.08476, -149.34998, 303267000, 0, 130.3, 511,  A );
--insert into shipposition (basedatetime, latitude, longitude, mmsi, sog, cog, heading, transceiver) values ( 31/12/2020 23:17 , 60.08477, -149.34998, 303267000, 0, -115.9, 511,  A );
--insert into shipposition (basedatetime, latitude, longitude, mmsi, sog, cog, heading, transceiver) values ( 31/12/2020 23:44 , 60.08476, -149.34998, 303267000, 0, 82.9, 511,  A );
--insert into shipposition (basedatetime, latitude, longitude, mmsi, sog, cog, heading, transceiver) values ( 31/12/2020 23:20 , 60.08477, -149.34998, 303267000, 0, -100.3, 511,  A );
--insert into shipposition (basedatetime, latitude, longitude, mmsi, sog, cog, heading, transceiver) values ( 31/12/2020 23:11 , 60.08477, -149.34998, 303267000, 0, -85.3, 511,  A );
--insert into shipposition (basedatetime, latitude, longitude, mmsi, sog, cog, heading, transceiver) values ( 31/12/2020 23:35 , 60.08476, -149.34998, 303267000, 0, -123.1, 511,  A );
--insert into shipposition (basedatetime, latitude, longitude, mmsi, sog, cog, heading, transceiver) values ( 31/12/2020 23:29 , 60.08476, -149.34997, 303267000, 0, -129.5, 511,  A );
--insert into shipposition (basedatetime, latitude, longitude, mmsi, sog, cog, heading, transceiver) values ( 31/12/2020 14:36 , 27.52983, -77.6368, 305176000, 7, 139.3, 134,  B );
--insert into shipposition (basedatetime, latitude, longitude, mmsi, sog, cog, heading, transceiver) values ( 31/12/2020 14:31 , 27.53741, -77.64431, 305176000, 7.2, 139.8, 135,  A );
--insert into shipposition (basedatetime, latitude, longitude, mmsi, sog, cog, heading, transceiver) values ( 31/12/2020 14:34 , 27.53309, -77.64001, 305176000, 7.1, 139.6, 136,  B );
--insert into shipposition (basedatetime, latitude, longitude, mmsi, sog, cog, heading, transceiver) values ( 31/12/2020 14:29 , 27.54012, -77.64705, 305176000, 7.4, 140.1, 134,  A );
--insert into shipposition (basedatetime, latitude, longitude, mmsi, sog, cog, heading, transceiver) values ( 31/12/2020 08:16 , 23.15489, -82.36574, 305373000, 7.8, -75.6, 344,  B );
--insert into shipposition (basedatetime, latitude, longitude, mmsi, sog, cog, heading, transceiver) values ( 31/12/2020 16:45 , 23.37555, -81.03043, 305373000, 7.8, 82.1, 88,  B );
--insert into shipposition (basedatetime, latitude, longitude, mmsi, sog, cog, heading, transceiver) values ( 31/12/2020 09:29 , 27.25354, -127.77908, 305776000, 15.3, 66, 64,  B );
--insert into shipposition (basedatetime, latitude, longitude, mmsi, sog, cog, heading, transceiver) values ( 31/12/2020 09:18 , 27.23593, -127.82214, 305776000, 14.6, 64.8, 66,  B );
--insert into shipposition (basedatetime, latitude, longitude, mmsi, sog, cog, heading, transceiver) values ( 31/12/2020 09:30 , 27.25594, -127.77363, 305776000, 15.1, 65.7, 64,  B );
--insert into shipposition (basedatetime, latitude, longitude, mmsi, sog, cog, heading, transceiver) values ( 31/12/2020 09:16 , 27.23129, -127.83372, 305776000, 15.3, 65.1, 65,  B );
--insert into shipposition (basedatetime, latitude, longitude, mmsi, sog, cog, heading, transceiver) values ( 31/12/2020 18:56 , 25.83611, -78.50491, 309416000, 1.1, 34.1, 83,  A );
--insert into shipposition (basedatetime, latitude, longitude, mmsi, sog, cog, heading, transceiver) values ( 31/12/2020 16:53 , 25.83657, -78.50441, 309416000, 0.8, -143.9, 146,  A );
--insert into shipposition (basedatetime, latitude, longitude, mmsi, sog, cog, heading, transceiver) values ( 31/12/2020 23:35 , 54.27664, -164.10602, 636019825, 9.3, -133, 276,  B );
--insert into shipposition (basedatetime, latitude, longitude, mmsi, sog, cog, heading, transceiver) values ( 31/12/2020 23:32 , 54.27531, -164.09338, 636019825, 9.5, -135.3, 275,  B );
--insert into shipposition (basedatetime, latitude, longitude, mmsi, sog, cog, heading, transceiver) values ( 31/12/2020 23:49 , 54.28279, -164.16935, 636019825, 9.4, -129.5, 274,  B );
--insert into shipposition (basedatetime, latitude, longitude, mmsi, sog, cog, heading, transceiver) values ( 31/12/2020 23:48 , 54.28232, -164.1642, 636019825, 9.8, -122.7, 274,  B );
--insert into shipposition (basedatetime, latitude, longitude, mmsi, sog, cog, heading, transceiver) values ( 31/12/2020 23:45 , 54.28124, -164.15213, 636019825, 9.8, -125, 274,  B );
--insert into shipposition (basedatetime, latitude, longitude, mmsi, sog, cog, heading, transceiver) values ( 31/12/2020 23:29 , 54.27402, -164.08163, 636019825, 9.5, -132.4, 276,  B );
--insert into shipposition (basedatetime, latitude, longitude, mmsi, sog, cog, heading, transceiver) values ( 31/12/2020 23:55 , 54.28548, -164.19712, 636019825, 9, -132.6, 272,  B );
--insert into shipposition (basedatetime, latitude, longitude, mmsi, sog, cog, heading, transceiver) values ( 31/12/2020 23:58 , 54.28661, -164.20854, 636019825, 9.2, -135.2, 273,  B );
--insert into shipposition (basedatetime, latitude, longitude, mmsi, sog, cog, heading, transceiver) values ( 31/12/2020 23:56 , 54.28601, -164.20205, 636019825, 9.2, -128.5, 273,  B );
--insert into shipposition (basedatetime, latitude, longitude, mmsi, sog, cog, heading, transceiver) values ( 31/12/2020 23:38 , 54.27817, -164.12098, 636019825, 9.7, -129.9, 275,  B );
--insert into shipposition (basedatetime, latitude, longitude, mmsi, sog, cog, heading, transceiver) values ( 31/12/2020 23:36 , 54.27718, -164.11121, 636019825, 9.7, -129.1, 274,  B );
--insert into shipposition (basedatetime, latitude, longitude, mmsi, sog, cog, heading, transceiver) values ( 31/12/2020 23:43 , 54.28062, -164.14533, 636019825, 10.1, -128.2, 274,  B );
--insert into shipposition (basedatetime, latitude, longitude, mmsi, sog, cog, heading, transceiver) values ( 31/12/2020 23:39 , 54.27873, -164.12635, 636019825, 9.6, -135.2, 275,  B );
--insert into shipposition (basedatetime, latitude, longitude, mmsi, sog, cog, heading, transceiver) values ( 31/12/2020 23:25 , 54.27169, -164.06092, 636019825, 9.7, -123.5, 276,  B );
--insert into shipposition (basedatetime, latitude, longitude, mmsi, sog, cog, heading, transceiver) values ( 31/12/2020 23:53 , 54.28473, -164.18922, 636019825, 9.3, -132.6, 274,  B );
--insert into shipposition (basedatetime, latitude, longitude, mmsi, sog, cog, heading, transceiver) values ( 31/12/2020 23:42 , 54.28012, -164.13995, 636019825, 9.9, -125.1, 274,  B );
--insert into shipposition (basedatetime, latitude, longitude, mmsi, sog, cog, heading, transceiver) values ( 31/12/2020 23:41 , 54.27934, -164.13242, 636019825, 9.8, -127.6, 275,  B );
--insert into shipposition (basedatetime, latitude, longitude, mmsi, sog, cog, heading, transceiver) values ( 31/12/2020 23:52 , 54.28424, -164.18409, 636019825, 9.7, -126.6, 273,  B );
--insert into shipposition (basedatetime, latitude, longitude, mmsi, sog, cog, heading, transceiver) values ( 31/12/2020 23:21 , 54.26959, -164.04323, 636019825, 9.3, -134.3, 276,  B );
--insert into shipposition (basedatetime, latitude, longitude, mmsi, sog, cog, heading, transceiver) values ( 31/12/2020 23:50 , 54.28322, -164.17438, 636019825, 9.3, -139.7, 274,  B );
--insert into shipposition (basedatetime, latitude, longitude, mmsi, sog, cog, heading, transceiver) values ( 31/12/2020 23:22 , 54.27031, -164.04899, 636019825, 9.6, -125.5, 277,  B );
--insert into shipposition (basedatetime, latitude, longitude, mmsi, sog, cog, heading, transceiver) values ( 31/12/2020 23:37 , 54.27767, -164.11569, 636019825, 9.8, -128.8, 275,  B );
--insert into shipposition (basedatetime, latitude, longitude, mmsi, sog, cog, heading, transceiver) values ( 31/12/2020 23:51 , 54.28372, -164.17881, 636019825, 9.5, -122.2, 274,  B );
--insert into shipposition (basedatetime, latitude, longitude, mmsi, sog, cog, heading, transceiver) values ( 31/12/2020 23:16 , 54.2674, -164.02421, 636019825, 9.5, -129.4, 276,  B );
--insert into shipposition (basedatetime, latitude, longitude, mmsi, sog, cog, heading, transceiver) values ( 31/12/2020 23:31 , 54.27459, -164.08679, 636019825, 9.4, -132.8, 275,  B );
--insert into shipposition (basedatetime, latitude, longitude, mmsi, sog, cog, heading, transceiver) values ( 31/12/2020 23:27 , 54.27307, -164.07348, 636019825, 9.5, -128.8, 276,  B );
--insert into shipposition (basedatetime, latitude, longitude, mmsi, sog, cog, heading, transceiver) values ( 31/12/2020 18:26 , 23.07187, -83.53367, 636091400, 15.9, 66.2, 68,  B );
--insert into shipposition (basedatetime, latitude, longitude, mmsi, sog, cog, heading, transceiver) values ( 31/12/2020 18:49 , 26.52601, -78.76733, 636092932, 0, -190.6, 219,  A );
--insert into shipposition (basedatetime, latitude, longitude, mmsi, sog, cog, heading, transceiver) values ( 31/12/2020 21:20 , 26.52601, -78.76737, 636092932, 0, -190.6, 219,  A );
--insert into shipposition (basedatetime, latitude, longitude, mmsi, sog, cog, heading, transceiver) values ( 31/12/2020 12:06 , 26.52605, -78.76731, 636092932, 0, -189.6, 220,  A );
--insert into shipposition (basedatetime, latitude, longitude, mmsi, sog, cog, heading, transceiver) values ( 31/12/2020 19:01 , 26.52603, -78.76731, 636092932, 0, -190.6, 219,  A );

-- 180 ship positions inserted

insert into cargomanifest (cargomanifest_id) values (78991);
insert into cargomanifest (cargomanifest_id) values (34491);
insert into cargomanifest (cargomanifest_id) values (78548);
insert into cargomanifest (cargomanifest_id) values (48193);
insert into cargomanifest (cargomanifest_id) values (34893);
insert into cargomanifest (cargomanifest_id) values (3598);
insert into cargomanifest (cargomanifest_id) values (52328);
insert into cargomanifest (cargomanifest_id) values (96922);
insert into cargomanifest (cargomanifest_id) values (53304);
insert into cargomanifest (cargomanifest_id) values (25442);
insert into cargomanifest (cargomanifest_id) values (83244);
insert into cargomanifest (cargomanifest_id) values (93962);
insert into cargomanifest (cargomanifest_id) values (16358);
insert into cargomanifest (cargomanifest_id) values (67603);
insert into cargomanifest (cargomanifest_id) values (69477);
insert into cargomanifest (cargomanifest_id) values (80342);
insert into cargomanifest (cargomanifest_id) values (9004);
insert into cargomanifest (cargomanifest_id) values (12366);
insert into cargomanifest (cargomanifest_id) values (59447);
insert into cargomanifest (cargomanifest_id) values (47409);
insert into cargomanifest (cargomanifest_id) values (79225);
insert into cargomanifest (cargomanifest_id) values (54091);
insert into cargomanifest (cargomanifest_id) values (2025);
insert into cargomanifest (cargomanifest_id) values (9062);
insert into cargomanifest (cargomanifest_id) values (45806);
insert into cargomanifest (cargomanifest_id) values (62698);
insert into cargomanifest (cargomanifest_id) values (71971);
insert into cargomanifest (cargomanifest_id) values (19821);
insert into cargomanifest (cargomanifest_id) values (91736);
insert into cargomanifest (cargomanifest_id) values (57546);
insert into cargomanifest (cargomanifest_id) values (73258);
insert into cargomanifest (cargomanifest_id) values (30009);
insert into cargomanifest (cargomanifest_id) values (64912);
insert into cargomanifest (cargomanifest_id) values (77328);
insert into cargomanifest (cargomanifest_id) values (11031);
insert into cargomanifest (cargomanifest_id) values (37588);
insert into cargomanifest (cargomanifest_id) values (66729);
insert into cargomanifest (cargomanifest_id) values (62590);
insert into cargomanifest (cargomanifest_id) values (87507);
insert into cargomanifest (cargomanifest_id) values (57650);
insert into cargomanifest (cargomanifest_id) values (82845);
insert into cargomanifest (cargomanifest_id) values (39823);
insert into cargomanifest (cargomanifest_id) values (64229);
insert into cargomanifest (cargomanifest_id) values (85242);
insert into cargomanifest (cargomanifest_id) values (86476);
insert into cargomanifest (cargomanifest_id) values (89260);
insert into cargomanifest (cargomanifest_id) values (45228);
insert into cargomanifest (cargomanifest_id) values (723);
insert into cargomanifest (cargomanifest_id) values (2163);
insert into cargomanifest (cargomanifest_id) values (54561);

--50 cargo manifests inserted
insert into container (container_id, tare, gross, payload, isocode) values (9803333, 15.62, 44.15, 59.77, 2733);
insert into container (container_id, tare, gross, payload, isocode) values (1386341, 33.55, 37.24, 70.79, 2720);
insert into container (container_id, tare, gross, payload, isocode) values (531766, 66.85, 85.55, 152.4, 4247);
insert into container (container_id, tare, gross, payload, isocode) values (3086183, 82.21, 42.73, 124.94, 3487);
insert into container (container_id, tare, gross, payload, isocode) values (8335151, 29.62, 10.27, 39.89, 4480);
insert into container (container_id, tare, gross, payload, isocode) values (9333060, 87.63, 33.99, 121.62, 1989);
insert into container (container_id, tare, gross, payload, isocode) values (2973602, 72.57, 54.14, 126.71, 4260);
insert into container (container_id, tare, gross, payload, isocode) values (6075721, 33.91, 64.4, 98.31, 3963);
insert into container (container_id, tare, gross, payload, isocode) values (8519913, 17.15, 96.5, 113.65, 3097);
insert into container (container_id, tare, gross, payload, isocode) values (8864057, 47.92, 65.94, 113.86, 4472);
insert into container (container_id, tare, gross, payload, isocode) values (6479280, 97.39, 24.49, 121.88, 1803);
insert into container (container_id, tare, gross, payload, isocode) values (3951071, 44.47, 46.79, 91.26, 2716);
insert into container (container_id, tare, gross, payload, isocode) values (5210890, 6.99, 39.12, 46.11, 2973);
insert into container (container_id, tare, gross, payload, isocode) values (6879109, 85.7, 29.45, 115.15, 4925);
insert into container (container_id, tare, gross, payload, isocode) values (5035824, 30.04, 57.94, 87.98, 1970);
insert into container (container_id, tare, gross, payload, isocode) values (1524166, 99.7, 87.49, 187.19, 4714);
insert into container (container_id, tare, gross, payload, isocode) values (9659312, 93.72, 98.2, 191.92, 3825);
insert into container (container_id, tare, gross, payload, isocode) values (4300882, 49.86, 50.34, 100.2, 3531);
insert into container (container_id, tare, gross, payload, isocode) values (1857493, 14.6, 93.82, 108.42, 1901);
insert into container (container_id, tare, gross, payload, isocode) values (4504662, 23.04, 67.54, 90.58, 3922);
insert into container (container_id, tare, gross, payload, isocode) values (4216799, 36.42, 92.17, 128.59, 3635);
insert into container (container_id, tare, gross, payload, isocode) values (6657019, 69.6, 68.57, 138.17, 4387);
insert into container (container_id, tare, gross, payload, isocode) values (5248256, 28.66, 31.35, 60.01, 1475);
insert into container (container_id, tare, gross, payload, isocode) values (7964863, 29.4, 46.66, 76.06, 2346);
insert into container (container_id, tare, gross, payload, isocode) values (9279781, 18.53, 46.84, 65.37, 3342);
insert into container (container_id, tare, gross, payload, isocode) values (9419579, 6.95, 60.37, 67.32, 4187);
insert into container (container_id, tare, gross, payload, isocode) values (7214991, 15.12, 18.4, 33.52, 2124);
insert into container (container_id, tare, gross, payload, isocode) values (2575956, 69.29, 90.41, 159.7, 4264);
insert into container (container_id, tare, gross, payload, isocode) values (2348350, 93.13, 91.04, 184.17, 3716);
insert into container (container_id, tare, gross, payload, isocode) values (8512993, 29.34, 48.33, 77.67, 1096);
insert into container (container_id, tare, gross, payload, isocode) values (9292064, 48.33, 74.68, 123.01, 4582);
insert into container (container_id, tare, gross, payload, isocode) values (9427410, 75.78, 58.42, 134.2, 1867);
insert into container (container_id, tare, gross, payload, isocode) values (7863279, 3.02, 86.5, 89.52, 2775);
insert into container (container_id, tare, gross, payload, isocode) values (1772644, 27.28, 44.81, 72.09, 2195);
insert into container (container_id, tare, gross, payload, isocode) values (682790, 10.41, 25.8, 36.21, 3980);
insert into container (container_id, tare, gross, payload, isocode) values (9554295, 63.97, 67.67, 131.64, 4705);
insert into container (container_id, tare, gross, payload, isocode) values (9883497, 50.5, 86.4, 136.9, 2820);
insert into container (container_id, tare, gross, payload, isocode) values (505155, 69.89, 75.1, 144.99, 4183);
insert into container (container_id, tare, gross, payload, isocode) values (209885, 91.96, 66.82, 158.78, 4447);
insert into container (container_id, tare, gross, payload, isocode) values (4853420, 70.45, 65.18, 135.63, 1447);
insert into container (container_id, tare, gross, payload, isocode) values (9868404, 22.66, 69.81, 92.47, 1634);
insert into container (container_id, tare, gross, payload, isocode) values (10933, 38.67, 77.39, 116.06, 1243);
insert into container (container_id, tare, gross, payload, isocode) values (9761539, 4.76, 5.32, 10.08, 4828);
insert into container (container_id, tare, gross, payload, isocode) values (2019607, 19.46, 68.39, 87.85, 4606);
insert into container (container_id, tare, gross, payload, isocode) values (2983468, 21.98, 24.94, 46.92, 4553);
insert into container (container_id, tare, gross, payload, isocode) values (7065594, 94.7, 68.24, 162.94, 3129);
insert into container (container_id, tare, gross, payload, isocode) values (9578352, 68.94, 57.62, 126.56, 4276);
insert into container (container_id, tare, gross, payload, isocode) values (3422706, 90.98, 24.56, 115.54, 3265);
insert into container (container_id, tare, gross, payload, isocode) values (4390453, 81.5, 61.51, 143.01, 2300);
insert into container (container_id, tare, gross, payload, isocode) values (3221270, 21.67, 76.52, 98.19, 3748);
insert into container (container_id, tare, gross, payload, isocode) values (8234084, 85.82, 52.38, 138.2, 2841);
insert into container (container_id, tare, gross, payload, isocode) values (7978977, 27.96, 74.04, 102.0, 3255);
insert into container (container_id, tare, gross, payload, isocode) values (307890, 31.17, 26.91, 58.08, 3307);
insert into container (container_id, tare, gross, payload, isocode) values (2061543, 17.65, 55.74, 73.39, 2771);
insert into container (container_id, tare, gross, payload, isocode) values (3904478, 8.97, 59.25, 68.22, 1797);
insert into container (container_id, tare, gross, payload, isocode) values (722415, 68.58, 12.85, 81.43, 4001);
insert into container (container_id, tare, gross, payload, isocode) values (1065235, 1.04, 96.78, 97.82, 3250);
insert into container (container_id, tare, gross, payload, isocode) values (1866154, 11.93, 15.42, 27.35, 2688);
insert into container (container_id, tare, gross, payload, isocode) values (708747, 61.04, 42.11, 103.15, 4989);
insert into container (container_id, tare, gross, payload, isocode) values (9666660, 12.06, 56.09, 68.15, 4966);
insert into container (container_id, tare, gross, payload, isocode) values (6122391, 20.66, 75.27, 95.93, 3119);
insert into container (container_id, tare, gross, payload, isocode) values (3908753, 7.45, 56.29, 63.74, 4286);
insert into container (container_id, tare, gross, payload, isocode) values (9326301, 11.07, 59.67, 70.74, 2785);
insert into container (container_id, tare, gross, payload, isocode) values (1354371, 91.42, 99.46, 190.88, 1485);
insert into container (container_id, tare, gross, payload, isocode) values (4953629, 68.99, 62.17, 131.16, 4429);
insert into container (container_id, tare, gross, payload, isocode) values (4871217, 34.52, 81.35, 115.87, 3714);
insert into container (container_id, tare, gross, payload, isocode) values (3705156, 58.29, 77.1, 135.39, 4866);
insert into container (container_id, tare, gross, payload, isocode) values (3761220, 6.93, 11.0, 17.93, 1636);
insert into container (container_id, tare, gross, payload, isocode) values (3633640, 56.92, 37.4, 94.32, 2317);
insert into container (container_id, tare, gross, payload, isocode) values (6049696, 65.94, 3.91, 69.85, 4245);
insert into container (container_id, tare, gross, payload, isocode) values (7977522, 78.03, 69.2, 147.23, 2698);
insert into container (container_id, tare, gross, payload, isocode) values (7800813, 94.4, 31.23, 125.63, 4165);
insert into container (container_id, tare, gross, payload, isocode) values (282200, 19.46, 44.62, 64.08, 4719);
insert into container (container_id, tare, gross, payload, isocode) values (6030852, 59.0, 51.38, 110.38, 4529);
insert into container (container_id, tare, gross, payload, isocode) values (4578305, 58.41, 37.57, 95.98, 4472);
insert into container (container_id, tare, gross, payload, isocode) values (3292360, 55.08, 97.92, 153.0, 2145);
insert into container (container_id, tare, gross, payload, isocode) values (7927862, 55.76, 23.44, 79.2, 3219);
insert into container (container_id, tare, gross, payload, isocode) values (2954426, 68.35, 13.02, 81.37, 3311);
insert into container (container_id, tare, gross, payload, isocode) values (4692520, 34.45, 24.0, 58.45, 3221);
insert into container (container_id, tare, gross, payload, isocode) values (4825735, 89.12, 87.93, 177.05, 3898);
insert into container (container_id, tare, gross, payload, isocode) values (2617744, 2.65, 48.36, 51.01, 1679);
insert into container (container_id, tare, gross, payload, isocode) values (8674855, 79.73, 47.42, 127.15, 4470);
insert into container (container_id, tare, gross, payload, isocode) values (7014398, 68.14, 1.45, 69.59, 4381);
insert into container (container_id, tare, gross, payload, isocode) values (1360235, 14.11, 73.19, 87.3, 1557);
insert into container (container_id, tare, gross, payload, isocode) values (4309735, 77.97, 1.7, 79.67, 2519);
insert into container (container_id, tare, gross, payload, isocode) values (4868136, 22.33, 31.03, 53.36, 4781);
insert into container (container_id, tare, gross, payload, isocode) values (4467720, 19.89, 76.89, 96.78, 3220);
insert into container (container_id, tare, gross, payload, isocode) values (4101616, 10.8, 62.29, 73.09, 3009);
insert into container (container_id, tare, gross, payload, isocode) values (7827555, 28.2, 55.41, 83.61, 4351);
insert into container (container_id, tare, gross, payload, isocode) values (9010621, 19.52, 20.42, 39.94, 2811);
insert into container (container_id, tare, gross, payload, isocode) values (9275571, 64.75, 49.49, 114.24, 4159);
insert into container (container_id, tare, gross, payload, isocode) values (2343659, 32.37, 25.05, 57.42, 2391);
insert into container (container_id, tare, gross, payload, isocode) values (1720027, 24.62, 38.83, 63.45, 4436);
insert into container (container_id, tare, gross, payload, isocode) values (8019448, 29.06, 95.64, 124.7, 1874);
insert into container (container_id, tare, gross, payload, isocode) values (9551907, 66.59, 45.1, 111.69, 3815);
insert into container (container_id, tare, gross, payload, isocode) values (7584299, 6.84, 9.09, 15.93, 3692);
insert into container (container_id, tare, gross, payload, isocode) values (6586081, 71.65, 88.24, 159.89, 2706);
insert into container (container_id, tare, gross, payload, isocode) values (4903273, 55.05, 56.11, 111.16, 3465);
insert into container (container_id, tare, gross, payload, isocode) values (1747858, 61.43, 36.95, 98.38, 3633);
insert into container (container_id, tare, gross, payload, isocode) values (8794102, 20.67, 12.29, 32.96, 3503);
insert into container (container_id, tare, gross, payload, isocode) values (8054992, 40.58, 13.08, 53.66, 3393);
insert into container (container_id, tare, gross, payload, isocode) values (598775, 44.36, 27.36, 71.72, 1254);
insert into container (container_id, tare, gross, payload, isocode) values (2501672, 64.59, 39.5, 104.09, 4744);
insert into container (container_id, tare, gross, payload, isocode) values (3785436, 14.14, 39.84, 53.98, 4252);
insert into container (container_id, tare, gross, payload, isocode) values (2059763, 80.36, 56.42, 136.78, 3862);
insert into container (container_id, tare, gross, payload, isocode) values (3848567, 18.06, 26.59, 44.65, 2908);
insert into container (container_id, tare, gross, payload, isocode) values (8561580, 73.85, 58.84, 132.69, 4726);
insert into container (container_id, tare, gross, payload, isocode) values (628900, 17.74, 70.29, 88.03, 1922);
insert into container (container_id, tare, gross, payload, isocode) values (140768, 48.16, 5.7, 53.86, 2364);
insert into container (container_id, tare, gross, payload, isocode) values (8288132, 40.21, 55.56, 95.77, 2701);
insert into container (container_id, tare, gross, payload, isocode) values (739179, 70.33, 8.36, 78.69, 1229);
insert into container (container_id, tare, gross, payload, isocode) values (2469210, 13.06, 72.73, 85.79, 2486);
insert into container (container_id, tare, gross, payload, isocode) values (7248906, 19.4, 40.16, 59.56, 3449);
insert into container (container_id, tare, gross, payload, isocode) values (3476951, 95.86, 29.26, 125.12, 1023);
insert into container (container_id, tare, gross, payload, isocode) values (4707570, 2.44, 29.85, 32.29, 2813);
insert into container (container_id, tare, gross, payload, isocode) values (2333562, 74.64, 42.14, 116.78, 3675);
insert into container (container_id, tare, gross, payload, isocode) values (3760110, 18.95, 37.97, 56.92, 1355);
insert into container (container_id, tare, gross, payload, isocode) values (915050, 14.56, 21.12, 35.68, 1955);
insert into container (container_id, tare, gross, payload, isocode) values (5465471, 70.92, 58.08, 129.0, 4516);
insert into container (container_id, tare, gross, payload, isocode) values (5510727, 14.61, 17.04, 31.65, 3853);
insert into container (container_id, tare, gross, payload, isocode) values (1053408, 49.08, 18.92, 68.0, 2814);
insert into container (container_id, tare, gross, payload, isocode) values (269705, 30.03, 85.43, 115.46, 3770);
insert into container (container_id, tare, gross, payload, isocode) values (7701223, 62.1, 54.52, 116.62, 2544);
insert into container (container_id, tare, gross, payload, isocode) values (2721157, 17.48, 86.26, 103.74, 3285);
insert into container (container_id, tare, gross, payload, isocode) values (2701262, 85.01, 9.0, 94.01, 3406);
insert into container (container_id, tare, gross, payload, isocode) values (2183409, 40.19, 18.44, 58.63, 3442);
insert into container (container_id, tare, gross, payload, isocode) values (8364967, 55.75, 47.16, 102.91, 1988);
insert into container (container_id, tare, gross, payload, isocode) values (9213039, 49.58, 82.98, 132.56, 3526);
insert into container (container_id, tare, gross, payload, isocode) values (4644478, 14.78, 15.78, 30.56, 3691);
insert into container (container_id, tare, gross, payload, isocode) values (7960424, 10.34, 32.52, 42.86, 3215);
insert into container (container_id, tare, gross, payload, isocode) values (110541, 95.76, 27.12, 122.88, 4288);
insert into container (container_id, tare, gross, payload, isocode) values (2449204, 62.65, 73.48, 136.13, 4462);
insert into container (container_id, tare, gross, payload, isocode) values (9518347, 36.66, 72.49, 109.15, 2442);
insert into container (container_id, tare, gross, payload, isocode) values (3213128, 34.91, 35.64, 70.55, 2194);
insert into container (container_id, tare, gross, payload, isocode) values (4687970, 95.35, 7.66, 103.01, 3049);
insert into container (container_id, tare, gross, payload, isocode) values (7684257, 17.39, 50.53, 67.92, 4892);
insert into container (container_id, tare, gross, payload, isocode) values (4166453, 1.06, 33.9, 34.96, 1729);
insert into container (container_id, tare, gross, payload, isocode) values (2814058, 29.76, 74.86, 104.62, 1375);
insert into container (container_id, tare, gross, payload, isocode) values (2693992, 80.16, 43.07, 123.23, 2268);
insert into container (container_id, tare, gross, payload, isocode) values (5734111, 88.22, 5.81, 94.03, 1300);
insert into container (container_id, tare, gross, payload, isocode) values (9070585, 6.65, 35.19, 41.84, 3646);
insert into container (container_id, tare, gross, payload, isocode) values (721797, 46.26, 11.54, 57.8, 1860);
insert into container (container_id, tare, gross, payload, isocode) values (7020916, 64.79, 98.33, 163.12, 1475);
insert into container (container_id, tare, gross, payload, isocode) values (1935697, 45.49, 69.94, 115.43, 2750);
insert into container (container_id, tare, gross, payload, isocode) values (5708813, 59.8, 86.09, 145.89, 3784);
insert into container (container_id, tare, gross, payload, isocode) values (8542533, 4.3, 95.73, 100.03, 2398);
insert into container (container_id, tare, gross, payload, isocode) values (1858468, 15.87, 87.64, 103.51, 4022);
insert into container (container_id, tare, gross, payload, isocode) values (8561707, 51.57, 62.87, 114.44, 2946);
insert into container (container_id, tare, gross, payload, isocode) values (2262730, 64.25, 58.74, 122.99, 3775);
insert into container (container_id, tare, gross, payload, isocode) values (7609909, 4.96, 50.72, 55.68, 1122);
insert into container (container_id, tare, gross, payload, isocode) values (3509579, 18.12, 58.7, 76.82, 2227);
insert into container (container_id, tare, gross, payload, isocode) values (7189955, 14.66, 94.51, 109.17, 4286);
insert into container (container_id, tare, gross, payload, isocode) values (5138381, 13.9, 56.78, 70.68, 1905);
insert into container (container_id, tare, gross, payload, isocode) values (7788724, 91.92, 86.88, 178.8, 3842);
insert into container (container_id, tare, gross, payload, isocode) values (2355235, 5.51, 44.35, 49.86, 1030);
insert into container (container_id, tare, gross, payload, isocode) values (9113177, 78.68, 88.7, 167.38, 3060);
insert into container (container_id, tare, gross, payload, isocode) values (9834739, 45.92, 57.69, 103.61, 1250);
insert into container (container_id, tare, gross, payload, isocode) values (3196942, 30.17, 80.05, 110.22, 3162);
insert into container (container_id, tare, gross, payload, isocode) values (8145745, 73.66, 90.09, 163.75, 2622);
insert into container (container_id, tare, gross, payload, isocode) values (2882607, 62.67, 81.39, 144.06, 4832);
insert into container (container_id, tare, gross, payload, isocode) values (8419671, 82.5, 46.75, 129.25, 3247);
insert into container (container_id, tare, gross, payload, isocode) values (6766832, 94.06, 15.58, 109.64, 2605);
insert into container (container_id, tare, gross, payload, isocode) values (7329290, 75.68, 68.25, 143.93, 1631);
insert into container (container_id, tare, gross, payload, isocode) values (4615675, 23.72, 21.49, 45.21, 4802);
insert into container (container_id, tare, gross, payload, isocode) values (4661451, 57.68, 1.21, 58.89, 4441);
insert into container (container_id, tare, gross, payload, isocode) values (6069919, 47.4, 30.73, 78.13, 3011);
insert into container (container_id, tare, gross, payload, isocode) values (4810054, 7.02, 10.04, 17.06, 2179);
insert into container (container_id, tare, gross, payload, isocode) values (5982865, 58.72, 29.49, 88.21, 1846);
insert into container (container_id, tare, gross, payload, isocode) values (9845504, 83.72, 71.66, 155.38, 3261);
insert into container (container_id, tare, gross, payload, isocode) values (5789700, 25.32, 7.9, 33.22, 2963);
insert into container (container_id, tare, gross, payload, isocode) values (6451050, 5.18, 49.8, 54.98, 1309);
insert into container (container_id, tare, gross, payload, isocode) values (9752298, 54.26, 36.77, 91.03, 1855);
insert into container (container_id, tare, gross, payload, isocode) values (9977728, 81.63, 18.45, 100.08, 3357);
insert into container (container_id, tare, gross, payload, isocode) values (5683858, 68.69, 60.31, 129.0, 3342);
insert into container (container_id, tare, gross, payload, isocode) values (2322868, 95.19, 17.91, 113.1, 3217);
insert into container (container_id, tare, gross, payload, isocode) values (122488, 23.96, 33.77, 57.73, 2227);
insert into container (container_id, tare, gross, payload, isocode) values (8928241, 8.7, 53.58, 62.28, 1278);
insert into container (container_id, tare, gross, payload, isocode) values (4774533, 45.8, 66.97, 112.77, 1307);
insert into container (container_id, tare, gross, payload, isocode) values (6589883, 8.63, 88.23, 96.86, 1411);
insert into container (container_id, tare, gross, payload, isocode) values (8059722, 41.01, 98.15, 139.16, 4762);
insert into container (container_id, tare, gross, payload, isocode) values (7778636, 87.47, 76.72, 164.19, 3064);
insert into container (container_id, tare, gross, payload, isocode) values (8763855, 99.98, 55.38, 155.36, 1091);
insert into container (container_id, tare, gross, payload, isocode) values (3587136, 55.61, 32.78, 88.39, 2319);
insert into container (container_id, tare, gross, payload, isocode) values (6409960, 7.71, 43.99, 51.7, 1259);
insert into container (container_id, tare, gross, payload, isocode) values (9874086, 19.54, 49.43, 68.97, 4029);
insert into container (container_id, tare, gross, payload, isocode) values (5019213, 38.01, 64.09, 102.1, 1341);
insert into container (container_id, tare, gross, payload, isocode) values (3760501, 55.57, 75.49, 131.06, 2737);
insert into container (container_id, tare, gross, payload, isocode) values (4142370, 53.62, 93.02, 146.64, 3530);
insert into container (container_id, tare, gross, payload, isocode) values (9280628, 55.61, 69.77, 125.38, 1475);
insert into container (container_id, tare, gross, payload, isocode) values (6558839, 37.94, 35.0, 72.94, 1704);
insert into container (container_id, tare, gross, payload, isocode) values (4993946, 14.5, 27.2, 41.7, 2860);
insert into container (container_id, tare, gross, payload, isocode) values (133065, 27.31, 88.11, 115.42, 2919);
insert into container (container_id, tare, gross, payload, isocode) values (3753096, 88.0, 43.22, 131.22, 4696);
insert into container (container_id, tare, gross, payload, isocode) values (790684, 83.5, 80.23, 163.73, 2035);
insert into container (container_id, tare, gross, payload, isocode) values (8574023, 50.65, 2.33, 52.98, 4433);
insert into container (container_id, tare, gross, payload, isocode) values (4162565, 99.81, 85.61, 185.42, 1136);
insert into container (container_id, tare, gross, payload, isocode) values (4924955, 24.53, 89.67, 114.2, 2264);
insert into container (container_id, tare, gross, payload, isocode) values (7840775, 22.1, 45.34, 67.44, 4239);
insert into container (container_id, tare, gross, payload, isocode) values (5577067, 51.9, 67.04, 118.94, 1971);
insert into container (container_id, tare, gross, payload, isocode) values (4411636, 58.75, 28.31, 87.06, 4466);
insert into container (container_id, tare, gross, payload, isocode) values (9496641, 11.91, 32.17, 44.08, 1897);
insert into container (container_id, tare, gross, payload, isocode) values (1123490, 51.03, 3.82, 54.85, 1553);
insert into container (container_id, tare, gross, payload, isocode) values (1738638, 4.43, 41.16, 45.59, 3772);
insert into container (container_id, tare, gross, payload, isocode) values (9892633, 82.38, 90.06, 172.44, 2243);
insert into container (container_id, tare, gross, payload, isocode) values (7514776, 52.99, 13.01, 66.0, 1767);
insert into container (container_id, tare, gross, payload, isocode) values (6107423, 46.54, 8.22, 54.76, 4669);
insert into container (container_id, tare, gross, payload, isocode) values (8039713, 79.85, 31.8, 111.65, 4301);
insert into container (container_id, tare, gross, payload, isocode) values (9001569, 35.32, 42.65, 77.97, 3457);
insert into container (container_id, tare, gross, payload, isocode) values (2096251, 54.49, 85.5, 139.99, 1908);
insert into container (container_id, tare, gross, payload, isocode) values (7489426, 84.75, 14.52, 99.27, 2327);
insert into container (container_id, tare, gross, payload, isocode) values (9946077, 21.55, 98.21, 119.76, 3916);
insert into container (container_id, tare, gross, payload, isocode) values (8356455, 43.23, 59.96, 103.19, 4011);
insert into container (container_id, tare, gross, payload, isocode) values (9605893, 23.23, 31.36, 54.59, 1007);
insert into container (container_id, tare, gross, payload, isocode) values (1555143, 86.27, 8.97, 95.24, 2041);
insert into container (container_id, tare, gross, payload, isocode) values (8475727, 24.44, 78.15, 102.59, 2736);
insert into container (container_id, tare, gross, payload, isocode) values (3492860, 61.53, 53.57, 115.1, 4212);
insert into container (container_id, tare, gross, payload, isocode) values (8501002, 14.31, 17.43, 31.74, 3032);
insert into container (container_id, tare, gross, payload, isocode) values (1736584, 58.96, 56.38, 115.34, 2524);
insert into container (container_id, tare, gross, payload, isocode) values (4299262, 32.57, 30.45, 63.02, 3484);
insert into container (container_id, tare, gross, payload, isocode) values (8591341, 19.23, 76.2, 95.43, 1838);
insert into container (container_id, tare, gross, payload, isocode) values (863716, 51.75, 74.51, 126.26, 3286);
insert into container (container_id, tare, gross, payload, isocode) values (5626896, 45.06, 33.98, 79.04, 1529);
insert into container (container_id, tare, gross, payload, isocode) values (2650387, 75.73, 52.04, 127.77, 1549);
insert into container (container_id, tare, gross, payload, isocode) values (9019057, 89.15, 29.42, 118.57, 3572);
insert into container (container_id, tare, gross, payload, isocode) values (2693114, 62.45, 46.97, 109.42, 1064);
insert into container (container_id, tare, gross, payload, isocode) values (7104943, 36.01, 47.6, 83.61, 1341);
insert into container (container_id, tare, gross, payload, isocode) values (441419, 40.38, 76.69, 117.07, 4644);
insert into container (container_id, tare, gross, payload, isocode) values (4783022, 47.19, 36.35, 83.54, 3525);
insert into container (container_id, tare, gross, payload, isocode) values (5579420, 90.83, 4.02, 94.85, 4693);
insert into container (container_id, tare, gross, payload, isocode) values (7078879, 85.31, 6.84, 92.15, 4971);
insert into container (container_id, tare, gross, payload, isocode) values (6807391, 15.6, 77.75, 93.35, 1217);
insert into container (container_id, tare, gross, payload, isocode) values (7874154, 32.86, 15.32, 48.18, 1643);
insert into container (container_id, tare, gross, payload, isocode) values (2609773, 87.45, 82.16, 169.61, 1310);
insert into container (container_id, tare, gross, payload, isocode) values (9741567, 68.03, 57.23, 125.26, 3060);
insert into container (container_id, tare, gross, payload, isocode) values (8546378, 36.11, 51.22, 87.33, 4044);
insert into container (container_id, tare, gross, payload, isocode) values (6397520, 66.18, 97.49, 163.67, 3365);
insert into container (container_id, tare, gross, payload, isocode) values (8914667, 64.28, 45.0, 109.28, 4522);
insert into container (container_id, tare, gross, payload, isocode) values (9143577, 79.31, 46.31, 125.62, 3020);
insert into container (container_id, tare, gross, payload, isocode) values (4326904, 95.64, 89.15, 184.79, 2045);
insert into container (container_id, tare, gross, payload, isocode) values (9137286, 59.13, 24.23, 83.36, 3617);
insert into container (container_id, tare, gross, payload, isocode) values (1305336, 4.19, 52.48, 56.67, 4233);
insert into container (container_id, tare, gross, payload, isocode) values (2136499, 57.68, 57.79, 115.47, 2867);
insert into container (container_id, tare, gross, payload, isocode) values (6198473, 70.02, 61.01, 131.03, 2105);
insert into container (container_id, tare, gross, payload, isocode) values (9764185, 6.66, 66.7, 73.36, 1218);
insert into container (container_id, tare, gross, payload, isocode) values (938340, 44.54, 7.04, 51.58, 4731);
insert into container (container_id, tare, gross, payload, isocode) values (896255, 63.93, 91.13, 155.06, 2782);
insert into container (container_id, tare, gross, payload, isocode) values (4404245, 9.35, 24.56, 33.91, 2618);
insert into container (container_id, tare, gross, payload, isocode) values (5947097, 57.5, 37.59, 95.09, 3355);
insert into container (container_id, tare, gross, payload, isocode) values (86822, 8.28, 87.87, 96.15, 2216);
insert into container (container_id, tare, gross, payload, isocode) values (3723819, 86.9, 64.83, 151.73, 3023);
insert into container (container_id, tare, gross, payload, isocode) values (1029352, 87.75, 42.69, 130.44, 3139);
insert into container (container_id, tare, gross, payload, isocode) values (4322877, 90.86, 98.39, 189.25, 3017);
insert into container (container_id, tare, gross, payload, isocode) values (5015254, 1.47, 19.59, 21.06, 2037);
insert into container (container_id, tare, gross, payload, isocode) values (7682515, 25.48, 50.78, 76.26, 2947);
insert into container (container_id, tare, gross, payload, isocode) values (5841368, 54.77, 55.38, 110.15, 1480);
insert into container (container_id, tare, gross, payload, isocode) values (2733809, 75.87, 22.47, 98.34, 4902);
insert into container (container_id, tare, gross, payload, isocode) values (8056115, 41.35, 53.32, 94.67, 2448);
insert into container (container_id, tare, gross, payload, isocode) values (7560668, 38.01, 99.07, 137.08, 3777);
insert into container (container_id, tare, gross, payload, isocode) values (7082372, 44.34, 91.7, 136.04, 1428);
insert into container (container_id, tare, gross, payload, isocode) values (5655299, 91.66, 27.96, 119.62, 1430);
insert into container (container_id, tare, gross, payload, isocode) values (5308377, 78.37, 75.22, 153.59, 4117);
insert into container (container_id, tare, gross, payload, isocode) values (9216307, 44.24, 43.83, 88.07, 4310);
insert into container (container_id, tare, gross, payload, isocode) values (2031503, 69.46, 86.9, 156.36, 4016);
insert into container (container_id, tare, gross, payload, isocode) values (9978599, 39.32, 83.61, 122.93, 1817);
insert into container (container_id, tare, gross, payload, isocode) values (978199, 31.67, 15.87, 47.54, 3177);
insert into container (container_id, tare, gross, payload, isocode) values (4481941, 99.82, 68.95, 168.77, 3173);
insert into container (container_id, tare, gross, payload, isocode) values (2672406, 8.41, 81.77, 90.18, 3241);
insert into container (container_id, tare, gross, payload, isocode) values (1987586, 31.79, 38.63, 70.42, 3239);
insert into container (container_id, tare, gross, payload, isocode) values (7807239, 60.22, 86.37, 146.59, 3685);
insert into container (container_id, tare, gross, payload, isocode) values (144449, 92.63, 43.39, 136.02, 1600);
insert into container (container_id, tare, gross, payload, isocode) values (9795786, 61.41, 54.52, 115.93, 1630);
insert into container (container_id, tare, gross, payload, isocode) values (5312279, 66.62, 18.1, 84.72, 2167);
insert into container (container_id, tare, gross, payload, isocode) values (7749375, 36.88, 80.81, 117.69, 4570);
insert into container (container_id, tare, gross, payload, isocode) values (2504454, 46.7, 62.19, 108.89, 1669);
insert into container (container_id, tare, gross, payload, isocode) values (1558071, 98.86, 31.05, 129.91, 2433);
insert into container (container_id, tare, gross, payload, isocode) values (1962396, 55.25, 26.44, 81.69, 4703);
insert into container (container_id, tare, gross, payload, isocode) values (2353883, 69.56, 40.62, 110.18, 3751);
insert into container (container_id, tare, gross, payload, isocode) values (3434488, 32.09, 44.65, 76.74, 4174);
insert into container (container_id, tare, gross, payload, isocode) values (1418596, 7.09, 90.36, 97.45, 2698);
insert into container (container_id, tare, gross, payload, isocode) values (6956397, 85.74, 50.94, 136.68, 2879);
insert into container (container_id, tare, gross, payload, isocode) values (123768, 25.64, 94.41, 120.05, 1762);
insert into container (container_id, tare, gross, payload, isocode) values (2722759, 54.61, 8.39, 63.0, 1707);
insert into container (container_id, tare, gross, payload, isocode) values (6458130, 7.94, 85.55, 93.49, 2151);
insert into container (container_id, tare, gross, payload, isocode) values (9608504, 81.96, 2.45, 84.41, 4021);
insert into container (container_id, tare, gross, payload, isocode) values (3462818, 27.43, 41.92, 69.35, 4717);
insert into container (container_id, tare, gross, payload, isocode) values (6724197, 29.69, 5.73, 35.42, 2606);
insert into container (container_id, tare, gross, payload, isocode) values (5659368, 16.46, 12.67, 29.13, 4325);
insert into container (container_id, tare, gross, payload, isocode) values (1274563, 1.03, 83.46, 84.49, 2109);
insert into container (container_id, tare, gross, payload, isocode) values (837583, 98.79, 13.41, 112.2, 1176);
insert into container (container_id, tare, gross, payload, isocode) values (586095, 59.98, 37.76, 97.74, 4050);
insert into container (container_id, tare, gross, payload, isocode) values (9661114, 24.96, 5.81, 30.77, 4938);
insert into container (container_id, tare, gross, payload, isocode) values (7572031, 46.44, 58.94, 105.38, 3345);
insert into container (container_id, tare, gross, payload, isocode) values (8218495, 75.97, 99.71, 175.68, 1994);
insert into container (container_id, tare, gross, payload, isocode) values (2767540, 18.54, 53.84, 72.38, 4170);
insert into container (container_id, tare, gross, payload, isocode) values (745998, 8.53, 8.58, 17.11, 1711);
insert into container (container_id, tare, gross, payload, isocode) values (3795095, 78.39, 97.83, 176.22, 3907);
insert into container (container_id, tare, gross, payload, isocode) values (1986974, 50.82, 81.64, 132.46, 3827);
insert into container (container_id, tare, gross, payload, isocode) values (6889907, 81.21, 27.1, 108.31, 2925);
insert into container (container_id, tare, gross, payload, isocode) values (5638346, 48.88, 42.03, 90.91, 4069);
insert into container (container_id, tare, gross, payload, isocode) values (540114, 81.69, 93.65, 175.34, 3400);
insert into container (container_id, tare, gross, payload, isocode) values (8935466, 27.61, 56.1, 83.71, 1357);
insert into container (container_id, tare, gross, payload, isocode) values (3576467, 12.34, 14.05, 26.39, 2041);
insert into container (container_id, tare, gross, payload, isocode) values (8498533, 45.97, 7.98, 53.95, 4002);
insert into container (container_id, tare, gross, payload, isocode) values (6278703, 45.39, 24.65, 70.04, 3939);
insert into container (container_id, tare, gross, payload, isocode) values (5985041, 1.62, 66.11, 67.73, 3287);
insert into container (container_id, tare, gross, payload, isocode) values (3000853, 85.87, 52.32, 138.19, 2652);
insert into container (container_id, tare, gross, payload, isocode) values (8950208, 72.24, 10.48, 82.72, 4197);
insert into container (container_id, tare, gross, payload, isocode) values (9987446, 28.19, 19.39, 47.58, 4210);
insert into container (container_id, tare, gross, payload, isocode) values (810979, 36.93, 38.48, 75.41, 4693);
insert into container (container_id, tare, gross, payload, isocode) values (9226749, 75.23, 51.98, 127.21, 3947);
insert into container (container_id, tare, gross, payload, isocode) values (3989030, 98.76, 77.98, 176.74, 1013);
insert into container (container_id, tare, gross, payload, isocode) values (9203377, 37.84, 83.58, 121.42, 1169);
insert into container (container_id, tare, gross, payload, isocode) values (283730, 86.02, 47.21, 133.23, 2881);
insert into container (container_id, tare, gross, payload, isocode) values (4074022, 47.71, 66.03, 113.74, 2373);
insert into container (container_id, tare, gross, payload, isocode) values (7459573, 77.52, 43.84, 121.36, 2265);
insert into container (container_id, tare, gross, payload, isocode) values (9466123, 31.44, 34.1, 65.54, 4650);
insert into container (container_id, tare, gross, payload, isocode) values (5540054, 90.5, 24.02, 114.52, 1962);
insert into container (container_id, tare, gross, payload, isocode) values (7857665, 45.81, 91.39, 137.2, 4285);
insert into container (container_id, tare, gross, payload, isocode) values (1277238, 99.67, 9.74, 109.41, 1423);
insert into container (container_id, tare, gross, payload, isocode) values (2750735, 90.94, 20.95, 111.89, 1110);
insert into container (container_id, tare, gross, payload, isocode) values (5359558, 26.04, 39.73, 65.77, 1578);
insert into container (container_id, tare, gross, payload, isocode) values (6915770, 89.39, 31.63, 121.02, 1729);
insert into container (container_id, tare, gross, payload, isocode) values (5351520, 4.43, 46.84, 51.27, 4212);
insert into container (container_id, tare, gross, payload, isocode) values (6680360, 48.33, 29.8, 78.13, 4015);
insert into container (container_id, tare, gross, payload, isocode) values (3401835, 94.21, 69.93, 164.14, 3143);
insert into container (container_id, tare, gross, payload, isocode) values (6064923, 3.9, 41.74, 45.64, 4807);
insert into container (container_id, tare, gross, payload, isocode) values (4220768, 13.17, 4.8, 17.97, 3547);
insert into container (container_id, tare, gross, payload, isocode) values (8529220, 51.15, 87.11, 138.26, 4988);
insert into container (container_id, tare, gross, payload, isocode) values (6215351, 38.4, 54.25, 92.65, 4323);
insert into container (container_id, tare, gross, payload, isocode) values (5919556, 24.41, 23.98, 48.39, 2441);
insert into container (container_id, tare, gross, payload, isocode) values (857965, 82.51, 53.93, 136.44, 2020);
insert into container (container_id, tare, gross, payload, isocode) values (7226444, 9.8, 36.62, 46.42, 4872);
insert into container (container_id, tare, gross, payload, isocode) values (7852564, 77.98, 88.51, 166.49, 4883);
insert into container (container_id, tare, gross, payload, isocode) values (9917166, 65.33, 95.45, 160.78, 4905);
insert into container (container_id, tare, gross, payload, isocode) values (7850304, 29.94, 86.28, 116.22, 4487);
insert into container (container_id, tare, gross, payload, isocode) values (1573723, 4.08, 56.78, 60.86, 1523);
insert into container (container_id, tare, gross, payload, isocode) values (7511557, 27.9, 71.7, 99.6, 2475);
insert into container (container_id, tare, gross, payload, isocode) values (1623809, 47.2, 98.72, 145.92, 1195);
insert into container (container_id, tare, gross, payload, isocode) values (3652803, 42.14, 24.92, 67.06, 4349);
insert into container (container_id, tare, gross, payload, isocode) values (2818829, 81.21, 72.64, 153.85, 1962);
insert into container (container_id, tare, gross, payload, isocode) values (4897238, 47.59, 55.1, 102.69, 2492);
insert into container (container_id, tare, gross, payload, isocode) values (8255706, 20.23, 77.15, 97.38, 2929);
insert into container (container_id, tare, gross, payload, isocode) values (8889089, 34.33, 50.27, 84.6, 2861);
insert into container (container_id, tare, gross, payload, isocode) values (5967879, 22.81, 74.08, 96.89, 1690);
insert into container (container_id, tare, gross, payload, isocode) values (3921493, 22.15, 96.87, 119.02, 3732);
insert into container (container_id, tare, gross, payload, isocode) values (5179239, 32.8, 19.01, 51.81, 2871);
insert into container (container_id, tare, gross, payload, isocode) values (6441995, 27.6, 72.67, 100.27, 2069);
insert into container (container_id, tare, gross, payload, isocode) values (551621, 44.54, 1.7, 46.24, 3237);
insert into container (container_id, tare, gross, payload, isocode) values (8965558, 56.28, 64.3, 120.58, 4209);
insert into container (container_id, tare, gross, payload, isocode) values (8213390, 49.62, 2.96, 52.58, 2604);
insert into container (container_id, tare, gross, payload, isocode) values (7515848, 6.85, 96.86, 103.71, 4318);
insert into container (container_id, tare, gross, payload, isocode) values (7136029, 73.35, 42.87, 116.22, 3250);
insert into container (container_id, tare, gross, payload, isocode) values (961837, 93.09, 94.16, 187.25, 2303);
insert into container (container_id, tare, gross, payload, isocode) values (5063635, 97.56, 66.55, 164.11, 4772);
insert into container (container_id, tare, gross, payload, isocode) values (2753171, 52.12, 56.55, 108.67, 2442);
insert into container (container_id, tare, gross, payload, isocode) values (3913156, 45.22, 21.18, 66.4, 1896);
insert into container (container_id, tare, gross, payload, isocode) values (6107524, 83.57, 94.15, 177.72, 3975);
insert into container (container_id, tare, gross, payload, isocode) values (7525736, 67.86, 7.21, 75.07, 2364);
insert into container (container_id, tare, gross, payload, isocode) values (6626959, 67.87, 14.12, 81.99, 1642);
insert into container (container_id, tare, gross, payload, isocode) values (1152784, 18.92, 54.11, 73.03, 2018);
insert into container (container_id, tare, gross, payload, isocode) values (2755128, 70.93, 93.01, 163.94, 1229);
insert into container (container_id, tare, gross, payload, isocode) values (3513855, 10.93, 46.47, 57.4, 1685);
insert into container (container_id, tare, gross, payload, isocode) values (9469931, 28.56, 88.43, 116.99, 2168);
insert into container (container_id, tare, gross, payload, isocode) values (4515914, 36.05, 89.84, 125.89, 4534);
insert into container (container_id, tare, gross, payload, isocode) values (7715183, 56.91, 46.48, 103.39, 2038);
insert into container (container_id, tare, gross, payload, isocode) values (309787, 6.25, 36.73, 42.98, 3823);
insert into container (container_id, tare, gross, payload, isocode) values (2913804, 12.74, 72.55, 85.29, 2222);
insert into container (container_id, tare, gross, payload, isocode) values (4399451, 81.65, 85.43, 167.08, 1595);
insert into container (container_id, tare, gross, payload, isocode) values (386410, 85.33, 71.51, 156.84, 1912);
insert into container (container_id, tare, gross, payload, isocode) values (8539085, 7.92, 28.78, 36.7, 2038);
insert into container (container_id, tare, gross, payload, isocode) values (9355505, 87.26, 75.27, 162.53, 4646);
insert into container (container_id, tare, gross, payload, isocode) values (9000932, 13.28, 20.8, 34.08, 4880);
insert into container (container_id, tare, gross, payload, isocode) values (2116393, 36.01, 37.69, 73.7, 1161);
insert into container (container_id, tare, gross, payload, isocode) values (2549246, 61.48, 17.74, 79.22, 1846);
insert into container (container_id, tare, gross, payload, isocode) values (6191019, 55.97, 95.44, 151.41, 4012);
insert into container (container_id, tare, gross, payload, isocode) values (6955932, 95.0, 59.94, 154.94, 3101);
insert into container (container_id, tare, gross, payload, isocode) values (3272382, 86.52, 57.84, 144.36, 4477);
insert into container (container_id, tare, gross, payload, isocode) values (1475321, 95.57, 3.48, 99.05, 3816);
insert into container (container_id, tare, gross, payload, isocode) values (666915, 48.96, 68.88, 117.84, 2123);
insert into container (container_id, tare, gross, payload, isocode) values (4107082, 23.75, 48.97, 72.72, 2887);
insert into container (container_id, tare, gross, payload, isocode) values (3011850, 61.95, 93.59, 155.54, 2076);
insert into container (container_id, tare, gross, payload, isocode) values (1506075, 61.63, 64.82, 126.45, 2848);
insert into container (container_id, tare, gross, payload, isocode) values (5887416, 94.94, 12.91, 107.85, 1578);
insert into container (container_id, tare, gross, payload, isocode) values (7636252, 33.58, 83.43, 117.01, 4235);
insert into container (container_id, tare, gross, payload, isocode) values (8527619, 77.67, 30.82, 108.49, 2425);
insert into container (container_id, tare, gross, payload, isocode) values (3355821, 51.47, 40.92, 92.39, 4353);
insert into container (container_id, tare, gross, payload, isocode) values (5002135, 92.9, 58.45, 151.35, 2576);
insert into container (container_id, tare, gross, payload, isocode) values (3143910, 60.71, 91.28, 151.99, 2250);
insert into container (container_id, tare, gross, payload, isocode) values (7305599, 98.36, 14.38, 112.74, 3464);
insert into container (container_id, tare, gross, payload, isocode) values (6686080, 74.5, 22.44, 96.94, 2924);
insert into container (container_id, tare, gross, payload, isocode) values (2661497, 78.87, 29.16, 108.03, 3716);
insert into container (container_id, tare, gross, payload, isocode) values (2877511, 70.28, 11.71, 81.99, 4688);
insert into container (container_id, tare, gross, payload, isocode) values (4847076, 15.42, 45.63, 61.05, 1195);
insert into container (container_id, tare, gross, payload, isocode) values (3113560, 32.36, 41.12, 73.48, 3310);
insert into container (container_id, tare, gross, payload, isocode) values (7213722, 41.09, 34.3, 75.39, 3526);
insert into container (container_id, tare, gross, payload, isocode) values (1049486, 68.43, 22.46, 90.89, 4409);
insert into container (container_id, tare, gross, payload, isocode) values (4889108, 5.31, 31.78, 37.09, 4056);
insert into container (container_id, tare, gross, payload, isocode) values (8284377, 52.58, 92.45, 145.03, 1630);
insert into container (container_id, tare, gross, payload, isocode) values (1382188, 96.16, 18.34, 114.5, 4646);
insert into container (container_id, tare, gross, payload, isocode) values (2802505, 40.54, 96.14, 136.68, 4013);
--400 containers inserted

insert into containerincargomanifest (container_id, cargomanifest_id, temperature_kept) values (9803333, 87507, null);
insert into containerincargomanifest (container_id, cargomanifest_id, temperature_kept) values (1386341, 30009, -18);
insert into containerincargomanifest (container_id, cargomanifest_id, temperature_kept) values (531766, 25442, -1);
insert into containerincargomanifest (container_id, cargomanifest_id, temperature_kept) values (3086183, 47409, null);
insert into containerincargomanifest (container_id, cargomanifest_id, temperature_kept) values (8335151, 64229, 9);
insert into containerincargomanifest (container_id, cargomanifest_id, temperature_kept) values (9333060, 53304, -10);
insert into containerincargomanifest (container_id, cargomanifest_id, temperature_kept) values (2973602, 25442, 21);
insert into containerincargomanifest (container_id, cargomanifest_id, temperature_kept) values (6075721, 11031, 24);
insert into containerincargomanifest (container_id, cargomanifest_id, temperature_kept) values (8519913, 54091, -8);
insert into containerincargomanifest (container_id, cargomanifest_id, temperature_kept) values (8864057, 723, 3);
insert into containerincargomanifest (container_id, cargomanifest_id, temperature_kept) values (6479280, 62590, null);
insert into containerincargomanifest (container_id, cargomanifest_id, temperature_kept) values (3951071, 77328, 8);
insert into containerincargomanifest (container_id, cargomanifest_id, temperature_kept) values (5210890, 67603, null);
insert into containerincargomanifest (container_id, cargomanifest_id, temperature_kept) values (6879109, 12366, null);
insert into containerincargomanifest (container_id, cargomanifest_id, temperature_kept) values (5035824, 54561, 5);
insert into containerincargomanifest (container_id, cargomanifest_id, temperature_kept) values (1524166, 93962, 0);
insert into containerincargomanifest (container_id, cargomanifest_id, temperature_kept) values (9659312, 9004, 24);
insert into containerincargomanifest (container_id, cargomanifest_id, temperature_kept) values (4300882, 73258, null);
insert into containerincargomanifest (container_id, cargomanifest_id, temperature_kept) values (1857493, 45806, -22);
insert into containerincargomanifest (container_id, cargomanifest_id, temperature_kept) values (4504662, 25442, 22);
insert into containerincargomanifest (container_id, cargomanifest_id, temperature_kept) values (4216799, 54561, -9);
insert into containerincargomanifest (container_id, cargomanifest_id, temperature_kept) values (6657019, 45228, null);
insert into containerincargomanifest (container_id, cargomanifest_id, temperature_kept) values (5248256, 85242, 7);
insert into containerincargomanifest (container_id, cargomanifest_id, temperature_kept) values (7964863, 73258, 4);
insert into containerincargomanifest (container_id, cargomanifest_id, temperature_kept) values (9279781, 78548, 18);
insert into containerincargomanifest (container_id, cargomanifest_id, temperature_kept) values (9419579, 62698, 16);
insert into containerincargomanifest (container_id, cargomanifest_id, temperature_kept) values (7214991, 67603, null);
insert into containerincargomanifest (container_id, cargomanifest_id, temperature_kept) values (2575956, 52328, 7);
insert into containerincargomanifest (container_id, cargomanifest_id, temperature_kept) values (2348350, 80342, 13);
insert into containerincargomanifest (container_id, cargomanifest_id, temperature_kept) values (8512993, 57546, -7);
insert into containerincargomanifest (container_id, cargomanifest_id, temperature_kept) values (9292064, 34491, -8);
insert into containerincargomanifest (container_id, cargomanifest_id, temperature_kept) values (9427410, 2163, null);
insert into containerincargomanifest (container_id, cargomanifest_id, temperature_kept) values (7863279, 45228, 10);
insert into containerincargomanifest (container_id, cargomanifest_id, temperature_kept) values (1772644, 37588, -15);
insert into containerincargomanifest (container_id, cargomanifest_id, temperature_kept) values (682790, 9062, 19);
insert into containerincargomanifest (container_id, cargomanifest_id, temperature_kept) values (9554295, 25442, null);
insert into containerincargomanifest (container_id, cargomanifest_id, temperature_kept) values (9883497, 86476, -25);
insert into containerincargomanifest (container_id, cargomanifest_id, temperature_kept) values (505155, 30009, null);
insert into containerincargomanifest (container_id, cargomanifest_id, temperature_kept) values (209885, 3598, -30);
insert into containerincargomanifest (container_id, cargomanifest_id, temperature_kept) values (4853420, 82845, -25);
insert into containerincargomanifest (container_id, cargomanifest_id, temperature_kept) values (9868404, 45806, -8);
insert into containerincargomanifest (container_id, cargomanifest_id, temperature_kept) values (10933, 62698, null);
insert into containerincargomanifest (container_id, cargomanifest_id, temperature_kept) values (9761539, 34491, 7);
insert into containerincargomanifest (container_id, cargomanifest_id, temperature_kept) values (2019607, 79225, 10);
insert into containerincargomanifest (container_id, cargomanifest_id, temperature_kept) values (2983468, 57546, 2);
insert into containerincargomanifest (container_id, cargomanifest_id, temperature_kept) values (7065594, 69477, -17);
insert into containerincargomanifest (container_id, cargomanifest_id, temperature_kept) values (9578352, 9062, 3);
insert into containerincargomanifest (container_id, cargomanifest_id, temperature_kept) values (3422706, 54561, -26);
insert into containerincargomanifest (container_id, cargomanifest_id, temperature_kept) values (4390453, 30009, 11);
insert into containerincargomanifest (container_id, cargomanifest_id, temperature_kept) values (3221270, 9062, null);
insert into containerincargomanifest (container_id, cargomanifest_id, temperature_kept) values (8234084, 19821, null);
insert into containerincargomanifest (container_id, cargomanifest_id, temperature_kept) values (7978977, 2163, null);
insert into containerincargomanifest (container_id, cargomanifest_id, temperature_kept) values (307890, 57546, null);
insert into containerincargomanifest (container_id, cargomanifest_id, temperature_kept) values (2061543, 34491, 0);
insert into containerincargomanifest (container_id, cargomanifest_id, temperature_kept) values (3904478, 62590, null);
insert into containerincargomanifest (container_id, cargomanifest_id, temperature_kept) values (722415, 57546, null);
insert into containerincargomanifest (container_id, cargomanifest_id, temperature_kept) values (1065235, 66729, 13);
insert into containerincargomanifest (container_id, cargomanifest_id, temperature_kept) values (1866154, 3598, -25);
insert into containerincargomanifest (container_id, cargomanifest_id, temperature_kept) values (708747, 93962, null);
insert into containerincargomanifest (container_id, cargomanifest_id, temperature_kept) values (9666660, 79225, 18);
insert into containerincargomanifest (container_id, cargomanifest_id, temperature_kept) values (6122391, 47409, -21);
insert into containerincargomanifest (container_id, cargomanifest_id, temperature_kept) values (3908753, 69477, -28);
insert into containerincargomanifest (container_id, cargomanifest_id, temperature_kept) values (9326301, 45228, -3);
insert into containerincargomanifest (container_id, cargomanifest_id, temperature_kept) values (1354371, 9004, -21);
insert into containerincargomanifest (container_id, cargomanifest_id, temperature_kept) values (4953629, 2025, null);
insert into containerincargomanifest (container_id, cargomanifest_id, temperature_kept) values (4871217, 723, -24);
insert into containerincargomanifest (container_id, cargomanifest_id, temperature_kept) values (3705156, 39823, -11);
insert into containerincargomanifest (container_id, cargomanifest_id, temperature_kept) values (3761220, 96922, null);
insert into containerincargomanifest (container_id, cargomanifest_id, temperature_kept) values (3633640, 62590, null);
insert into containerincargomanifest (container_id, cargomanifest_id, temperature_kept) values (6049696, 78548, 21);
insert into containerincargomanifest (container_id, cargomanifest_id, temperature_kept) values (7977522, 3598, 5);
insert into containerincargomanifest (container_id, cargomanifest_id, temperature_kept) values (7800813, 53304, 23);
insert into containerincargomanifest (container_id, cargomanifest_id, temperature_kept) values (282200, 79225, -24);
insert into containerincargomanifest (container_id, cargomanifest_id, temperature_kept) values (6030852, 86476, null);
insert into containerincargomanifest (container_id, cargomanifest_id, temperature_kept) values (4578305, 64229, 25);
insert into containerincargomanifest (container_id, cargomanifest_id, temperature_kept) values (3292360, 96922, 4);
insert into containerincargomanifest (container_id, cargomanifest_id, temperature_kept) values (7927862, 69477, null);
insert into containerincargomanifest (container_id, cargomanifest_id, temperature_kept) values (2954426, 96922, 18);
insert into containerincargomanifest (container_id, cargomanifest_id, temperature_kept) values (4692520, 71971, 5);
insert into containerincargomanifest (container_id, cargomanifest_id, temperature_kept) values (4825735, 96922, -1);
insert into containerincargomanifest (container_id, cargomanifest_id, temperature_kept) values (2617744, 47409, 17);
insert into containerincargomanifest (container_id, cargomanifest_id, temperature_kept) values (8674855, 64229, -2);
insert into containerincargomanifest (container_id, cargomanifest_id, temperature_kept) values (7014398, 71971, null);
insert into containerincargomanifest (container_id, cargomanifest_id, temperature_kept) values (1360235, 54561, null);
insert into containerincargomanifest (container_id, cargomanifest_id, temperature_kept) values (4309735, 64229, -1);
insert into containerincargomanifest (container_id, cargomanifest_id, temperature_kept) values (4868136, 45228, null);
insert into containerincargomanifest (container_id, cargomanifest_id, temperature_kept) values (4467720, 62590, 7);
insert into containerincargomanifest (container_id, cargomanifest_id, temperature_kept) values (4101616, 47409, -2);
insert into containerincargomanifest (container_id, cargomanifest_id, temperature_kept) values (7827555, 77328, -15);
insert into containerincargomanifest (container_id, cargomanifest_id, temperature_kept) values (9010621, 3598, -29);
insert into containerincargomanifest (container_id, cargomanifest_id, temperature_kept) values (9275571, 9062, null);
insert into containerincargomanifest (container_id, cargomanifest_id, temperature_kept) values (2343659, 9062, null);
insert into containerincargomanifest (container_id, cargomanifest_id, temperature_kept) values (1720027, 9062, null);
insert into containerincargomanifest (container_id, cargomanifest_id, temperature_kept) values (8019448, 71971, 22);
insert into containerincargomanifest (container_id, cargomanifest_id, temperature_kept) values (9551907, 45806, null);
insert into containerincargomanifest (container_id, cargomanifest_id, temperature_kept) values (7584299, 723, -27);
insert into containerincargomanifest (container_id, cargomanifest_id, temperature_kept) values (6586081, 48193, null);
insert into containerincargomanifest (container_id, cargomanifest_id, temperature_kept) values (4903273, 45806, 7);
insert into containerincargomanifest (container_id, cargomanifest_id, temperature_kept) values (1747858, 96922, null);
insert into containerincargomanifest (container_id, cargomanifest_id, temperature_kept) values (8794102, 96922, 7);
insert into containerincargomanifest (container_id, cargomanifest_id, temperature_kept) values (8054992, 82845, 2);
insert into containerincargomanifest (container_id, cargomanifest_id, temperature_kept) values (598775, 47409, -17);
insert into containerincargomanifest (container_id, cargomanifest_id, temperature_kept) values (2501672, 45228, 20);
insert into containerincargomanifest (container_id, cargomanifest_id, temperature_kept) values (3785436, 3598, 4);
insert into containerincargomanifest (container_id, cargomanifest_id, temperature_kept) values (2059763, 723, -26);
insert into containerincargomanifest (container_id, cargomanifest_id, temperature_kept) values (3848567, 9004, 13);
insert into containerincargomanifest (container_id, cargomanifest_id, temperature_kept) values (8561580, 78991, 21);
insert into containerincargomanifest (container_id, cargomanifest_id, temperature_kept) values (628900, 19821, -18);
insert into containerincargomanifest (container_id, cargomanifest_id, temperature_kept) values (140768, 77328, null);
insert into containerincargomanifest (container_id, cargomanifest_id, temperature_kept) values (8288132, 83244, 13);
insert into containerincargomanifest (container_id, cargomanifest_id, temperature_kept) values (739179, 83244, 11);
insert into containerincargomanifest (container_id, cargomanifest_id, temperature_kept) values (2469210, 2025, -3);
insert into containerincargomanifest (container_id, cargomanifest_id, temperature_kept) values (7248906, 62698, null);
insert into containerincargomanifest (container_id, cargomanifest_id, temperature_kept) values (3476951, 54561, -24);
insert into containerincargomanifest (container_id, cargomanifest_id, temperature_kept) values (4707570, 52328, -24);
insert into containerincargomanifest (container_id, cargomanifest_id, temperature_kept) values (2333562, 2025, 2);
insert into containerincargomanifest (container_id, cargomanifest_id, temperature_kept) values (3760110, 37588, null);
insert into containerincargomanifest (container_id, cargomanifest_id, temperature_kept) values (915050, 34491, 9);
insert into containerincargomanifest (container_id, cargomanifest_id, temperature_kept) values (5465471, 73258, 0);
insert into containerincargomanifest (container_id, cargomanifest_id, temperature_kept) values (5510727, 78548, null);
insert into containerincargomanifest (container_id, cargomanifest_id, temperature_kept) values (1053408, 3598, null);
insert into containerincargomanifest (container_id, cargomanifest_id, temperature_kept) values (269705, 59447, 22);
insert into containerincargomanifest (container_id, cargomanifest_id, temperature_kept) values (7701223, 64229, null);
insert into containerincargomanifest (container_id, cargomanifest_id, temperature_kept) values (2721157, 45806, 22);
insert into containerincargomanifest (container_id, cargomanifest_id, temperature_kept) values (2701262, 82845, null);
insert into containerincargomanifest (container_id, cargomanifest_id, temperature_kept) values (2183409, 19821, 20);
insert into containerincargomanifest (container_id, cargomanifest_id, temperature_kept) values (8364967, 82845, null);
insert into containerincargomanifest (container_id, cargomanifest_id, temperature_kept) values (9213039, 57650, -27);
insert into containerincargomanifest (container_id, cargomanifest_id, temperature_kept) values (4644478, 16358, 25);
insert into containerincargomanifest (container_id, cargomanifest_id, temperature_kept) values (7960424, 79225, -30);
insert into containerincargomanifest (container_id, cargomanifest_id, temperature_kept) values (110541, 723, -3);
insert into containerincargomanifest (container_id, cargomanifest_id, temperature_kept) values (2449204, 45806, -16);
insert into containerincargomanifest (container_id, cargomanifest_id, temperature_kept) values (9518347, 78991, null);
insert into containerincargomanifest (container_id, cargomanifest_id, temperature_kept) values (3213128, 80342, 2);
insert into containerincargomanifest (container_id, cargomanifest_id, temperature_kept) values (4687970, 9062, 23);
insert into containerincargomanifest (container_id, cargomanifest_id, temperature_kept) values (7684257, 54561, -2);
insert into containerincargomanifest (container_id, cargomanifest_id, temperature_kept) values (4166453, 85242, -8);
insert into containerincargomanifest (container_id, cargomanifest_id, temperature_kept) values (2814058, 79225, null);
insert into containerincargomanifest (container_id, cargomanifest_id, temperature_kept) values (2693992, 66729, null);
insert into containerincargomanifest (container_id, cargomanifest_id, temperature_kept) values (5734111, 87507, -12);
insert into containerincargomanifest (container_id, cargomanifest_id, temperature_kept) values (9070585, 73258, 8);
insert into containerincargomanifest (container_id, cargomanifest_id, temperature_kept) values (721797, 53304, -3);
insert into containerincargomanifest (container_id, cargomanifest_id, temperature_kept) values (7020916, 723, null);
insert into containerincargomanifest (container_id, cargomanifest_id, temperature_kept) values (1935697, 25442, -9);
insert into containerincargomanifest (container_id, cargomanifest_id, temperature_kept) values (5708813, 723, 25);
insert into containerincargomanifest (container_id, cargomanifest_id, temperature_kept) values (8542533, 93962, 10);
insert into containerincargomanifest (container_id, cargomanifest_id, temperature_kept) values (1858468, 48193, null);
insert into containerincargomanifest (container_id, cargomanifest_id, temperature_kept) values (8561707, 19821, null);
insert into containerincargomanifest (container_id, cargomanifest_id, temperature_kept) values (2262730, 45228, 21);
insert into containerincargomanifest (container_id, cargomanifest_id, temperature_kept) values (7609909, 69477, 24);
insert into containerincargomanifest (container_id, cargomanifest_id, temperature_kept) values (3509579, 12366, -17);
insert into containerincargomanifest (container_id, cargomanifest_id, temperature_kept) values (7189955, 85242, null);
insert into containerincargomanifest (container_id, cargomanifest_id, temperature_kept) values (5138381, 78991, null);
insert into containerincargomanifest (container_id, cargomanifest_id, temperature_kept) values (7788724, 53304, 18);
insert into containerincargomanifest (container_id, cargomanifest_id, temperature_kept) values (2355235, 54561, -14);
insert into containerincargomanifest (container_id, cargomanifest_id, temperature_kept) values (9113177, 47409, -14);
insert into containerincargomanifest (container_id, cargomanifest_id, temperature_kept) values (9834739, 73258, -13);
insert into containerincargomanifest (container_id, cargomanifest_id, temperature_kept) values (3196942, 54561, null);
insert into containerincargomanifest (container_id, cargomanifest_id, temperature_kept) values (8145745, 25442, -21);
insert into containerincargomanifest (container_id, cargomanifest_id, temperature_kept) values (2882607, 57650, null);
insert into containerincargomanifest (container_id, cargomanifest_id, temperature_kept) values (8419671, 723, 17);
insert into containerincargomanifest (container_id, cargomanifest_id, temperature_kept) values (6766832, 64229, -5);
insert into containerincargomanifest (container_id, cargomanifest_id, temperature_kept) values (7329290, 77328, 7);
insert into containerincargomanifest (container_id, cargomanifest_id, temperature_kept) values (4615675, 723, -2);
insert into containerincargomanifest (container_id, cargomanifest_id, temperature_kept) values (4661451, 87507, -13);
insert into containerincargomanifest (container_id, cargomanifest_id, temperature_kept) values (6069919, 71971, 12);
insert into containerincargomanifest (container_id, cargomanifest_id, temperature_kept) values (4810054, 9004, 16);
insert into containerincargomanifest (container_id, cargomanifest_id, temperature_kept) values (5982865, 45806, 18);
insert into containerincargomanifest (container_id, cargomanifest_id, temperature_kept) values (9845504, 54561, 6);
insert into containerincargomanifest (container_id, cargomanifest_id, temperature_kept) values (5789700, 11031, 19);
insert into containerincargomanifest (container_id, cargomanifest_id, temperature_kept) values (6451050, 54091, -2);
insert into containerincargomanifest (container_id, cargomanifest_id, temperature_kept) values (9752298, 2163, 13);
insert into containerincargomanifest (container_id, cargomanifest_id, temperature_kept) values (9977728, 78991, 2);
insert into containerincargomanifest (container_id, cargomanifest_id, temperature_kept) values (5683858, 9004, 10);
insert into containerincargomanifest (container_id, cargomanifest_id, temperature_kept) values (2322868, 9004, 19);
insert into containerincargomanifest (container_id, cargomanifest_id, temperature_kept) values (122488, 91736, -9);
insert into containerincargomanifest (container_id, cargomanifest_id, temperature_kept) values (8928241, 78991, null);
insert into containerincargomanifest (container_id, cargomanifest_id, temperature_kept) values (4774533, 78991, null);
insert into containerincargomanifest (container_id, cargomanifest_id, temperature_kept) values (6589883, 52328, 3);
insert into containerincargomanifest (container_id, cargomanifest_id, temperature_kept) values (8059722, 73258, -8);
insert into containerincargomanifest (container_id, cargomanifest_id, temperature_kept) values (7778636, 83244, -12);
insert into containerincargomanifest (container_id, cargomanifest_id, temperature_kept) values (8763855, 45806, null);
insert into containerincargomanifest (container_id, cargomanifest_id, temperature_kept) values (3587136, 67603, -6);
insert into containerincargomanifest (container_id, cargomanifest_id, temperature_kept) values (6409960, 48193, 16);
insert into containerincargomanifest (container_id, cargomanifest_id, temperature_kept) values (9874086, 45806, -1);
insert into containerincargomanifest (container_id, cargomanifest_id, temperature_kept) values (5019213, 62590, null);
insert into containerincargomanifest (container_id, cargomanifest_id, temperature_kept) values (3760501, 78548, 4);
insert into containerincargomanifest (container_id, cargomanifest_id, temperature_kept) values (4142370, 45228, -21);
insert into containerincargomanifest (container_id, cargomanifest_id, temperature_kept) values (9280628, 89260, null);
insert into containerincargomanifest (container_id, cargomanifest_id, temperature_kept) values (6558839, 45228, 2);
insert into containerincargomanifest (container_id, cargomanifest_id, temperature_kept) values (4993946, 64229, null);
insert into containerincargomanifest (container_id, cargomanifest_id, temperature_kept) values (133065, 91736, -17);
insert into containerincargomanifest (container_id, cargomanifest_id, temperature_kept) values (3753096, 39823, null);
insert into containerincargomanifest (container_id, cargomanifest_id, temperature_kept) values (790684, 89260, -13);
insert into containerincargomanifest (container_id, cargomanifest_id, temperature_kept) values (8574023, 9062, null);
insert into containerincargomanifest (container_id, cargomanifest_id, temperature_kept) values (4162565, 39823, 24);
insert into containerincargomanifest (container_id, cargomanifest_id, temperature_kept) values (4924955, 73258, 10);
insert into containerincargomanifest (container_id, cargomanifest_id, temperature_kept) values (7840775, 89260, 20);
insert into containerincargomanifest (container_id, cargomanifest_id, temperature_kept) values (5577067, 87507, -5);
insert into containerincargomanifest (container_id, cargomanifest_id, temperature_kept) values (4411636, 79225, -17);
insert into containerincargomanifest (container_id, cargomanifest_id, temperature_kept) values (9496641, 47409, 19);
insert into containerincargomanifest (container_id, cargomanifest_id, temperature_kept) values (1123490, 62590, null);
insert into containerincargomanifest (container_id, cargomanifest_id, temperature_kept) values (1738638, 45806, 9);
insert into containerincargomanifest (container_id, cargomanifest_id, temperature_kept) values (9892633, 2163, 21);
insert into containerincargomanifest (container_id, cargomanifest_id, temperature_kept) values (7514776, 67603, -26);
insert into containerincargomanifest (container_id, cargomanifest_id, temperature_kept) values (6107423, 30009, null);
insert into containerincargomanifest (container_id, cargomanifest_id, temperature_kept) values (8039713, 3598, -4);
insert into containerincargomanifest (container_id, cargomanifest_id, temperature_kept) values (9001569, 11031, 14);
insert into containerincargomanifest (container_id, cargomanifest_id, temperature_kept) values (2096251, 78548, null);
insert into containerincargomanifest (container_id, cargomanifest_id, temperature_kept) values (7489426, 723, 21);
insert into containerincargomanifest (container_id, cargomanifest_id, temperature_kept) values (9946077, 83244, -13);
insert into containerincargomanifest (container_id, cargomanifest_id, temperature_kept) values (8356455, 52328, 25);
insert into containerincargomanifest (container_id, cargomanifest_id, temperature_kept) values (9605893, 9004, -15);
insert into containerincargomanifest (container_id, cargomanifest_id, temperature_kept) values (1555143, 93962, null);
insert into containerincargomanifest (container_id, cargomanifest_id, temperature_kept) values (8475727, 53304, null);
insert into containerincargomanifest (container_id, cargomanifest_id, temperature_kept) values (3492860, 12366, 3);
insert into containerincargomanifest (container_id, cargomanifest_id, temperature_kept) values (8501002, 37588, -26);
insert into containerincargomanifest (container_id, cargomanifest_id, temperature_kept) values (1736584, 82845, null);
insert into containerincargomanifest (container_id, cargomanifest_id, temperature_kept) values (4299262, 52328, 0);
insert into containerincargomanifest (container_id, cargomanifest_id, temperature_kept) values (8591341, 64229, 7);
insert into containerincargomanifest (container_id, cargomanifest_id, temperature_kept) values (863716, 48193, -4);
insert into containerincargomanifest (container_id, cargomanifest_id, temperature_kept) values (5626896, 78548, -12);
insert into containerincargomanifest (container_id, cargomanifest_id, temperature_kept) values (2650387, 19821, -26);
insert into containerincargomanifest (container_id, cargomanifest_id, temperature_kept) values (9019057, 34491, -16);
insert into containerincargomanifest (container_id, cargomanifest_id, temperature_kept) values (2693114, 57650, -23);
insert into containerincargomanifest (container_id, cargomanifest_id, temperature_kept) values (7104943, 87507, 20);
insert into containerincargomanifest (container_id, cargomanifest_id, temperature_kept) values (441419, 57546, 24);
insert into containerincargomanifest (container_id, cargomanifest_id, temperature_kept) values (4783022, 52328, 18);
insert into containerincargomanifest (container_id, cargomanifest_id, temperature_kept) values (5579420, 93962, 6);
insert into containerincargomanifest (container_id, cargomanifest_id, temperature_kept) values (7078879, 3598, -8);
insert into containerincargomanifest (container_id, cargomanifest_id, temperature_kept) values (6807391, 39823, null);
insert into containerincargomanifest (container_id, cargomanifest_id, temperature_kept) values (7874154, 91736, 22);
insert into containerincargomanifest (container_id, cargomanifest_id, temperature_kept) values (2609773, 59447, -1);
insert into containerincargomanifest (container_id, cargomanifest_id, temperature_kept) values (9741567, 59447, 25);
insert into containerincargomanifest (container_id, cargomanifest_id, temperature_kept) values (8546378, 34491, -2);
insert into containerincargomanifest (container_id, cargomanifest_id, temperature_kept) values (6397520, 25442, null);
insert into containerincargomanifest (container_id, cargomanifest_id, temperature_kept) values (8914667, 78991, -18);
insert into containerincargomanifest (container_id, cargomanifest_id, temperature_kept) values (9143577, 73258, 23);
insert into containerincargomanifest (container_id, cargomanifest_id, temperature_kept) values (4326904, 54091, -16);
insert into containerincargomanifest (container_id, cargomanifest_id, temperature_kept) values (9137286, 53304, -19);
insert into containerincargomanifest (container_id, cargomanifest_id, temperature_kept) values (1305336, 12366, 18);
insert into containerincargomanifest (container_id, cargomanifest_id, temperature_kept) values (2136499, 73258, 15);
insert into containerincargomanifest (container_id, cargomanifest_id, temperature_kept) values (6198473, 45228, null);
insert into containerincargomanifest (container_id, cargomanifest_id, temperature_kept) values (9764185, 78548, -27);
insert into containerincargomanifest (container_id, cargomanifest_id, temperature_kept) values (938340, 59447, 8);
insert into containerincargomanifest (container_id, cargomanifest_id, temperature_kept) values (896255, 77328, 19);
insert into containerincargomanifest (container_id, cargomanifest_id, temperature_kept) values (4404245, 16358, -1);
insert into containerincargomanifest (container_id, cargomanifest_id, temperature_kept) values (5947097, 78991, null);
insert into containerincargomanifest (container_id, cargomanifest_id, temperature_kept) values (86822, 53304, -11);
insert into containerincargomanifest (container_id, cargomanifest_id, temperature_kept) values (3723819, 91736, null);
insert into containerincargomanifest (container_id, cargomanifest_id, temperature_kept) values (1029352, 62590, -23);
insert into containerincargomanifest (container_id, cargomanifest_id, temperature_kept) values (4322877, 3598, -15);
insert into containerincargomanifest (container_id, cargomanifest_id, temperature_kept) values (5015254, 86476, -27);
insert into containerincargomanifest (container_id, cargomanifest_id, temperature_kept) values (7682515, 54091, null);
insert into containerincargomanifest (container_id, cargomanifest_id, temperature_kept) values (5841368, 62698, 6);
insert into containerincargomanifest (container_id, cargomanifest_id, temperature_kept) values (2733809, 82845, 6);
insert into containerincargomanifest (container_id, cargomanifest_id, temperature_kept) values (8056115, 62590, 3);
insert into containerincargomanifest (container_id, cargomanifest_id, temperature_kept) values (7560668, 53304, null);
insert into containerincargomanifest (container_id, cargomanifest_id, temperature_kept) values (7082372, 67603, 5);
insert into containerincargomanifest (container_id, cargomanifest_id, temperature_kept) values (5655299, 69477, -6);
insert into containerincargomanifest (container_id, cargomanifest_id, temperature_kept) values (5308377, 39823, -11);
insert into containerincargomanifest (container_id, cargomanifest_id, temperature_kept) values (9216307, 47409, null);
insert into containerincargomanifest (container_id, cargomanifest_id, temperature_kept) values (2031503, 57650, -12);
insert into containerincargomanifest (container_id, cargomanifest_id, temperature_kept) values (9978599, 83244, null);
insert into containerincargomanifest (container_id, cargomanifest_id, temperature_kept) values (978199, 79225, 21);
insert into containerincargomanifest (container_id, cargomanifest_id, temperature_kept) values (4481941, 34491, -29);
insert into containerincargomanifest (container_id, cargomanifest_id, temperature_kept) values (2672406, 2025, null);
insert into containerincargomanifest (container_id, cargomanifest_id, temperature_kept) values (1987586, 3598, -2);
insert into containerincargomanifest (container_id, cargomanifest_id, temperature_kept) values (7807239, 79225, null);
insert into containerincargomanifest (container_id, cargomanifest_id, temperature_kept) values (144449, 82845, 4);
insert into containerincargomanifest (container_id, cargomanifest_id, temperature_kept) values (9795786, 57650, null);
insert into containerincargomanifest (container_id, cargomanifest_id, temperature_kept) values (5312279, 9004, -17);
insert into containerincargomanifest (container_id, cargomanifest_id, temperature_kept) values (7749375, 19821, 11);
insert into containerincargomanifest (container_id, cargomanifest_id, temperature_kept) values (2504454, 86476, -12);
insert into containerincargomanifest (container_id, cargomanifest_id, temperature_kept) values (1558071, 77328, null);
insert into containerincargomanifest (container_id, cargomanifest_id, temperature_kept) values (1962396, 48193, null);
insert into containerincargomanifest (container_id, cargomanifest_id, temperature_kept) values (2353883, 45806, null);
insert into containerincargomanifest (container_id, cargomanifest_id, temperature_kept) values (3434488, 83244, 6);
insert into containerincargomanifest (container_id, cargomanifest_id, temperature_kept) values (1418596, 11031, -24);
insert into containerincargomanifest (container_id, cargomanifest_id, temperature_kept) values (6956397, 39823, -17);
insert into containerincargomanifest (container_id, cargomanifest_id, temperature_kept) values (123768, 77328, 15);
insert into containerincargomanifest (container_id, cargomanifest_id, temperature_kept) values (2722759, 34491, null);
insert into containerincargomanifest (container_id, cargomanifest_id, temperature_kept) values (6458130, 45228, 3);
insert into containerincargomanifest (container_id, cargomanifest_id, temperature_kept) values (9608504, 52328, 22);
insert into containerincargomanifest (container_id, cargomanifest_id, temperature_kept) values (3462818, 30009, 18);
insert into containerincargomanifest (container_id, cargomanifest_id, temperature_kept) values (6724197, 16358, null);
insert into containerincargomanifest (container_id, cargomanifest_id, temperature_kept) values (5659368, 47409, 16);
insert into containerincargomanifest (container_id, cargomanifest_id, temperature_kept) values (1274563, 25442, -16);
insert into containerincargomanifest (container_id, cargomanifest_id, temperature_kept) values (837583, 79225, null);
insert into containerincargomanifest (container_id, cargomanifest_id, temperature_kept) values (586095, 12366, 12);
insert into containerincargomanifest (container_id, cargomanifest_id, temperature_kept) values (9661114, 19821, null);
insert into containerincargomanifest (container_id, cargomanifest_id, temperature_kept) values (7572031, 3598, -4);
insert into containerincargomanifest (container_id, cargomanifest_id, temperature_kept) values (8218495, 53304, -8);
insert into containerincargomanifest (container_id, cargomanifest_id, temperature_kept) values (2767540, 91736, null);
insert into containerincargomanifest (container_id, cargomanifest_id, temperature_kept) values (745998, 59447, null);
insert into containerincargomanifest (container_id, cargomanifest_id, temperature_kept) values (3795095, 62590, null);
insert into containerincargomanifest (container_id, cargomanifest_id, temperature_kept) values (1986974, 91736, 5);
insert into containerincargomanifest (container_id, cargomanifest_id, temperature_kept) values (6889907, 67603, 16);
insert into containerincargomanifest (container_id, cargomanifest_id, temperature_kept) values (5638346, 53304, -7);
insert into containerincargomanifest (container_id, cargomanifest_id, temperature_kept) values (540114, 11031, null);
insert into containerincargomanifest (container_id, cargomanifest_id, temperature_kept) values (8935466, 78548, 23);
insert into containerincargomanifest (container_id, cargomanifest_id, temperature_kept) values (3576467, 30009, 6);
insert into containerincargomanifest (container_id, cargomanifest_id, temperature_kept) values (8498533, 96922, -27);
insert into containerincargomanifest (container_id, cargomanifest_id, temperature_kept) values (6278703, 79225, 12);
insert into containerincargomanifest (container_id, cargomanifest_id, temperature_kept) values (5985041, 47409, 6);
insert into containerincargomanifest (container_id, cargomanifest_id, temperature_kept) values (3000853, 30009, -11);
insert into containerincargomanifest (container_id, cargomanifest_id, temperature_kept) values (8950208, 11031, -24);
insert into containerincargomanifest (container_id, cargomanifest_id, temperature_kept) values (9987446, 93962, null);
insert into containerincargomanifest (container_id, cargomanifest_id, temperature_kept) values (810979, 73258, null);
insert into containerincargomanifest (container_id, cargomanifest_id, temperature_kept) values (9226749, 9004, -4);
insert into containerincargomanifest (container_id, cargomanifest_id, temperature_kept) values (3989030, 73258, null);
insert into containerincargomanifest (container_id, cargomanifest_id, temperature_kept) values (9203377, 16358, -5);
insert into containerincargomanifest (container_id, cargomanifest_id, temperature_kept) values (283730, 71971, -3);
insert into containerincargomanifest (container_id, cargomanifest_id, temperature_kept) values (4074022, 39823, -4);
insert into containerincargomanifest (container_id, cargomanifest_id, temperature_kept) values (7459573, 45228, null);
insert into containerincargomanifest (container_id, cargomanifest_id, temperature_kept) values (9466123, 69477, -11);
insert into containerincargomanifest (container_id, cargomanifest_id, temperature_kept) values (5540054, 25442, -11);
insert into containerincargomanifest (container_id, cargomanifest_id, temperature_kept) values (7857665, 19821, 6);
insert into containerincargomanifest (container_id, cargomanifest_id, temperature_kept) values (1277238, 57650, -13);
insert into containerincargomanifest (container_id, cargomanifest_id, temperature_kept) values (2750735, 69477, null);
insert into containerincargomanifest (container_id, cargomanifest_id, temperature_kept) values (5359558, 3598, 10);
insert into containerincargomanifest (container_id, cargomanifest_id, temperature_kept) values (6915770, 39823, 21);
insert into containerincargomanifest (container_id, cargomanifest_id, temperature_kept) values (5351520, 723, null);
insert into containerincargomanifest (container_id, cargomanifest_id, temperature_kept) values (6680360, 91736, 3);
insert into containerincargomanifest (container_id, cargomanifest_id, temperature_kept) values (3401835, 62590, 12);
insert into containerincargomanifest (container_id, cargomanifest_id, temperature_kept) values (6064923, 11031, -30);
insert into containerincargomanifest (container_id, cargomanifest_id, temperature_kept) values (4220768, 67603, -30);
insert into containerincargomanifest (container_id, cargomanifest_id, temperature_kept) values (8529220, 34893, -3);
insert into containerincargomanifest (container_id, cargomanifest_id, temperature_kept) values (6215351, 57650, -12);
insert into containerincargomanifest (container_id, cargomanifest_id, temperature_kept) values (5919556, 11031, 24);
insert into containerincargomanifest (container_id, cargomanifest_id, temperature_kept) values (857965, 71971, 11);
insert into containerincargomanifest (container_id, cargomanifest_id, temperature_kept) values (7226444, 11031, null);
insert into containerincargomanifest (container_id, cargomanifest_id, temperature_kept) values (7852564, 3598, -23);
insert into containerincargomanifest (container_id, cargomanifest_id, temperature_kept) values (9917166, 78548, 25);
insert into containerincargomanifest (container_id, cargomanifest_id, temperature_kept) values (7850304, 53304, -1);
insert into containerincargomanifest (container_id, cargomanifest_id, temperature_kept) values (1573723, 3598, 10);
insert into containerincargomanifest (container_id, cargomanifest_id, temperature_kept) values (7511557, 11031, 12);
insert into containerincargomanifest (container_id, cargomanifest_id, temperature_kept) values (1623809, 82845, -4);
insert into containerincargomanifest (container_id, cargomanifest_id, temperature_kept) values (3652803, 57650, null);
insert into containerincargomanifest (container_id, cargomanifest_id, temperature_kept) values (2818829, 71971, -19);
insert into containerincargomanifest (container_id, cargomanifest_id, temperature_kept) values (4897238, 62590, -19);
insert into containerincargomanifest (container_id, cargomanifest_id, temperature_kept) values (8255706, 78548, 1);
insert into containerincargomanifest (container_id, cargomanifest_id, temperature_kept) values (8889089, 19821, -28);
insert into containerincargomanifest (container_id, cargomanifest_id, temperature_kept) values (5967879, 91736, null);
insert into containerincargomanifest (container_id, cargomanifest_id, temperature_kept) values (3921493, 54091, null);
insert into containerincargomanifest (container_id, cargomanifest_id, temperature_kept) values (5179239, 67603, -5);
insert into containerincargomanifest (container_id, cargomanifest_id, temperature_kept) values (6441995, 57650, -7);
insert into containerincargomanifest (container_id, cargomanifest_id, temperature_kept) values (551621, 78991, 17);
insert into containerincargomanifest (container_id, cargomanifest_id, temperature_kept) values (8965558, 11031, null);
insert into containerincargomanifest (container_id, cargomanifest_id, temperature_kept) values (8213390, 78991, null);
insert into containerincargomanifest (container_id, cargomanifest_id, temperature_kept) values (7515848, 59447, -11);
insert into containerincargomanifest (container_id, cargomanifest_id, temperature_kept) values (7136029, 52328, -27);
insert into containerincargomanifest (container_id, cargomanifest_id, temperature_kept) values (961837, 87507, -9);
insert into containerincargomanifest (container_id, cargomanifest_id, temperature_kept) values (5063635, 25442, 19);
insert into containerincargomanifest (container_id, cargomanifest_id, temperature_kept) values (2753171, 78991, 18);
insert into containerincargomanifest (container_id, cargomanifest_id, temperature_kept) values (3913156, 57546, null);
insert into containerincargomanifest (container_id, cargomanifest_id, temperature_kept) values (6107524, 34893, -21);
insert into containerincargomanifest (container_id, cargomanifest_id, temperature_kept) values (7525736, 30009, -6);
insert into containerincargomanifest (container_id, cargomanifest_id, temperature_kept) values (6626959, 52328, 24);
insert into containerincargomanifest (container_id, cargomanifest_id, temperature_kept) values (1152784, 34491, null);
insert into containerincargomanifest (container_id, cargomanifest_id, temperature_kept) values (2755128, 34893, 12);
insert into containerincargomanifest (container_id, cargomanifest_id, temperature_kept) values (3513855, 54091, -25);
insert into containerincargomanifest (container_id, cargomanifest_id, temperature_kept) values (9469931, 93962, -24);
insert into containerincargomanifest (container_id, cargomanifest_id, temperature_kept) values (4515914, 62698, -5);
insert into containerincargomanifest (container_id, cargomanifest_id, temperature_kept) values (7715183, 69477, 13);
insert into containerincargomanifest (container_id, cargomanifest_id, temperature_kept) values (309787, 78548, -6);
insert into containerincargomanifest (container_id, cargomanifest_id, temperature_kept) values (2913804, 96922, -16);
insert into containerincargomanifest (container_id, cargomanifest_id, temperature_kept) values (4399451, 86476, -4);
insert into containerincargomanifest (container_id, cargomanifest_id, temperature_kept) values (386410, 80342, 7);
insert into containerincargomanifest (container_id, cargomanifest_id, temperature_kept) values (8539085, 67603, -24);
insert into containerincargomanifest (container_id, cargomanifest_id, temperature_kept) values (9355505, 64229, -8);
insert into containerincargomanifest (container_id, cargomanifest_id, temperature_kept) values (9000932, 37588, -17);
insert into containerincargomanifest (container_id, cargomanifest_id, temperature_kept) values (2116393, 73258, null);
insert into containerincargomanifest (container_id, cargomanifest_id, temperature_kept) values (2549246, 52328, 25);
insert into containerincargomanifest (container_id, cargomanifest_id, temperature_kept) values (6191019, 69477, 19);
insert into containerincargomanifest (container_id, cargomanifest_id, temperature_kept) values (6955932, 62590, -25);
insert into containerincargomanifest (container_id, cargomanifest_id, temperature_kept) values (3272382, 82845, null);
insert into containerincargomanifest (container_id, cargomanifest_id, temperature_kept) values (1475321, 85242, null);
insert into containerincargomanifest (container_id, cargomanifest_id, temperature_kept) values (666915, 47409, 3);
insert into containerincargomanifest (container_id, cargomanifest_id, temperature_kept) values (4107082, 19821, 21);
insert into containerincargomanifest (container_id, cargomanifest_id, temperature_kept) values (3011850, 45806, null);
insert into containerincargomanifest (container_id, cargomanifest_id, temperature_kept) values (1506075, 64912, 4);
insert into containerincargomanifest (container_id, cargomanifest_id, temperature_kept) values (5887416, 34491, -18);
insert into containerincargomanifest (container_id, cargomanifest_id, temperature_kept) values (7636252, 78548, -21);
insert into containerincargomanifest (container_id, cargomanifest_id, temperature_kept) values (8527619, 91736, 23);
insert into containerincargomanifest (container_id, cargomanifest_id, temperature_kept) values (3355821, 78548, 0);
insert into containerincargomanifest (container_id, cargomanifest_id, temperature_kept) values (5002135, 9004, -19);
insert into containerincargomanifest (container_id, cargomanifest_id, temperature_kept) values (3143910, 57650, 18);
insert into containerincargomanifest (container_id, cargomanifest_id, temperature_kept) values (7305599, 79225, null);
insert into containerincargomanifest (container_id, cargomanifest_id, temperature_kept) values (6686080, 53304, -8);
insert into containerincargomanifest (container_id, cargomanifest_id, temperature_kept) values (2661497, 59447, -30);
insert into containerincargomanifest (container_id, cargomanifest_id, temperature_kept) values (2877511, 48193, null);
insert into containerincargomanifest (container_id, cargomanifest_id, temperature_kept) values (4847076, 45806, -7);
insert into containerincargomanifest (container_id, cargomanifest_id, temperature_kept) values (3113560, 78991, null);
insert into containerincargomanifest (container_id, cargomanifest_id, temperature_kept) values (7213722, 91736, -25);
insert into containerincargomanifest (container_id, cargomanifest_id, temperature_kept) values (1049486, 2163, null);
insert into containerincargomanifest (container_id, cargomanifest_id, temperature_kept) values (4889108, 9062, -18);
insert into containerincargomanifest (container_id, cargomanifest_id, temperature_kept) values (8284377, 91736, -25);
insert into containerincargomanifest (container_id, cargomanifest_id, temperature_kept) values (1382188, 62590, null);
insert into containerincargomanifest (container_id, cargomanifest_id, temperature_kept) values (2802505, 3598, -12);

--400 container in cargo manifest inserted

insert into positionInVehicule (cargomanifest_id, container_id, containerpositionX, containerpositionY, containerpositionZ) values (9004, 9803333, 7, 7, 6);
insert into positionInVehicule (cargomanifest_id, container_id, containerpositionX, containerpositionY, containerpositionZ) values (85242, 1386341, 8, 5, 1);
insert into positionInVehicule (cargomanifest_id, container_id, containerpositionX, containerpositionY, containerpositionZ) values (3598, 531766, 2, 3, 2);
insert into positionInVehicule (cargomanifest_id, container_id, containerpositionX, containerpositionY, containerpositionZ) values (93962, 3086183, 12, 8, 2);
insert into positionInVehicule (cargomanifest_id, container_id, containerpositionX, containerpositionY, containerpositionZ) values (2025, 8335151, 6, 10, 2);
insert into positionInVehicule (cargomanifest_id, container_id, containerpositionX, containerpositionY, containerpositionZ) values (9062, 9333060, 6, 6, 2);
insert into positionInVehicule (cargomanifest_id, container_id, containerpositionX, containerpositionY, containerpositionZ) values (45228, 2973602, 6, 9, 5);
insert into positionInVehicule (cargomanifest_id, container_id, containerpositionX, containerpositionY, containerpositionZ) values (30009, 6075721, 6, 1, 3);
insert into positionInVehicule (cargomanifest_id, container_id, containerpositionX, containerpositionY, containerpositionZ) values (77328, 8519913, 9, 2, 5);
insert into positionInVehicule (cargomanifest_id, container_id, containerpositionX, containerpositionY, containerpositionZ) values (30009, 8864057, 12, 7, 1);
insert into positionInVehicule (cargomanifest_id, container_id, containerpositionX, containerpositionY, containerpositionZ) values (11031, 6479280, 10, 7, 5);
insert into positionInVehicule (cargomanifest_id, container_id, containerpositionX, containerpositionY, containerpositionZ) values (89260, 3951071, 7, 3, 2);
insert into positionInVehicule (cargomanifest_id, container_id, containerpositionX, containerpositionY, containerpositionZ) values (723, 5210890, 11, 2, 4);
insert into positionInVehicule (cargomanifest_id, container_id, containerpositionX, containerpositionY, containerpositionZ) values (82845, 6879109, 3, 10, 3);
insert into positionInVehicule (cargomanifest_id, container_id, containerpositionX, containerpositionY, containerpositionZ) values (96922, 5035824, 9, 8, 3);
insert into positionInVehicule (cargomanifest_id, container_id, containerpositionX, containerpositionY, containerpositionZ) values (37588, 1524166, 7, 7, 1);
insert into positionInVehicule (cargomanifest_id, container_id, containerpositionX, containerpositionY, containerpositionZ) values (39823, 9659312, 5, 6, 4);
insert into positionInVehicule (cargomanifest_id, container_id, containerpositionX, containerpositionY, containerpositionZ) values (62590, 4300882, 6, 3, 2);
insert into positionInVehicule (cargomanifest_id, container_id, containerpositionX, containerpositionY, containerpositionZ) values (11031, 1857493, 6, 3, 5);
insert into positionInVehicule (cargomanifest_id, container_id, containerpositionX, containerpositionY, containerpositionZ) values (11031, 4504662, 7, 5, 1);
insert into positionInVehicule (cargomanifest_id, container_id, containerpositionX, containerpositionY, containerpositionZ) values (39823, 4216799, 4, 8, 1);
insert into positionInVehicule (cargomanifest_id, container_id, containerpositionX, containerpositionY, containerpositionZ) values (96922, 6657019, 6, 4, 6);
insert into positionInVehicule (cargomanifest_id, container_id, containerpositionX, containerpositionY, containerpositionZ) values (64912, 5248256, 12, 7, 4);
insert into positionInVehicule (cargomanifest_id, container_id, containerpositionX, containerpositionY, containerpositionZ) values (12366, 7964863, 10, 8, 2);
insert into positionInVehicule (cargomanifest_id, container_id, containerpositionX, containerpositionY, containerpositionZ) values (45806, 9279781, 9, 6, 4);
insert into positionInVehicule (cargomanifest_id, container_id, containerpositionX, containerpositionY, containerpositionZ) values (62698, 9419579, 1, 10, 2);
insert into positionInVehicule (cargomanifest_id, container_id, containerpositionX, containerpositionY, containerpositionZ) values (39823, 7214991, 6, 9, 2);
insert into positionInVehicule (cargomanifest_id, container_id, containerpositionX, containerpositionY, containerpositionZ) values (16358, 2575956, 7, 3, 5);
insert into positionInVehicule (cargomanifest_id, container_id, containerpositionX, containerpositionY, containerpositionZ) values (96922, 2348350, 8, 9, 4);
insert into positionInVehicule (cargomanifest_id, container_id, containerpositionX, containerpositionY, containerpositionZ) values (62590, 8512993, 5, 10, 1);
insert into positionInVehicule (cargomanifest_id, container_id, containerpositionX, containerpositionY, containerpositionZ) values (45806, 9292064, 5, 4, 3);
insert into positionInVehicule (cargomanifest_id, container_id, containerpositionX, containerpositionY, containerpositionZ) values (79225, 9427410, 12, 6, 4);
insert into positionInVehicule (cargomanifest_id, container_id, containerpositionX, containerpositionY, containerpositionZ) values (53304, 7863279, 10, 9, 4);
insert into positionInVehicule (cargomanifest_id, container_id, containerpositionX, containerpositionY, containerpositionZ) values (57546, 1772644, 12, 4, 5);
insert into positionInVehicule (cargomanifest_id, container_id, containerpositionX, containerpositionY, containerpositionZ) values (16358, 682790, 8, 3, 4);
insert into positionInVehicule (cargomanifest_id, container_id, containerpositionX, containerpositionY, containerpositionZ) values (9004, 9554295, 10, 2, 2);
insert into positionInVehicule (cargomanifest_id, container_id, containerpositionX, containerpositionY, containerpositionZ) values (73258, 9883497, 7, 10, 6);
insert into positionInVehicule (cargomanifest_id, container_id, containerpositionX, containerpositionY, containerpositionZ) values (9004, 505155, 3, 5, 2);
insert into positionInVehicule (cargomanifest_id, container_id, containerpositionX, containerpositionY, containerpositionZ) values (45806, 209885, 6, 6, 1);
insert into positionInVehicule (cargomanifest_id, container_id, containerpositionX, containerpositionY, containerpositionZ) values (82845, 4853420, 10, 5, 2);
insert into positionInVehicule (cargomanifest_id, container_id, containerpositionX, containerpositionY, containerpositionZ) values (64912, 9868404, 8, 9, 6);
insert into positionInVehicule (cargomanifest_id, container_id, containerpositionX, containerpositionY, containerpositionZ) values (85242, 10933, 9, 1, 6);
insert into positionInVehicule (cargomanifest_id, container_id, containerpositionX, containerpositionY, containerpositionZ) values (34893, 9761539, 11, 5, 1);
insert into positionInVehicule (cargomanifest_id, container_id, containerpositionX, containerpositionY, containerpositionZ) values (52328, 2019607, 5, 5, 3);
insert into positionInVehicule (cargomanifest_id, container_id, containerpositionX, containerpositionY, containerpositionZ) values (71971, 2983468, 12, 1, 6);
insert into positionInVehicule (cargomanifest_id, container_id, containerpositionX, containerpositionY, containerpositionZ) values (9004, 7065594, 12, 3, 3);
insert into positionInVehicule (cargomanifest_id, container_id, containerpositionX, containerpositionY, containerpositionZ) values (723, 9578352, 8, 4, 2);
insert into positionInVehicule (cargomanifest_id, container_id, containerpositionX, containerpositionY, containerpositionZ) values (67603, 3422706, 4, 3, 4);
insert into positionInVehicule (cargomanifest_id, container_id, containerpositionX, containerpositionY, containerpositionZ) values (66729, 4390453, 2, 4, 5);
insert into positionInVehicule (cargomanifest_id, container_id, containerpositionX, containerpositionY, containerpositionZ) values (57546, 3221270, 7, 2, 2);
insert into positionInVehicule (cargomanifest_id, container_id, containerpositionX, containerpositionY, containerpositionZ) values (2163, 8234084, 1, 5, 1);
insert into positionInVehicule (cargomanifest_id, container_id, containerpositionX, containerpositionY, containerpositionZ) values (39823, 7978977, 11, 5, 4);
insert into positionInVehicule (cargomanifest_id, container_id, containerpositionX, containerpositionY, containerpositionZ) values (80342, 307890, 12, 5, 3);
insert into positionInVehicule (cargomanifest_id, container_id, containerpositionX, containerpositionY, containerpositionZ) values (47409, 2061543, 8, 4, 6);
insert into positionInVehicule (cargomanifest_id, container_id, containerpositionX, containerpositionY, containerpositionZ) values (45228, 3904478, 4, 8, 1);
insert into positionInVehicule (cargomanifest_id, container_id, containerpositionX, containerpositionY, containerpositionZ) values (66729, 722415, 4, 4, 4);
insert into positionInVehicule (cargomanifest_id, container_id, containerpositionX, containerpositionY, containerpositionZ) values (53304, 1065235, 8, 9, 6);
insert into positionInVehicule (cargomanifest_id, container_id, containerpositionX, containerpositionY, containerpositionZ) values (52328, 1866154, 12, 1, 1);
insert into positionInVehicule (cargomanifest_id, container_id, containerpositionX, containerpositionY, containerpositionZ) values (2163, 708747, 12, 5, 4);
insert into positionInVehicule (cargomanifest_id, container_id, containerpositionX, containerpositionY, containerpositionZ) values (3598, 9666660, 9, 10, 1);
insert into positionInVehicule (cargomanifest_id, container_id, containerpositionX, containerpositionY, containerpositionZ) values (47409, 6122391, 9, 2, 4);
insert into positionInVehicule (cargomanifest_id, container_id, containerpositionX, containerpositionY, containerpositionZ) values (9004, 3908753, 12, 6, 6);
insert into positionInVehicule (cargomanifest_id, container_id, containerpositionX, containerpositionY, containerpositionZ) values (30009, 9326301, 5, 10, 5);
insert into positionInVehicule (cargomanifest_id, container_id, containerpositionX, containerpositionY, containerpositionZ) values (48193, 1354371, 11, 8, 5);
insert into positionInVehicule (cargomanifest_id, container_id, containerpositionX, containerpositionY, containerpositionZ) values (45228, 4953629, 12, 5, 6);
insert into positionInVehicule (cargomanifest_id, container_id, containerpositionX, containerpositionY, containerpositionZ) values (54091, 4871217, 7, 8, 5);
insert into positionInVehicule (cargomanifest_id, container_id, containerpositionX, containerpositionY, containerpositionZ) values (80342, 3705156, 3, 7, 4);
insert into positionInVehicule (cargomanifest_id, container_id, containerpositionX, containerpositionY, containerpositionZ) values (79225, 3761220, 6, 7, 5);
insert into positionInVehicule (cargomanifest_id, container_id, containerpositionX, containerpositionY, containerpositionZ) values (723, 3633640, 3, 9, 6);
insert into positionInVehicule (cargomanifest_id, container_id, containerpositionX, containerpositionY, containerpositionZ) values (54091, 6049696, 4, 8, 1);
insert into positionInVehicule (cargomanifest_id, container_id, containerpositionX, containerpositionY, containerpositionZ) values (77328, 7977522, 6, 2, 6);
insert into positionInVehicule (cargomanifest_id, container_id, containerpositionX, containerpositionY, containerpositionZ) values (69477, 7800813, 2, 9, 5);
insert into positionInVehicule (cargomanifest_id, container_id, containerpositionX, containerpositionY, containerpositionZ) values (82845, 282200, 11, 3, 5);
insert into positionInVehicule (cargomanifest_id, container_id, containerpositionX, containerpositionY, containerpositionZ) values (47409, 6030852, 2, 8, 4);
insert into positionInVehicule (cargomanifest_id, container_id, containerpositionX, containerpositionY, containerpositionZ) values (3598, 4578305, 3, 8, 4);
insert into positionInVehicule (cargomanifest_id, container_id, containerpositionX, containerpositionY, containerpositionZ) values (48193, 3292360, 1, 1, 6);
insert into positionInVehicule (cargomanifest_id, container_id, containerpositionX, containerpositionY, containerpositionZ) values (34893, 7927862, 11, 2, 3);
insert into positionInVehicule (cargomanifest_id, container_id, containerpositionX, containerpositionY, containerpositionZ) values (16358, 2954426, 1, 2, 1);
insert into positionInVehicule (cargomanifest_id, container_id, containerpositionX, containerpositionY, containerpositionZ) values (77328, 4692520, 2, 4, 5);
insert into positionInVehicule (cargomanifest_id, container_id, containerpositionX, containerpositionY, containerpositionZ) values (34491, 4825735, 9, 8, 2);
insert into positionInVehicule (cargomanifest_id, container_id, containerpositionX, containerpositionY, containerpositionZ) values (45806, 2617744, 11, 10, 6);
insert into positionInVehicule (cargomanifest_id, container_id, containerpositionX, containerpositionY, containerpositionZ) values (52328, 8674855, 7, 6, 3);
insert into positionInVehicule (cargomanifest_id, container_id, containerpositionX, containerpositionY, containerpositionZ) values (2163, 7014398, 10, 6, 6);
insert into positionInVehicule (cargomanifest_id, container_id, containerpositionX, containerpositionY, containerpositionZ) values (91736, 1360235, 2, 9, 6);
insert into positionInVehicule (cargomanifest_id, container_id, containerpositionX, containerpositionY, containerpositionZ) values (85242, 4309735, 10, 2, 3);
insert into positionInVehicule (cargomanifest_id, container_id, containerpositionX, containerpositionY, containerpositionZ) values (80342, 4868136, 9, 1, 3);
insert into positionInVehicule (cargomanifest_id, container_id, containerpositionX, containerpositionY, containerpositionZ) values (91736, 4467720, 7, 1, 6);
insert into positionInVehicule (cargomanifest_id, container_id, containerpositionX, containerpositionY, containerpositionZ) values (69477, 4101616, 8, 10, 1);
insert into positionInVehicule (cargomanifest_id, container_id, containerpositionX, containerpositionY, containerpositionZ) values (3598, 7827555, 11, 9, 5);
insert into positionInVehicule (cargomanifest_id, container_id, containerpositionX, containerpositionY, containerpositionZ) values (71971, 9010621, 2, 5, 5);
insert into positionInVehicule (cargomanifest_id, container_id, containerpositionX, containerpositionY, containerpositionZ) values (39823, 9275571, 1, 2, 1);
insert into positionInVehicule (cargomanifest_id, container_id, containerpositionX, containerpositionY, containerpositionZ) values (64229, 2343659, 12, 7, 2);
insert into positionInVehicule (cargomanifest_id, container_id, containerpositionX, containerpositionY, containerpositionZ) values (83244, 1720027, 7, 2, 3);
insert into positionInVehicule (cargomanifest_id, container_id, containerpositionX, containerpositionY, containerpositionZ) values (89260, 8019448, 3, 1, 4);
insert into positionInVehicule (cargomanifest_id, container_id, containerpositionX, containerpositionY, containerpositionZ) values (66729, 9551907, 8, 4, 5);
insert into positionInVehicule (cargomanifest_id, container_id, containerpositionX, containerpositionY, containerpositionZ) values (77328, 7584299, 4, 5, 2);
insert into positionInVehicule (cargomanifest_id, container_id, containerpositionX, containerpositionY, containerpositionZ) values (47409, 6586081, 5, 3, 1);
insert into positionInVehicule (cargomanifest_id, container_id, containerpositionX, containerpositionY, containerpositionZ) values (59447, 4903273, 1, 8, 6);
insert into positionInVehicule (cargomanifest_id, container_id, containerpositionX, containerpositionY, containerpositionZ) values (57650, 1747858, 1, 4, 1);
insert into positionInVehicule (cargomanifest_id, container_id, containerpositionX, containerpositionY, containerpositionZ) values (67603, 8794102, 4, 1, 5);
insert into positionInVehicule (cargomanifest_id, container_id, containerpositionX, containerpositionY, containerpositionZ) values (48193, 8054992, 7, 5, 3);
insert into positionInVehicule (cargomanifest_id, container_id, containerpositionX, containerpositionY, containerpositionZ) values (93962, 598775, 4, 1, 3);
insert into positionInVehicule (cargomanifest_id, container_id, containerpositionX, containerpositionY, containerpositionZ) values (59447, 2501672, 9, 5, 4);
insert into positionInVehicule (cargomanifest_id, container_id, containerpositionX, containerpositionY, containerpositionZ) values (89260, 3785436, 11, 1, 4);
insert into positionInVehicule (cargomanifest_id, container_id, containerpositionX, containerpositionY, containerpositionZ) values (67603, 2059763, 5, 9, 4);
insert into positionInVehicule (cargomanifest_id, container_id, containerpositionX, containerpositionY, containerpositionZ) values (57650, 3848567, 3, 5, 4);
insert into positionInVehicule (cargomanifest_id, container_id, containerpositionX, containerpositionY, containerpositionZ) values (3598, 8561580, 11, 8, 5);
insert into positionInVehicule (cargomanifest_id, container_id, containerpositionX, containerpositionY, containerpositionZ) values (37588, 628900, 1, 1, 3);
insert into positionInVehicule (cargomanifest_id, container_id, containerpositionX, containerpositionY, containerpositionZ) values (86476, 140768, 2, 2, 3);
insert into positionInVehicule (cargomanifest_id, container_id, containerpositionX, containerpositionY, containerpositionZ) values (87507, 8288132, 11, 4, 1);
insert into positionInVehicule (cargomanifest_id, container_id, containerpositionX, containerpositionY, containerpositionZ) values (67603, 739179, 9, 7, 6);
insert into positionInVehicule (cargomanifest_id, container_id, containerpositionX, containerpositionY, containerpositionZ) values (2025, 2469210, 11, 4, 3);
insert into positionInVehicule (cargomanifest_id, container_id, containerpositionX, containerpositionY, containerpositionZ) values (723, 7248906, 12, 6, 1);
insert into positionInVehicule (cargomanifest_id, container_id, containerpositionX, containerpositionY, containerpositionZ) values (47409, 3476951, 6, 5, 6);
insert into positionInVehicule (cargomanifest_id, container_id, containerpositionX, containerpositionY, containerpositionZ) values (78548, 4707570, 7, 7, 3);
insert into positionInVehicule (cargomanifest_id, container_id, containerpositionX, containerpositionY, containerpositionZ) values (47409, 2333562, 3, 1, 6);
insert into positionInVehicule (cargomanifest_id, container_id, containerpositionX, containerpositionY, containerpositionZ) values (54091, 3760110, 6, 1, 4);
insert into positionInVehicule (cargomanifest_id, container_id, containerpositionX, containerpositionY, containerpositionZ) values (77328, 915050, 9, 6, 4);
insert into positionInVehicule (cargomanifest_id, container_id, containerpositionX, containerpositionY, containerpositionZ) values (54561, 5465471, 3, 4, 3);
insert into positionInVehicule (cargomanifest_id, container_id, containerpositionX, containerpositionY, containerpositionZ) values (62590, 5510727, 5, 4, 3);
insert into positionInVehicule (cargomanifest_id, container_id, containerpositionX, containerpositionY, containerpositionZ) values (45228, 1053408, 7, 10, 3);
insert into positionInVehicule (cargomanifest_id, container_id, containerpositionX, containerpositionY, containerpositionZ) values (54091, 269705, 12, 6, 2);
insert into positionInVehicule (cargomanifest_id, container_id, containerpositionX, containerpositionY, containerpositionZ) values (48193, 7701223, 1, 9, 4);
insert into positionInVehicule (cargomanifest_id, container_id, containerpositionX, containerpositionY, containerpositionZ) values (59447, 2721157, 2, 9, 6);
insert into positionInVehicule (cargomanifest_id, container_id, containerpositionX, containerpositionY, containerpositionZ) values (2025, 2701262, 1, 8, 6);
insert into positionInVehicule (cargomanifest_id, container_id, containerpositionX, containerpositionY, containerpositionZ) values (64229, 2183409, 7, 6, 6);
insert into positionInVehicule (cargomanifest_id, container_id, containerpositionX, containerpositionY, containerpositionZ) values (19821, 8364967, 8, 9, 1);
insert into positionInVehicule (cargomanifest_id, container_id, containerpositionX, containerpositionY, containerpositionZ) values (37588, 9213039, 8, 8, 3);
insert into positionInVehicule (cargomanifest_id, container_id, containerpositionX, containerpositionY, containerpositionZ) values (80342, 4644478, 1, 10, 1);
insert into positionInVehicule (cargomanifest_id, container_id, containerpositionX, containerpositionY, containerpositionZ) values (67603, 7960424, 2, 4, 5);
insert into positionInVehicule (cargomanifest_id, container_id, containerpositionX, containerpositionY, containerpositionZ) values (85242, 110541, 7, 1, 4);
insert into positionInVehicule (cargomanifest_id, container_id, containerpositionX, containerpositionY, containerpositionZ) values (82845, 2449204, 1, 3, 6);
insert into positionInVehicule (cargomanifest_id, container_id, containerpositionX, containerpositionY, containerpositionZ) values (57650, 9518347, 10, 10, 4);
insert into positionInVehicule (cargomanifest_id, container_id, containerpositionX, containerpositionY, containerpositionZ) values (723, 3213128, 2, 2, 1);
insert into positionInVehicule (cargomanifest_id, container_id, containerpositionX, containerpositionY, containerpositionZ) values (77328, 4687970, 7, 5, 5);
insert into positionInVehicule (cargomanifest_id, container_id, containerpositionX, containerpositionY, containerpositionZ) values (45806, 7684257, 1, 4, 6);
insert into positionInVehicule (cargomanifest_id, container_id, containerpositionX, containerpositionY, containerpositionZ) values (9004, 4166453, 8, 4, 6);
insert into positionInVehicule (cargomanifest_id, container_id, containerpositionX, containerpositionY, containerpositionZ) values (34893, 2814058, 5, 5, 3);
insert into positionInVehicule (cargomanifest_id, container_id, containerpositionX, containerpositionY, containerpositionZ) values (64912, 2693992, 4, 10, 4);
insert into positionInVehicule (cargomanifest_id, container_id, containerpositionX, containerpositionY, containerpositionZ) values (96922, 5734111, 12, 4, 6);
insert into positionInVehicule (cargomanifest_id, container_id, containerpositionX, containerpositionY, containerpositionZ) values (45806, 9070585, 7, 2, 4);
insert into positionInVehicule (cargomanifest_id, container_id, containerpositionX, containerpositionY, containerpositionZ) values (30009, 721797, 11, 4, 2);
insert into positionInVehicule (cargomanifest_id, container_id, containerpositionX, containerpositionY, containerpositionZ) values (45806, 7020916, 10, 2, 5);
insert into positionInVehicule (cargomanifest_id, container_id, containerpositionX, containerpositionY, containerpositionZ) values (45806, 1935697, 2, 7, 4);
insert into positionInVehicule (cargomanifest_id, container_id, containerpositionX, containerpositionY, containerpositionZ) values (45228, 5708813, 11, 6, 1);
insert into positionInVehicule (cargomanifest_id, container_id, containerpositionX, containerpositionY, containerpositionZ) values (59447, 8542533, 12, 1, 6);
insert into positionInVehicule (cargomanifest_id, container_id, containerpositionX, containerpositionY, containerpositionZ) values (67603, 1858468, 8, 5, 5);
insert into positionInVehicule (cargomanifest_id, container_id, containerpositionX, containerpositionY, containerpositionZ) values (85242, 8561707, 2, 9, 5);
insert into positionInVehicule (cargomanifest_id, container_id, containerpositionX, containerpositionY, containerpositionZ) values (62698, 2262730, 2, 10, 2);
insert into positionInVehicule (cargomanifest_id, container_id, containerpositionX, containerpositionY, containerpositionZ) values (59447, 7609909, 7, 5, 5);
insert into positionInVehicule (cargomanifest_id, container_id, containerpositionX, containerpositionY, containerpositionZ) values (82845, 3509579, 10, 10, 3);
insert into positionInVehicule (cargomanifest_id, container_id, containerpositionX, containerpositionY, containerpositionZ) values (34491, 7189955, 2, 7, 1);
insert into positionInVehicule (cargomanifest_id, container_id, containerpositionX, containerpositionY, containerpositionZ) values (2025, 5138381, 1, 3, 6);
insert into positionInVehicule (cargomanifest_id, container_id, containerpositionX, containerpositionY, containerpositionZ) values (9062, 7788724, 1, 3, 2);
insert into positionInVehicule (cargomanifest_id, container_id, containerpositionX, containerpositionY, containerpositionZ) values (52328, 2355235, 11, 5, 1);
insert into positionInVehicule (cargomanifest_id, container_id, containerpositionX, containerpositionY, containerpositionZ) values (67603, 9113177, 8, 3, 2);
insert into positionInVehicule (cargomanifest_id, container_id, containerpositionX, containerpositionY, containerpositionZ) values (39823, 9834739, 11, 4, 4);
insert into positionInVehicule (cargomanifest_id, container_id, containerpositionX, containerpositionY, containerpositionZ) values (80342, 3196942, 4, 4, 1);
insert into positionInVehicule (cargomanifest_id, container_id, containerpositionX, containerpositionY, containerpositionZ) values (62698, 8145745, 3, 9, 2);
insert into positionInVehicule (cargomanifest_id, container_id, containerpositionX, containerpositionY, containerpositionZ) values (87507, 2882607, 10, 3, 6);
insert into positionInVehicule (cargomanifest_id, container_id, containerpositionX, containerpositionY, containerpositionZ) values (77328, 8419671, 10, 9, 5);
insert into positionInVehicule (cargomanifest_id, container_id, containerpositionX, containerpositionY, containerpositionZ) values (2025, 6766832, 2, 3, 6);
insert into positionInVehicule (cargomanifest_id, container_id, containerpositionX, containerpositionY, containerpositionZ) values (19821, 7329290, 7, 5, 6);
insert into positionInVehicule (cargomanifest_id, container_id, containerpositionX, containerpositionY, containerpositionZ) values (87507, 4615675, 1, 3, 5);
insert into positionInVehicule (cargomanifest_id, container_id, containerpositionX, containerpositionY, containerpositionZ) values (62590, 4661451, 12, 6, 1);
insert into positionInVehicule (cargomanifest_id, container_id, containerpositionX, containerpositionY, containerpositionZ) values (39823, 6069919, 6, 4, 1);
insert into positionInVehicule (cargomanifest_id, container_id, containerpositionX, containerpositionY, containerpositionZ) values (69477, 4810054, 3, 10, 6);
insert into positionInVehicule (cargomanifest_id, container_id, containerpositionX, containerpositionY, containerpositionZ) values (16358, 5982865, 3, 3, 5);
insert into positionInVehicule (cargomanifest_id, container_id, containerpositionX, containerpositionY, containerpositionZ) values (3598, 9845504, 7, 9, 2);
insert into positionInVehicule (cargomanifest_id, container_id, containerpositionX, containerpositionY, containerpositionZ) values (89260, 5789700, 4, 4, 2);
insert into positionInVehicule (cargomanifest_id, container_id, containerpositionX, containerpositionY, containerpositionZ) values (87507, 6451050, 7, 6, 1);
insert into positionInVehicule (cargomanifest_id, container_id, containerpositionX, containerpositionY, containerpositionZ) values (77328, 9752298, 6, 9, 1);
insert into positionInVehicule (cargomanifest_id, container_id, containerpositionX, containerpositionY, containerpositionZ) values (66729, 9977728, 9, 1, 4);
insert into positionInVehicule (cargomanifest_id, container_id, containerpositionX, containerpositionY, containerpositionZ) values (64912, 5683858, 2, 7, 4);
insert into positionInVehicule (cargomanifest_id, container_id, containerpositionX, containerpositionY, containerpositionZ) values (30009, 2322868, 1, 7, 4);
insert into positionInVehicule (cargomanifest_id, container_id, containerpositionX, containerpositionY, containerpositionZ) values (64229, 122488, 9, 5, 1);
insert into positionInVehicule (cargomanifest_id, container_id, containerpositionX, containerpositionY, containerpositionZ) values (91736, 8928241, 7, 9, 1);
insert into positionInVehicule (cargomanifest_id, container_id, containerpositionX, containerpositionY, containerpositionZ) values (62590, 4774533, 5, 2, 3);
insert into positionInVehicule (cargomanifest_id, container_id, containerpositionX, containerpositionY, containerpositionZ) values (59447, 6589883, 7, 4, 2);
insert into positionInVehicule (cargomanifest_id, container_id, containerpositionX, containerpositionY, containerpositionZ) values (62590, 8059722, 9, 3, 5);
insert into positionInVehicule (cargomanifest_id, container_id, containerpositionX, containerpositionY, containerpositionZ) values (9062, 7778636, 12, 7, 1);
insert into positionInVehicule (cargomanifest_id, container_id, containerpositionX, containerpositionY, containerpositionZ) values (62590, 8763855, 7, 4, 2);
insert into positionInVehicule (cargomanifest_id, container_id, containerpositionX, containerpositionY, containerpositionZ) values (89260, 3587136, 6, 7, 4);
insert into positionInVehicule (cargomanifest_id, container_id, containerpositionX, containerpositionY, containerpositionZ) values (2163, 6409960, 6, 10, 6);
insert into positionInVehicule (cargomanifest_id, container_id, containerpositionX, containerpositionY, containerpositionZ) values (64229, 9874086, 12, 9, 4);
insert into positionInVehicule (cargomanifest_id, container_id, containerpositionX, containerpositionY, containerpositionZ) values (47409, 5019213, 9, 1, 3);
insert into positionInVehicule (cargomanifest_id, container_id, containerpositionX, containerpositionY, containerpositionZ) values (73258, 3760501, 7, 5, 6);
insert into positionInVehicule (cargomanifest_id, container_id, containerpositionX, containerpositionY, containerpositionZ) values (85242, 4142370, 5, 5, 4);
insert into positionInVehicule (cargomanifest_id, container_id, containerpositionX, containerpositionY, containerpositionZ) values (2163, 9280628, 7, 10, 1);
insert into positionInVehicule (cargomanifest_id, container_id, containerpositionX, containerpositionY, containerpositionZ) values (87507, 6558839, 7, 10, 2);
insert into positionInVehicule (cargomanifest_id, container_id, containerpositionX, containerpositionY, containerpositionZ) values (73258, 4993946, 9, 8, 6);
insert into positionInVehicule (cargomanifest_id, container_id, containerpositionX, containerpositionY, containerpositionZ) values (87507, 133065, 6, 2, 1);
insert into positionInVehicule (cargomanifest_id, container_id, containerpositionX, containerpositionY, containerpositionZ) values (9004, 3753096, 1, 10, 3);
insert into positionInVehicule (cargomanifest_id, container_id, containerpositionX, containerpositionY, containerpositionZ) values (67603, 790684, 4, 3, 5);
insert into positionInVehicule (cargomanifest_id, container_id, containerpositionX, containerpositionY, containerpositionZ) values (62590, 8574023, 4, 5, 1);
insert into positionInVehicule (cargomanifest_id, container_id, containerpositionX, containerpositionY, containerpositionZ) values (47409, 4162565, 6, 3, 1);
insert into positionInVehicule (cargomanifest_id, container_id, containerpositionX, containerpositionY, containerpositionZ) values (12366, 4924955, 12, 5, 5);
insert into positionInVehicule (cargomanifest_id, container_id, containerpositionX, containerpositionY, containerpositionZ) values (67603, 7840775, 6, 8, 1);
insert into positionInVehicule (cargomanifest_id, container_id, containerpositionX, containerpositionY, containerpositionZ) values (83244, 5577067, 4, 9, 5);
insert into positionInVehicule (cargomanifest_id, container_id, containerpositionX, containerpositionY, containerpositionZ) values (57546, 4411636, 10, 10, 3);
insert into positionInVehicule (cargomanifest_id, container_id, containerpositionX, containerpositionY, containerpositionZ) values (93962, 9496641, 6, 5, 6);
insert into positionInVehicule (cargomanifest_id, container_id, containerpositionX, containerpositionY, containerpositionZ) values (91736, 1123490, 11, 4, 1);
insert into positionInVehicule (cargomanifest_id, container_id, containerpositionX, containerpositionY, containerpositionZ) values (54091, 1738638, 2, 7, 4);
insert into positionInVehicule (cargomanifest_id, container_id, containerpositionX, containerpositionY, containerpositionZ) values (82845, 9892633, 1, 2, 1);
insert into positionInVehicule (cargomanifest_id, container_id, containerpositionX, containerpositionY, containerpositionZ) values (83244, 7514776, 3, 10, 1);
insert into positionInVehicule (cargomanifest_id, container_id, containerpositionX, containerpositionY, containerpositionZ) values (3598, 6107423, 12, 1, 6);
insert into positionInVehicule (cargomanifest_id, container_id, containerpositionX, containerpositionY, containerpositionZ) values (39823, 8039713, 8, 5, 4);
insert into positionInVehicule (cargomanifest_id, container_id, containerpositionX, containerpositionY, containerpositionZ) values (86476, 9001569, 3, 6, 6);
insert into positionInVehicule (cargomanifest_id, container_id, containerpositionX, containerpositionY, containerpositionZ) values (62590, 2096251, 2, 4, 6);
insert into positionInVehicule (cargomanifest_id, container_id, containerpositionX, containerpositionY, containerpositionZ) values (62698, 7489426, 6, 10, 1);
insert into positionInVehicule (cargomanifest_id, container_id, containerpositionX, containerpositionY, containerpositionZ) values (37588, 9946077, 4, 7, 6);
insert into positionInVehicule (cargomanifest_id, container_id, containerpositionX, containerpositionY, containerpositionZ) values (53304, 8356455, 12, 4, 2);
insert into positionInVehicule (cargomanifest_id, container_id, containerpositionX, containerpositionY, containerpositionZ) values (89260, 9605893, 12, 3, 2);
insert into positionInVehicule (cargomanifest_id, container_id, containerpositionX, containerpositionY, containerpositionZ) values (2025, 1555143, 1, 5, 6);
insert into positionInVehicule (cargomanifest_id, container_id, containerpositionX, containerpositionY, containerpositionZ) values (89260, 8475727, 5, 10, 1);
insert into positionInVehicule (cargomanifest_id, container_id, containerpositionX, containerpositionY, containerpositionZ) values (48193, 3492860, 4, 10, 4);
insert into positionInVehicule (cargomanifest_id, container_id, containerpositionX, containerpositionY, containerpositionZ) values (93962, 8501002, 9, 7, 3);
insert into positionInVehicule (cargomanifest_id, container_id, containerpositionX, containerpositionY, containerpositionZ) values (9004, 1736584, 7, 4, 6);
insert into positionInVehicule (cargomanifest_id, container_id, containerpositionX, containerpositionY, containerpositionZ) values (34893, 4299262, 1, 10, 5);
insert into positionInVehicule (cargomanifest_id, container_id, containerpositionX, containerpositionY, containerpositionZ) values (54561, 8591341, 9, 7, 6);
insert into positionInVehicule (cargomanifest_id, container_id, containerpositionX, containerpositionY, containerpositionZ) values (45806, 863716, 1, 8, 4);
insert into positionInVehicule (cargomanifest_id, container_id, containerpositionX, containerpositionY, containerpositionZ) values (39823, 5626896, 3, 7, 3);
insert into positionInVehicule (cargomanifest_id, container_id, containerpositionX, containerpositionY, containerpositionZ) values (2025, 2650387, 9, 10, 4);
insert into positionInVehicule (cargomanifest_id, container_id, containerpositionX, containerpositionY, containerpositionZ) values (16358, 9019057, 11, 3, 6);
insert into positionInVehicule (cargomanifest_id, container_id, containerpositionX, containerpositionY, containerpositionZ) values (64229, 2693114, 10, 8, 1);
insert into positionInVehicule (cargomanifest_id, container_id, containerpositionX, containerpositionY, containerpositionZ) values (85242, 7104943, 6, 1, 6);
insert into positionInVehicule (cargomanifest_id, container_id, containerpositionX, containerpositionY, containerpositionZ) values (37588, 441419, 6, 10, 3);
insert into positionInVehicule (cargomanifest_id, container_id, containerpositionX, containerpositionY, containerpositionZ) values (73258, 4783022, 1, 1, 2);
insert into positionInVehicule (cargomanifest_id, container_id, containerpositionX, containerpositionY, containerpositionZ) values (62590, 5579420, 1, 4, 2);
insert into positionInVehicule (cargomanifest_id, container_id, containerpositionX, containerpositionY, containerpositionZ) values (3598, 7078879, 9, 6, 3);
insert into positionInVehicule (cargomanifest_id, container_id, containerpositionX, containerpositionY, containerpositionZ) values (57650, 6807391, 5, 8, 4);
insert into positionInVehicule (cargomanifest_id, container_id, containerpositionX, containerpositionY, containerpositionZ) values (86476, 7874154, 10, 1, 3);
insert into positionInVehicule (cargomanifest_id, container_id, containerpositionX, containerpositionY, containerpositionZ) values (64912, 2609773, 5, 3, 3);
insert into positionInVehicule (cargomanifest_id, container_id, containerpositionX, containerpositionY, containerpositionZ) values (9062, 9741567, 2, 8, 5);
insert into positionInVehicule (cargomanifest_id, container_id, containerpositionX, containerpositionY, containerpositionZ) values (62698, 8546378, 8, 6, 5);
insert into positionInVehicule (cargomanifest_id, container_id, containerpositionX, containerpositionY, containerpositionZ) values (79225, 6397520, 5, 9, 5);
insert into positionInVehicule (cargomanifest_id, container_id, containerpositionX, containerpositionY, containerpositionZ) values (19821, 8914667, 10, 1, 2);
insert into positionInVehicule (cargomanifest_id, container_id, containerpositionX, containerpositionY, containerpositionZ) values (73258, 9143577, 4, 4, 5);
insert into positionInVehicule (cargomanifest_id, container_id, containerpositionX, containerpositionY, containerpositionZ) values (30009, 4326904, 4, 5, 1);
insert into positionInVehicule (cargomanifest_id, container_id, containerpositionX, containerpositionY, containerpositionZ) values (85242, 9137286, 9, 4, 1);
insert into positionInVehicule (cargomanifest_id, container_id, containerpositionX, containerpositionY, containerpositionZ) values (69477, 1305336, 11, 1, 2);
insert into positionInVehicule (cargomanifest_id, container_id, containerpositionX, containerpositionY, containerpositionZ) values (57650, 2136499, 2, 6, 2);
insert into positionInVehicule (cargomanifest_id, container_id, containerpositionX, containerpositionY, containerpositionZ) values (39823, 6198473, 3, 10, 2);
insert into positionInVehicule (cargomanifest_id, container_id, containerpositionX, containerpositionY, containerpositionZ) values (78548, 9764185, 12, 4, 4);
insert into positionInVehicule (cargomanifest_id, container_id, containerpositionX, containerpositionY, containerpositionZ) values (47409, 938340, 3, 8, 5);
insert into positionInVehicule (cargomanifest_id, container_id, containerpositionX, containerpositionY, containerpositionZ) values (80342, 896255, 11, 2, 3);
insert into positionInVehicule (cargomanifest_id, container_id, containerpositionX, containerpositionY, containerpositionZ) values (19821, 4404245, 2, 8, 3);
insert into positionInVehicule (cargomanifest_id, container_id, containerpositionX, containerpositionY, containerpositionZ) values (25442, 5947097, 9, 5, 4);
insert into positionInVehicule (cargomanifest_id, container_id, containerpositionX, containerpositionY, containerpositionZ) values (3598, 86822, 1, 5, 4);
insert into positionInVehicule (cargomanifest_id, container_id, containerpositionX, containerpositionY, containerpositionZ) values (83244, 3723819, 1, 4, 1);
insert into positionInVehicule (cargomanifest_id, container_id, containerpositionX, containerpositionY, containerpositionZ) values (723, 1029352, 8, 5, 1);
insert into positionInVehicule (cargomanifest_id, container_id, containerpositionX, containerpositionY, containerpositionZ) values (64229, 4322877, 4, 4, 2);
insert into positionInVehicule (cargomanifest_id, container_id, containerpositionX, containerpositionY, containerpositionZ) values (52328, 5015254, 8, 1, 4);
insert into positionInVehicule (cargomanifest_id, container_id, containerpositionX, containerpositionY, containerpositionZ) values (69477, 7682515, 5, 1, 5);
insert into positionInVehicule (cargomanifest_id, container_id, containerpositionX, containerpositionY, containerpositionZ) values (3598, 5841368, 8, 5, 4);
insert into positionInVehicule (cargomanifest_id, container_id, containerpositionX, containerpositionY, containerpositionZ) values (82845, 2733809, 1, 9, 4);
insert into positionInVehicule (cargomanifest_id, container_id, containerpositionX, containerpositionY, containerpositionZ) values (78548, 8056115, 12, 1, 4);
insert into positionInVehicule (cargomanifest_id, container_id, containerpositionX, containerpositionY, containerpositionZ) values (80342, 7560668, 9, 7, 6);
insert into positionInVehicule (cargomanifest_id, container_id, containerpositionX, containerpositionY, containerpositionZ) values (11031, 7082372, 10, 3, 2);
insert into positionInVehicule (cargomanifest_id, container_id, containerpositionX, containerpositionY, containerpositionZ) values (45806, 5655299, 6, 7, 3);
insert into positionInVehicule (cargomanifest_id, container_id, containerpositionX, containerpositionY, containerpositionZ) values (30009, 5308377, 9, 10, 4);
insert into positionInVehicule (cargomanifest_id, container_id, containerpositionX, containerpositionY, containerpositionZ) values (19821, 9216307, 2, 7, 1);
insert into positionInVehicule (cargomanifest_id, container_id, containerpositionX, containerpositionY, containerpositionZ) values (87507, 2031503, 8, 1, 2);
insert into positionInVehicule (cargomanifest_id, container_id, containerpositionX, containerpositionY, containerpositionZ) values (91736, 9978599, 8, 9, 6);
insert into positionInVehicule (cargomanifest_id, container_id, containerpositionX, containerpositionY, containerpositionZ) values (78991, 978199, 1, 8, 6);
insert into positionInVehicule (cargomanifest_id, container_id, containerpositionX, containerpositionY, containerpositionZ) values (67603, 4481941, 10, 6, 4);
insert into positionInVehicule (cargomanifest_id, container_id, containerpositionX, containerpositionY, containerpositionZ) values (45806, 2672406, 5, 10, 6);
insert into positionInVehicule (cargomanifest_id, container_id, containerpositionX, containerpositionY, containerpositionZ) values (73258, 1987586, 5, 6, 3);
insert into positionInVehicule (cargomanifest_id, container_id, containerpositionX, containerpositionY, containerpositionZ) values (37588, 7807239, 2, 6, 1);
insert into positionInVehicule (cargomanifest_id, container_id, containerpositionX, containerpositionY, containerpositionZ) values (64912, 144449, 9, 2, 6);
insert into positionInVehicule (cargomanifest_id, container_id, containerpositionX, containerpositionY, containerpositionZ) values (34893, 9795786, 7, 10, 6);
insert into positionInVehicule (cargomanifest_id, container_id, containerpositionX, containerpositionY, containerpositionZ) values (91736, 5312279, 2, 7, 1);
insert into positionInVehicule (cargomanifest_id, container_id, containerpositionX, containerpositionY, containerpositionZ) values (59447, 7749375, 12, 1, 5);
insert into positionInVehicule (cargomanifest_id, container_id, containerpositionX, containerpositionY, containerpositionZ) values (723, 2504454, 1, 2, 5);
insert into positionInVehicule (cargomanifest_id, container_id, containerpositionX, containerpositionY, containerpositionZ) values (53304, 1558071, 9, 5, 4);
insert into positionInVehicule (cargomanifest_id, container_id, containerpositionX, containerpositionY, containerpositionZ) values (53304, 1962396, 10, 8, 6);
insert into positionInVehicule (cargomanifest_id, container_id, containerpositionX, containerpositionY, containerpositionZ) values (53304, 2353883, 7, 5, 5);
insert into positionInVehicule (cargomanifest_id, container_id, containerpositionX, containerpositionY, containerpositionZ) values (3598, 3434488, 3, 3, 5);
insert into positionInVehicule (cargomanifest_id, container_id, containerpositionX, containerpositionY, containerpositionZ) values (59447, 1418596, 7, 10, 5);
insert into positionInVehicule (cargomanifest_id, container_id, containerpositionX, containerpositionY, containerpositionZ) values (53304, 6956397, 12, 9, 3);
insert into positionInVehicule (cargomanifest_id, container_id, containerpositionX, containerpositionY, containerpositionZ) values (78991, 123768, 5, 3, 3);
insert into positionInVehicule (cargomanifest_id, container_id, containerpositionX, containerpositionY, containerpositionZ) values (89260, 2722759, 9, 3, 5);
insert into positionInVehicule (cargomanifest_id, container_id, containerpositionX, containerpositionY, containerpositionZ) values (91736, 6458130, 9, 9, 5);
insert into positionInVehicule (cargomanifest_id, container_id, containerpositionX, containerpositionY, containerpositionZ) values (37588, 9608504, 10, 3, 5);
insert into positionInVehicule (cargomanifest_id, container_id, containerpositionX, containerpositionY, containerpositionZ) values (83244, 3462818, 5, 7, 1);
insert into positionInVehicule (cargomanifest_id, container_id, containerpositionX, containerpositionY, containerpositionZ) values (723, 6724197, 4, 9, 2);
insert into positionInVehicule (cargomanifest_id, container_id, containerpositionX, containerpositionY, containerpositionZ) values (73258, 5659368, 12, 8, 1);
insert into positionInVehicule (cargomanifest_id, container_id, containerpositionX, containerpositionY, containerpositionZ) values (54091, 1274563, 9, 2, 3);
insert into positionInVehicule (cargomanifest_id, container_id, containerpositionX, containerpositionY, containerpositionZ) values (91736, 837583, 11, 5, 3);
insert into positionInVehicule (cargomanifest_id, container_id, containerpositionX, containerpositionY, containerpositionZ) values (79225, 586095, 10, 10, 6);
insert into positionInVehicule (cargomanifest_id, container_id, containerpositionX, containerpositionY, containerpositionZ) values (89260, 9661114, 2, 10, 1);
insert into positionInVehicule (cargomanifest_id, container_id, containerpositionX, containerpositionY, containerpositionZ) values (77328, 7572031, 7, 3, 3);
insert into positionInVehicule (cargomanifest_id, container_id, containerpositionX, containerpositionY, containerpositionZ) values (54561, 8218495, 2, 10, 5);
insert into positionInVehicule (cargomanifest_id, container_id, containerpositionX, containerpositionY, containerpositionZ) values (19821, 2767540, 6, 3, 5);
insert into positionInVehicule (cargomanifest_id, container_id, containerpositionX, containerpositionY, containerpositionZ) values (2163, 745998, 1, 5, 1);
insert into positionInVehicule (cargomanifest_id, container_id, containerpositionX, containerpositionY, containerpositionZ) values (64912, 3795095, 12, 10, 6);
insert into positionInVehicule (cargomanifest_id, container_id, containerpositionX, containerpositionY, containerpositionZ) values (12366, 1986974, 10, 6, 3);
insert into positionInVehicule (cargomanifest_id, container_id, containerpositionX, containerpositionY, containerpositionZ) values (34893, 6889907, 6, 5, 1);
insert into positionInVehicule (cargomanifest_id, container_id, containerpositionX, containerpositionY, containerpositionZ) values (45228, 5638346, 11, 2, 3);
insert into positionInVehicule (cargomanifest_id, container_id, containerpositionX, containerpositionY, containerpositionZ) values (73258, 540114, 7, 8, 6);
insert into positionInVehicule (cargomanifest_id, container_id, containerpositionX, containerpositionY, containerpositionZ) values (91736, 8935466, 8, 1, 6);
insert into positionInVehicule (cargomanifest_id, container_id, containerpositionX, containerpositionY, containerpositionZ) values (91736, 3576467, 8, 9, 6);
insert into positionInVehicule (cargomanifest_id, container_id, containerpositionX, containerpositionY, containerpositionZ) values (91736, 8498533, 4, 2, 2);
insert into positionInVehicule (cargomanifest_id, container_id, containerpositionX, containerpositionY, containerpositionZ) values (86476, 6278703, 5, 1, 6);
insert into positionInVehicule (cargomanifest_id, container_id, containerpositionX, containerpositionY, containerpositionZ) values (66729, 5985041, 8, 1, 1);
insert into positionInVehicule (cargomanifest_id, container_id, containerpositionX, containerpositionY, containerpositionZ) values (78548, 3000853, 3, 2, 3);
insert into positionInVehicule (cargomanifest_id, container_id, containerpositionX, containerpositionY, containerpositionZ) values (64229, 8950208, 12, 8, 5);
insert into positionInVehicule (cargomanifest_id, container_id, containerpositionX, containerpositionY, containerpositionZ) values (78548, 9987446, 7, 7, 2);
insert into positionInVehicule (cargomanifest_id, container_id, containerpositionX, containerpositionY, containerpositionZ) values (64912, 810979, 9, 6, 5);
insert into positionInVehicule (cargomanifest_id, container_id, containerpositionX, containerpositionY, containerpositionZ) values (96922, 9226749, 4, 10, 2);
insert into positionInVehicule (cargomanifest_id, container_id, containerpositionX, containerpositionY, containerpositionZ) values (64229, 3989030, 7, 10, 3);
insert into positionInVehicule (cargomanifest_id, container_id, containerpositionX, containerpositionY, containerpositionZ) values (39823, 9203377, 2, 10, 1);
insert into positionInVehicule (cargomanifest_id, container_id, containerpositionX, containerpositionY, containerpositionZ) values (57546, 283730, 2, 2, 4);
insert into positionInVehicule (cargomanifest_id, container_id, containerpositionX, containerpositionY, containerpositionZ) values (67603, 4074022, 5, 5, 5);
insert into positionInVehicule (cargomanifest_id, container_id, containerpositionX, containerpositionY, containerpositionZ) values (16358, 7459573, 11, 9, 1);
insert into positionInVehicule (cargomanifest_id, container_id, containerpositionX, containerpositionY, containerpositionZ) values (79225, 9466123, 9, 6, 5);
insert into positionInVehicule (cargomanifest_id, container_id, containerpositionX, containerpositionY, containerpositionZ) values (45228, 5540054, 3, 5, 4);
insert into positionInVehicule (cargomanifest_id, container_id, containerpositionX, containerpositionY, containerpositionZ) values (64229, 7857665, 9, 10, 6);
insert into positionInVehicule (cargomanifest_id, container_id, containerpositionX, containerpositionY, containerpositionZ) values (93962, 1277238, 11, 2, 2);
insert into positionInVehicule (cargomanifest_id, container_id, containerpositionX, containerpositionY, containerpositionZ) values (93962, 2750735, 5, 6, 2);
insert into positionInVehicule (cargomanifest_id, container_id, containerpositionX, containerpositionY, containerpositionZ) values (82845, 5359558, 8, 7, 3);
insert into positionInVehicule (cargomanifest_id, container_id, containerpositionX, containerpositionY, containerpositionZ) values (73258, 6915770, 4, 9, 5);
insert into positionInVehicule (cargomanifest_id, container_id, containerpositionX, containerpositionY, containerpositionZ) values (78991, 5351520, 6, 7, 5);
insert into positionInVehicule (cargomanifest_id, container_id, containerpositionX, containerpositionY, containerpositionZ) values (78991, 6680360, 3, 8, 2);
insert into positionInVehicule (cargomanifest_id, container_id, containerpositionX, containerpositionY, containerpositionZ) values (59447, 3401835, 7, 6, 3);
insert into positionInVehicule (cargomanifest_id, container_id, containerpositionX, containerpositionY, containerpositionZ) values (30009, 6064923, 6, 7, 6);
insert into positionInVehicule (cargomanifest_id, container_id, containerpositionX, containerpositionY, containerpositionZ) values (66729, 4220768, 3, 10, 2);
insert into positionInVehicule (cargomanifest_id, container_id, containerpositionX, containerpositionY, containerpositionZ) values (82845, 8529220, 6, 3, 1);
insert into positionInVehicule (cargomanifest_id, container_id, containerpositionX, containerpositionY, containerpositionZ) values (9004, 6215351, 8, 6, 5);
insert into positionInVehicule (cargomanifest_id, container_id, containerpositionX, containerpositionY, containerpositionZ) values (80342, 5919556, 2, 7, 3);
insert into positionInVehicule (cargomanifest_id, container_id, containerpositionX, containerpositionY, containerpositionZ) values (12366, 857965, 6, 4, 4);
insert into positionInVehicule (cargomanifest_id, container_id, containerpositionX, containerpositionY, containerpositionZ) values (62698, 7226444, 4, 1, 1);
insert into positionInVehicule (cargomanifest_id, container_id, containerpositionX, containerpositionY, containerpositionZ) values (723, 7852564, 1, 2, 5);
insert into positionInVehicule (cargomanifest_id, container_id, containerpositionX, containerpositionY, containerpositionZ) values (64229, 9917166, 2, 3, 6);
insert into positionInVehicule (cargomanifest_id, container_id, containerpositionX, containerpositionY, containerpositionZ) values (16358, 7850304, 3, 8, 2);
insert into positionInVehicule (cargomanifest_id, container_id, containerpositionX, containerpositionY, containerpositionZ) values (2163, 1573723, 1, 6, 3);
insert into positionInVehicule (cargomanifest_id, container_id, containerpositionX, containerpositionY, containerpositionZ) values (45228, 7511557, 11, 9, 6);
insert into positionInVehicule (cargomanifest_id, container_id, containerpositionX, containerpositionY, containerpositionZ) values (78548, 1623809, 4, 10, 4);
insert into positionInVehicule (cargomanifest_id, container_id, containerpositionX, containerpositionY, containerpositionZ) values (19821, 3652803, 5, 10, 4);
insert into positionInVehicule (cargomanifest_id, container_id, containerpositionX, containerpositionY, containerpositionZ) values (45806, 2818829, 10, 5, 3);
insert into positionInVehicule (cargomanifest_id, container_id, containerpositionX, containerpositionY, containerpositionZ) values (79225, 4897238, 8, 3, 3);
insert into positionInVehicule (cargomanifest_id, container_id, containerpositionX, containerpositionY, containerpositionZ) values (73258, 8255706, 3, 8, 4);
insert into positionInVehicule (cargomanifest_id, container_id, containerpositionX, containerpositionY, containerpositionZ) values (9062, 8889089, 1, 2, 1);
insert into positionInVehicule (cargomanifest_id, container_id, containerpositionX, containerpositionY, containerpositionZ) values (86476, 5967879, 3, 5, 5);
insert into positionInVehicule (cargomanifest_id, container_id, containerpositionX, containerpositionY, containerpositionZ) values (34893, 3921493, 9, 10, 2);
insert into positionInVehicule (cargomanifest_id, container_id, containerpositionX, containerpositionY, containerpositionZ) values (54091, 5179239, 5, 7, 6);
insert into positionInVehicule (cargomanifest_id, container_id, containerpositionX, containerpositionY, containerpositionZ) values (39823, 6441995, 10, 1, 1);
insert into positionInVehicule (cargomanifest_id, container_id, containerpositionX, containerpositionY, containerpositionZ) values (12366, 551621, 5, 6, 5);
insert into positionInVehicule (cargomanifest_id, container_id, containerpositionX, containerpositionY, containerpositionZ) values (62590, 8965558, 3, 1, 6);
insert into positionInVehicule (cargomanifest_id, container_id, containerpositionX, containerpositionY, containerpositionZ) values (19821, 8213390, 9, 4, 6);
insert into positionInVehicule (cargomanifest_id, container_id, containerpositionX, containerpositionY, containerpositionZ) values (62590, 7515848, 11, 6, 3);
insert into positionInVehicule (cargomanifest_id, container_id, containerpositionX, containerpositionY, containerpositionZ) values (80342, 7136029, 10, 1, 2);
insert into positionInVehicule (cargomanifest_id, container_id, containerpositionX, containerpositionY, containerpositionZ) values (9004, 961837, 12, 3, 6);
insert into positionInVehicule (cargomanifest_id, container_id, containerpositionX, containerpositionY, containerpositionZ) values (79225, 5063635, 11, 3, 4);
insert into positionInVehicule (cargomanifest_id, container_id, containerpositionX, containerpositionY, containerpositionZ) values (73258, 2753171, 3, 5, 5);
insert into positionInVehicule (cargomanifest_id, container_id, containerpositionX, containerpositionY, containerpositionZ) values (89260, 3913156, 10, 1, 2);
insert into positionInVehicule (cargomanifest_id, container_id, containerpositionX, containerpositionY, containerpositionZ) values (78991, 6107524, 11, 10, 2);
insert into positionInVehicule (cargomanifest_id, container_id, containerpositionX, containerpositionY, containerpositionZ) values (723, 7525736, 1, 3, 6);
insert into positionInVehicule (cargomanifest_id, container_id, containerpositionX, containerpositionY, containerpositionZ) values (64912, 6626959, 1, 5, 5);
insert into positionInVehicule (cargomanifest_id, container_id, containerpositionX, containerpositionY, containerpositionZ) values (73258, 1152784, 3, 1, 4);
insert into positionInVehicule (cargomanifest_id, container_id, containerpositionX, containerpositionY, containerpositionZ) values (25442, 2755128, 3, 9, 1);
insert into positionInVehicule (cargomanifest_id, container_id, containerpositionX, containerpositionY, containerpositionZ) values (2025, 3513855, 2, 4, 1);
insert into positionInVehicule (cargomanifest_id, container_id, containerpositionX, containerpositionY, containerpositionZ) values (59447, 9469931, 11, 1, 6);
insert into positionInVehicule (cargomanifest_id, container_id, containerpositionX, containerpositionY, containerpositionZ) values (34491, 4515914, 9, 1, 2);
insert into positionInVehicule (cargomanifest_id, container_id, containerpositionX, containerpositionY, containerpositionZ) values (80342, 7715183, 9, 6, 1);
insert into positionInVehicule (cargomanifest_id, container_id, containerpositionX, containerpositionY, containerpositionZ) values (83244, 309787, 6, 9, 4);
insert into positionInVehicule (cargomanifest_id, container_id, containerpositionX, containerpositionY, containerpositionZ) values (25442, 2913804, 11, 5, 4);
insert into positionInVehicule (cargomanifest_id, container_id, containerpositionX, containerpositionY, containerpositionZ) values (80342, 4399451, 2, 6, 1);
insert into positionInVehicule (cargomanifest_id, container_id, containerpositionX, containerpositionY, containerpositionZ) values (96922, 386410, 9, 5, 2);
insert into positionInVehicule (cargomanifest_id, container_id, containerpositionX, containerpositionY, containerpositionZ) values (52328, 8539085, 11, 6, 4);
insert into positionInVehicule (cargomanifest_id, container_id, containerpositionX, containerpositionY, containerpositionZ) values (47409, 9355505, 6, 10, 6);
insert into positionInVehicule (cargomanifest_id, container_id, containerpositionX, containerpositionY, containerpositionZ) values (54091, 9000932, 2, 1, 1);
insert into positionInVehicule (cargomanifest_id, container_id, containerpositionX, containerpositionY, containerpositionZ) values (52328, 2116393, 5, 4, 3);
insert into positionInVehicule (cargomanifest_id, container_id, containerpositionX, containerpositionY, containerpositionZ) values (59447, 2549246, 12, 1, 1);
insert into positionInVehicule (cargomanifest_id, container_id, containerpositionX, containerpositionY, containerpositionZ) values (47409, 6191019, 1, 1, 2);
insert into positionInVehicule (cargomanifest_id, container_id, containerpositionX, containerpositionY, containerpositionZ) values (53304, 6955932, 9, 8, 2);
insert into positionInVehicule (cargomanifest_id, container_id, containerpositionX, containerpositionY, containerpositionZ) values (34893, 3272382, 7, 2, 6);
insert into positionInVehicule (cargomanifest_id, container_id, containerpositionX, containerpositionY, containerpositionZ) values (2163, 1475321, 7, 10, 2);
insert into positionInVehicule (cargomanifest_id, container_id, containerpositionX, containerpositionY, containerpositionZ) values (57546, 666915, 1, 2, 5);
insert into positionInVehicule (cargomanifest_id, container_id, containerpositionX, containerpositionY, containerpositionZ) values (69477, 4107082, 2, 10, 1);
insert into positionInVehicule (cargomanifest_id, container_id, containerpositionX, containerpositionY, containerpositionZ) values (66729, 3011850, 5, 1, 3);
insert into positionInVehicule (cargomanifest_id, container_id, containerpositionX, containerpositionY, containerpositionZ) values (47409, 1506075, 10, 8, 5);
insert into positionInVehicule (cargomanifest_id, container_id, containerpositionX, containerpositionY, containerpositionZ) values (53304, 5887416, 11, 3, 1);
insert into positionInVehicule (cargomanifest_id, container_id, containerpositionX, containerpositionY, containerpositionZ) values (82845, 7636252, 6, 10, 1);
insert into positionInVehicule (cargomanifest_id, container_id, containerpositionX, containerpositionY, containerpositionZ) values (86476, 8527619, 11, 10, 3);
insert into positionInVehicule (cargomanifest_id, container_id, containerpositionX, containerpositionY, containerpositionZ) values (34893, 3355821, 9, 3, 1);
insert into positionInVehicule (cargomanifest_id, container_id, containerpositionX, containerpositionY, containerpositionZ) values (59447, 5002135, 9, 10, 5);
insert into positionInVehicule (cargomanifest_id, container_id, containerpositionX, containerpositionY, containerpositionZ) values (45228, 3143910, 9, 5, 1);
insert into positionInVehicule (cargomanifest_id, container_id, containerpositionX, containerpositionY, containerpositionZ) values (30009, 7305599, 2, 4, 3);
insert into positionInVehicule (cargomanifest_id, container_id, containerpositionX, containerpositionY, containerpositionZ) values (54091, 6686080, 2, 3, 6);
insert into positionInVehicule (cargomanifest_id, container_id, containerpositionX, containerpositionY, containerpositionZ) values (9062, 2661497, 7, 2, 4);
insert into positionInVehicule (cargomanifest_id, container_id, containerpositionX, containerpositionY, containerpositionZ) values (67603, 2877511, 4, 5, 6);
insert into positionInVehicule (cargomanifest_id, container_id, containerpositionX, containerpositionY, containerpositionZ) values (3598, 4847076, 12, 2, 2);
insert into positionInVehicule (cargomanifest_id, container_id, containerpositionX, containerpositionY, containerpositionZ) values (57650, 3113560, 6, 7, 1);
insert into positionInVehicule (cargomanifest_id, container_id, containerpositionX, containerpositionY, containerpositionZ) values (78548, 7213722, 11, 7, 3);
insert into positionInVehicule (cargomanifest_id, container_id, containerpositionX, containerpositionY, containerpositionZ) values (25442, 1049486, 5, 5, 5);
insert into positionInVehicule (cargomanifest_id, container_id, containerpositionX, containerpositionY, containerpositionZ) values (45228, 4889108, 2, 10, 6);
insert into positionInVehicule (cargomanifest_id, container_id, containerpositionX, containerpositionY, containerpositionZ) values (3598, 8284377, 4, 9, 1);
insert into positionInVehicule (cargomanifest_id, container_id, containerpositionX, containerpositionY, containerpositionZ) values (69477, 1382188, 12, 6, 4);
insert into positionInVehicule (cargomanifest_id, container_id, containerpositionX, containerpositionY, containerpositionZ) values (30009, 2802505, 11, 8, 3);
--400 POSITIONS IN VEHICULE INSERTED

insert into route(route_id) values(1);
insert into route(route_id) values(2);
insert into route(route_id) values(3);
insert into route(route_id) values(4);
insert into route(route_id) values(5);
insert into route(route_id) values(6);
insert into route(route_id) values(7);
insert into route(route_id) values(8);
insert into route(route_id) values(9);
insert into route(route_id) values(10);

alter session set nls_date_format = 'DD-MM-YYYY';
insert into shiptrip (shiptrip_id, route_id, mmsi, departure_location, arrival_location, loading_cargo_id, unloading_cargo_id, est_departure_date, est_arrival_date, real_departure_date, real_arrival_date) values (73929, 1, 228339600, 22522, 27248, 66729, 54561, '22/02/2021', '17/05/2021', '28/02/2021', '12/05/2021');
insert into shiptrip (shiptrip_id, route_id, mmsi, departure_location, arrival_location, loading_cargo_id, unloading_cargo_id, est_departure_date, est_arrival_date, real_departure_date, real_arrival_date) values (84901, 1, 229767000, 13390, 20512, 64229, 86476, '24/02/2021', '14/06/2021', '21/03/2021', '30/04/2021');
insert into shiptrip (shiptrip_id, route_id, mmsi, departure_location, arrival_location, loading_cargo_id, unloading_cargo_id, est_departure_date, est_arrival_date, real_departure_date, real_arrival_date) values (57328, 1, 258692000, 22522, 25350, 71971, 45806, '29/03/2021', '10/06/2021', '28/03/2021', '02/06/2021');
insert into shiptrip (shiptrip_id, route_id, mmsi, departure_location, arrival_location, loading_cargo_id, unloading_cargo_id, est_departure_date, est_arrival_date, real_departure_date, real_arrival_date) values (71434, 1, 636019825, 27728, 23247, 54091, 82845, '15/02/2021', '02/05/2021', '07/03/2021', '05/05/2021');
insert into shiptrip (shiptrip_id, route_id, mmsi, departure_location, arrival_location, loading_cargo_id, unloading_cargo_id, est_departure_date, est_arrival_date, real_departure_date, real_arrival_date) values (62258, 1, 229767000, 21457, 11180, 83244, 89260, '15/02/2021', '06/05/2021', '20/03/2021', '23/05/2021');
insert into shiptrip (shiptrip_id, route_id, mmsi, departure_location, arrival_location, loading_cargo_id, unloading_cargo_id, est_departure_date, est_arrival_date, real_departure_date, real_arrival_date) values (16586, 2, 210950000, 26670, 18682, 89260, 62590, '14/02/2021', '11/04/2021', '02/02/2021', '02/05/2021');
insert into shiptrip (shiptrip_id, route_id, mmsi, departure_location, arrival_location, loading_cargo_id, unloading_cargo_id, est_departure_date, est_arrival_date, real_departure_date, real_arrival_date) values (59448, 2, 229767000, 22770, 18682, 87507, 16358, '12/03/2021', '18/06/2021', '10/03/2021', '03/04/2021');
insert into shiptrip (shiptrip_id, route_id, mmsi, departure_location, arrival_location, loading_cargo_id, unloading_cargo_id, est_departure_date, est_arrival_date, real_departure_date, real_arrival_date) values (30076, 2, 249047000, 28313, 23247, 71971, 73258, '09/03/2021', '31/05/2021', '06/02/2021', '29/05/2021');
insert into shiptrip (shiptrip_id, route_id, mmsi, departure_location, arrival_location, loading_cargo_id, unloading_cargo_id, est_departure_date, est_arrival_date, real_departure_date, real_arrival_date) values (64050, 2, 258692000, 20847, 216592, 723, 723, '18/02/2021', '27/06/2021', '27/02/2021', '10/06/2021');
insert into shiptrip (shiptrip_id, route_id, mmsi, departure_location, arrival_location, loading_cargo_id, unloading_cargo_id, est_departure_date, est_arrival_date, real_departure_date, real_arrival_date) values (63798, 2, 258692000, 10860, 20826, 57650, 62698, '18/03/2021', '19/06/2021', '01/03/2021', '27/05/2021');
insert into shiptrip (shiptrip_id, route_id, mmsi, departure_location, arrival_location, loading_cargo_id, unloading_cargo_id, est_departure_date, est_arrival_date, real_departure_date, real_arrival_date) values (89070, 3, 636092932, 28781, 25007, 54561, 93962, '30/03/2021', '24/04/2021', '01/02/2021', '24/05/2021');
insert into shiptrip (shiptrip_id, route_id, mmsi, departure_location, arrival_location, loading_cargo_id, unloading_cargo_id, est_departure_date, est_arrival_date, real_departure_date, real_arrival_date) values (33710, 3, 636092932, 14459, 28781, 2025, 3598, '23/03/2021', '04/04/2021', '31/03/2021', '25/06/2021');
insert into shiptrip (shiptrip_id, route_id, mmsi, departure_location, arrival_location, loading_cargo_id, unloading_cargo_id, est_departure_date, est_arrival_date, real_departure_date, real_arrival_date) values (31695, 3, 235092459, 17941, 18326, 57546, 86476, '12/02/2021', '26/04/2021', '25/02/2021', '23/06/2021');
insert into shiptrip (shiptrip_id, route_id, mmsi, departure_location, arrival_location, loading_cargo_id, unloading_cargo_id, est_departure_date, est_arrival_date, real_departure_date, real_arrival_date) values (29960, 3, 636092932, 28313, 16485, 54561, 30009, '03/03/2021', '14/05/2021', '07/03/2021', '08/06/2021');
insert into shiptrip (shiptrip_id, route_id, mmsi, departure_location, arrival_location, loading_cargo_id, unloading_cargo_id, est_departure_date, est_arrival_date, real_departure_date, real_arrival_date) values (99784, 3, 229961000, 29973, 21457, 45228, 89260, '18/02/2021', '31/05/2021', '22/03/2021', '03/04/2021');
insert into shiptrip (shiptrip_id, route_id, mmsi, departure_location, arrival_location, loading_cargo_id, unloading_cargo_id, est_departure_date, est_arrival_date, real_departure_date, real_arrival_date) values (76372, 3, 636019825, 20512, 216593, 71971, 45228, '10/02/2021', '06/04/2021', '23/03/2021', '20/05/2021');
insert into shiptrip (shiptrip_id, route_id, mmsi, departure_location, arrival_location, loading_cargo_id, unloading_cargo_id, est_departure_date, est_arrival_date, real_departure_date, real_arrival_date) values (98507, 3, 228339600, 24795, 10136, 34491, 86476, '05/03/2021', '27/04/2021', '19/02/2021', '28/06/2021');
insert into shiptrip (shiptrip_id, route_id, mmsi, departure_location, arrival_location, loading_cargo_id, unloading_cargo_id, est_departure_date, est_arrival_date, real_departure_date, real_arrival_date) values (29440, 3, 228339600, 20301, 22226, 34893, 52328, '09/02/2021', '19/04/2021', '04/03/2021', '02/06/2021');
insert into shiptrip (shiptrip_id, route_id, mmsi, departure_location, arrival_location, loading_cargo_id, unloading_cargo_id, est_departure_date, est_arrival_date, real_departure_date, real_arrival_date) values (65729, 3, 256304000, 29876, 246265, 62590, 34491, '01/03/2021', '01/06/2021', '28/03/2021', '13/04/2021');
insert into shiptrip (shiptrip_id, route_id, mmsi, departure_location, arrival_location, loading_cargo_id, unloading_cargo_id, est_departure_date, est_arrival_date, real_departure_date, real_arrival_date) values (36929, 4, 305176000, 18137, 14635, 71971, 3598, '27/03/2021', '10/06/2021', '04/03/2021', '26/05/2021');
insert into shiptrip (shiptrip_id, route_id, mmsi, departure_location, arrival_location, loading_cargo_id, unloading_cargo_id, est_departure_date, est_arrival_date, real_departure_date, real_arrival_date) values (90333, 4, 305176000, 18012, 24951, 87507, 39823, '19/02/2021', '26/04/2021', '12/03/2021', '30/06/2021');
insert into shiptrip (shiptrip_id, route_id, mmsi, departure_location, arrival_location, loading_cargo_id, unloading_cargo_id, est_departure_date, est_arrival_date, real_departure_date, real_arrival_date) values (1334, 4, 636019825, 20351, 14277, 16358, 52328, '18/02/2021', '24/05/2021', '12/02/2021', '07/05/2021');
insert into shiptrip (shiptrip_id, route_id, mmsi, departure_location, arrival_location, loading_cargo_id, unloading_cargo_id, est_departure_date, est_arrival_date, real_departure_date, real_arrival_date) values (89964, 4, 212180000, 15107, 21206, 3598, 69477, '08/03/2021', '28/04/2021', '14/03/2021', '10/04/2021');
insert into shiptrip (shiptrip_id, route_id, mmsi, departure_location, arrival_location, loading_cargo_id, unloading_cargo_id, est_departure_date, est_arrival_date, real_departure_date, real_arrival_date) values (68626, 4, 228339600, 14226, 11180, 34893, 77328, '21/03/2021', '07/04/2021', '14/03/2021', '02/04/2021');
insert into shiptrip (shiptrip_id, route_id, mmsi, departure_location, arrival_location, loading_cargo_id, unloading_cargo_id, est_departure_date, est_arrival_date, real_departure_date, real_arrival_date) values (77575, 4, 305176000, 20847, 29973, 87507, 34893, '18/02/2021', '21/05/2021', '16/03/2021', '09/06/2021');
insert into shiptrip (shiptrip_id, route_id, mmsi, departure_location, arrival_location, loading_cargo_id, unloading_cargo_id, est_departure_date, est_arrival_date, real_departure_date, real_arrival_date) values (55237, 4, 258692000, 17941, 21381, 34491, 79225, '10/03/2021', '23/04/2021', '18/02/2021', '01/06/2021');
insert into shiptrip (shiptrip_id, route_id, mmsi, departure_location, arrival_location, loading_cargo_id, unloading_cargo_id, est_departure_date, est_arrival_date, real_departure_date, real_arrival_date) values (48547, 4, 303221000, 11180, 29876, 64229, 2163, '07/02/2021', '18/04/2021', '13/02/2021', '29/05/2021');
insert into shiptrip (shiptrip_id, route_id, mmsi, departure_location, arrival_location, loading_cargo_id, unloading_cargo_id, est_departure_date, est_arrival_date, real_departure_date, real_arrival_date) values (69482, 4, 228339600, 10860, 23247, 77328, 45806, '17/03/2021', '19/04/2021', '01/02/2021', '28/05/2021');
insert into shiptrip (shiptrip_id, route_id, mmsi, departure_location, arrival_location, loading_cargo_id, unloading_cargo_id, est_departure_date, est_arrival_date, real_departure_date, real_arrival_date) values (82933, 4, 210950000, 25350, 18433, 91736, 79225, '15/03/2021', '20/06/2021', '07/02/2021', '19/06/2021');
insert into shiptrip (shiptrip_id, route_id, mmsi, departure_location, arrival_location, loading_cargo_id, unloading_cargo_id, est_departure_date, est_arrival_date, real_departure_date, real_arrival_date) values (15217, 5, 212180000, 14635, 19473, 62698, 79225, '01/02/2021', '23/06/2021', '24/02/2021', '30/06/2021');
insert into shiptrip (shiptrip_id, route_id, mmsi, departure_location, arrival_location, loading_cargo_id, unloading_cargo_id, est_departure_date, est_arrival_date, real_departure_date, real_arrival_date) values (25803, 5, 636092932, 24951, 11180, 62698, 83244, '09/03/2021', '17/05/2021', '19/02/2021', '20/05/2021');
insert into shiptrip (shiptrip_id, route_id, mmsi, departure_location, arrival_location, loading_cargo_id, unloading_cargo_id, est_departure_date, est_arrival_date, real_departure_date, real_arrival_date) values (5230, 5, 228339600, 29749, 22770, 52328, 85242, '26/03/2021', '18/06/2021', '04/02/2021', '07/06/2021');
insert into shiptrip (shiptrip_id, route_id, mmsi, departure_location, arrival_location, loading_cargo_id, unloading_cargo_id, est_departure_date, est_arrival_date, real_departure_date, real_arrival_date) values (47090, 5, 256888000, 22522, 18012, 86476, 47409, '03/02/2021', '27/06/2021', '05/02/2021', '05/04/2021');
insert into shiptrip (shiptrip_id, route_id, mmsi, departure_location, arrival_location, loading_cargo_id, unloading_cargo_id, est_departure_date, est_arrival_date, real_departure_date, real_arrival_date) values (53526, 5, 636092932, 224858, 19057, 78548, 87507, '06/02/2021', '05/04/2021', '22/03/2021', '17/05/2021');
insert into shiptrip (shiptrip_id, route_id, mmsi, departure_location, arrival_location, loading_cargo_id, unloading_cargo_id, est_departure_date, est_arrival_date, real_departure_date, real_arrival_date) values (80020, 5, 258692000, 14277, 18867, 62698, 9004, '07/02/2021', '23/04/2021', '29/03/2021', '27/06/2021');
insert into shiptrip (shiptrip_id, route_id, mmsi, departure_location, arrival_location, loading_cargo_id, unloading_cargo_id, est_departure_date, est_arrival_date, real_departure_date, real_arrival_date) values (86152, 5, 229767000, 10563, 24951, 53304, 34491, '19/03/2021', '23/06/2021', '06/03/2021', '06/04/2021');
insert into shiptrip (shiptrip_id, route_id, mmsi, departure_location, arrival_location, loading_cargo_id, unloading_cargo_id, est_departure_date, est_arrival_date, real_departure_date, real_arrival_date) values (13398, 5, 636092932, 13176, 13390, 45806, 77328, '13/03/2021', '09/06/2021', '13/02/2021', '06/05/2021');
insert into shiptrip (shiptrip_id, route_id, mmsi, departure_location, arrival_location, loading_cargo_id, unloading_cargo_id, est_departure_date, est_arrival_date, real_departure_date, real_arrival_date) values (91586, 5, 212180000, 29239, 20512, 25442, 62698, '19/03/2021', '12/05/2021', '30/03/2021', '14/05/2021');
insert into shiptrip (shiptrip_id, route_id, mmsi, departure_location, arrival_location, loading_cargo_id, unloading_cargo_id, est_departure_date, est_arrival_date, real_departure_date, real_arrival_date) values (22209, 5, 305176000, 24951, 18682, 3598, 45228, '24/02/2021', '22/04/2021', '15/03/2021', '19/04/2021');
insert into shiptrip (shiptrip_id, route_id, mmsi, departure_location, arrival_location, loading_cargo_id, unloading_cargo_id, est_departure_date, est_arrival_date, real_departure_date, real_arrival_date) values (57425, 5, 636091400, 14470, 21556, 52328, 57546, '04/02/2021', '08/06/2021', '31/03/2021', '18/06/2021');
insert into shiptrip (shiptrip_id, route_id, mmsi, departure_location, arrival_location, loading_cargo_id, unloading_cargo_id, est_departure_date, est_arrival_date, real_departure_date, real_arrival_date) values (57052, 5, 229767000, 20301, 30045, 67603, 71971, '18/03/2021', '19/05/2021', '18/03/2021', '20/06/2021');
insert into shiptrip (shiptrip_id, route_id, mmsi, departure_location, arrival_location, loading_cargo_id, unloading_cargo_id, est_departure_date, est_arrival_date, real_departure_date, real_arrival_date) values (35642, 5, 636091400, 216592, 11771, 80342, 34893, '14/03/2021', '05/04/2021', '27/03/2021', '05/05/2021');
insert into shiptrip (shiptrip_id, route_id, mmsi, departure_location, arrival_location, loading_cargo_id, unloading_cargo_id, est_departure_date, est_arrival_date, real_departure_date, real_arrival_date) values (6999, 5, 210950000, 18454, 216592, 62698, 9004, '30/03/2021', '31/05/2021', '24/02/2021', '21/05/2021');
insert into shiptrip (shiptrip_id, route_id, mmsi, departure_location, arrival_location, loading_cargo_id, unloading_cargo_id, est_departure_date, est_arrival_date, real_departure_date, real_arrival_date) values (99648, 5, 303267000, 29973, 28082, 9004, 78991, '19/03/2021', '23/05/2021', '04/02/2021', '21/04/2021');
insert into shiptrip (shiptrip_id, route_id, mmsi, departure_location, arrival_location, loading_cargo_id, unloading_cargo_id, est_departure_date, est_arrival_date, real_departure_date, real_arrival_date) values (41177, 5, 257881000, 14459, 27248, 91736, 66729, '16/03/2021', '04/06/2021', '08/02/2021', '07/06/2021');
insert into shiptrip (shiptrip_id, route_id, mmsi, departure_location, arrival_location, loading_cargo_id, unloading_cargo_id, est_departure_date, est_arrival_date, real_departure_date, real_arrival_date) values (13631, 6, 228339600, 28082, 18476, 87507, 64912, '28/03/2021', '19/06/2021', '12/03/2021', '21/04/2021');
insert into shiptrip (shiptrip_id, route_id, mmsi, departure_location, arrival_location, loading_cargo_id, unloading_cargo_id, est_departure_date, est_arrival_date, real_departure_date, real_arrival_date) values (3133, 6, 258692000, 18682, 17386, 59447, 19821, '12/03/2021', '16/06/2021', '12/02/2021', '26/06/2021');
insert into shiptrip (shiptrip_id, route_id, mmsi, departure_location, arrival_location, loading_cargo_id, unloading_cargo_id, est_departure_date, est_arrival_date, real_departure_date, real_arrival_date) values (25226, 6, 212180000, 14459, 26670, 66729, 723, '30/03/2021', '27/04/2021', '17/03/2021', '03/04/2021');
insert into shiptrip (shiptrip_id, route_id, mmsi, departure_location, arrival_location, loading_cargo_id, unloading_cargo_id, est_departure_date, est_arrival_date, real_departure_date, real_arrival_date) values (16347, 6, 636091400, 29973, 14459, 78548, 34893, '13/03/2021', '23/04/2021', '21/03/2021', '03/06/2021');
insert into shiptrip (shiptrip_id, route_id, mmsi, departure_location, arrival_location, loading_cargo_id, unloading_cargo_id, est_departure_date, est_arrival_date, real_departure_date, real_arrival_date) values (54675, 6, 256888000, 24951, 14226, 78991, 78548, '19/02/2021', '31/05/2021', '11/03/2021', '20/05/2021');
insert into shiptrip (shiptrip_id, route_id, mmsi, departure_location, arrival_location, loading_cargo_id, unloading_cargo_id, est_departure_date, est_arrival_date, real_departure_date, real_arrival_date) values (42648, 6, 303267000, 21206, 11180, 3598, 25442, '21/02/2021', '14/06/2021', '30/03/2021', '19/06/2021');
insert into shiptrip (shiptrip_id, route_id, mmsi, departure_location, arrival_location, loading_cargo_id, unloading_cargo_id, est_departure_date, est_arrival_date, real_departure_date, real_arrival_date) values (89586, 6, 249047000, 24795, 28082, 54091, 723, '21/03/2021', '25/05/2021', '26/02/2021', '30/04/2021');
insert into shiptrip (shiptrip_id, route_id, mmsi, departure_location, arrival_location, loading_cargo_id, unloading_cargo_id, est_departure_date, est_arrival_date, real_departure_date, real_arrival_date) values (59324, 6, 235092459, 10563, 13390, 52328, 83244, '31/03/2021', '22/06/2021', '28/03/2021', '17/06/2021');
insert into shiptrip (shiptrip_id, route_id, mmsi, departure_location, arrival_location, loading_cargo_id, unloading_cargo_id, est_departure_date, est_arrival_date, real_departure_date, real_arrival_date) values (46988, 6, 636019825, 29002, 19473, 89260, 79225, '08/02/2021', '19/06/2021', '03/03/2021', '12/04/2021');
insert into shiptrip (shiptrip_id, route_id, mmsi, departure_location, arrival_location, loading_cargo_id, unloading_cargo_id, est_departure_date, est_arrival_date, real_departure_date, real_arrival_date) values (41359, 6, 636091400, 18433, 14277, 2163, 48193, '10/02/2021', '16/05/2021', '31/03/2021', '29/05/2021');
insert into shiptrip (shiptrip_id, route_id, mmsi, departure_location, arrival_location, loading_cargo_id, unloading_cargo_id, est_departure_date, est_arrival_date, real_departure_date, real_arrival_date) values (56510, 6, 636019825, 14226, 18476, 78548, 37588, '09/02/2021', '26/06/2021', '09/03/2021', '19/04/2021');
insert into shiptrip (shiptrip_id, route_id, mmsi, departure_location, arrival_location, loading_cargo_id, unloading_cargo_id, est_departure_date, est_arrival_date, real_departure_date, real_arrival_date) values (88427, 6, 212180000, 10136, 29239, 78548, 78991, '03/02/2021', '21/06/2021', '14/03/2021', '03/04/2021');
insert into shiptrip (shiptrip_id, route_id, mmsi, departure_location, arrival_location, loading_cargo_id, unloading_cargo_id, est_departure_date, est_arrival_date, real_departure_date, real_arrival_date) values (64368, 6, 212180000, 22522, 28781, 19821, 64229, '01/02/2021', '09/05/2021', '07/02/2021', '09/06/2021');
insert into shiptrip (shiptrip_id, route_id, mmsi, departure_location, arrival_location, loading_cargo_id, unloading_cargo_id, est_departure_date, est_arrival_date, real_departure_date, real_arrival_date) values (98872, 6, 235092459, 27248, 26147, 67603, 2025, '28/02/2021', '21/05/2021', '21/03/2021', '29/05/2021');

--US305 FIRST SITUATION
insert into shiptrip (shiptrip_id, route_id, mmsi, departure_location, arrival_location, loading_cargo_id, unloading_cargo_id, est_departure_date, est_arrival_date, real_departure_date, real_arrival_date) values (95954, 7, 249047000, 10136, 29749, 62698, 86476, '03/03/2021', '12/05/2021', '04/03/2021', '12/05/2021');
insert into shiptrip (shiptrip_id, route_id, mmsi, departure_location, arrival_location, loading_cargo_id, unloading_cargo_id, est_departure_date, est_arrival_date, real_departure_date, real_arrival_date) values (47433, 7, 303221000, 14113, 28313, 19821, 57650, '28/05/2021', '29/05/2021', '29/05/2021', '01/06/2021');
insert into shiptrip (shiptrip_id, route_id, mmsi, departure_location, arrival_location, loading_cargo_id, unloading_cargo_id, est_departure_date, est_arrival_date, real_departure_date, real_arrival_date) values (83011, 7, 249047000, 29749, 14113, 9062, 30009, '12/05/2021', '28/05/2021', '14/05/2021', '29/05/2021');
insert into shiptrip (shiptrip_id, route_id, mmsi, departure_location, arrival_location, loading_cargo_id, unloading_cargo_id, est_departure_date, est_arrival_date, real_departure_date, real_arrival_date) values (68138, 7, 212351000, 28313, 24795, 77328, 87507, '02/06/2021', '17/06/2021', '04/06/2021', '26/06/2021');
insert into shiptrip (shiptrip_id, route_id, mmsi, departure_location, arrival_location, loading_cargo_id, unloading_cargo_id, est_departure_date, est_arrival_date, real_departure_date, real_arrival_date) values (85922, 7, 235092459, 24795, 18433, 34893, 16358, '18/06/2021', '19/06/2021', null, null);

--US305 SECOND SITUATION
insert into shiptrip (shiptrip_id, route_id, mmsi, departure_location, arrival_location, loading_cargo_id, unloading_cargo_id, est_departure_date, est_arrival_date, real_departure_date, real_arrival_date) values (29045, 8, 228339600, 14459, 18137, 77328, 25442, '03/03/2021', '12/05/2021', '04/03/2021', '12/05/2021');
insert into shiptrip (shiptrip_id, route_id, mmsi, departure_location, arrival_location, loading_cargo_id, unloading_cargo_id, est_departure_date, est_arrival_date, real_departure_date, real_arrival_date) values (10710, 8, 210950000, 25007, 22522, 86476, 86476, '28/05/2021', '29/05/2021', '29/05/2021', '01/06/2021');
insert into shiptrip (shiptrip_id, route_id, mmsi, departure_location, arrival_location, loading_cargo_id, unloading_cargo_id, est_departure_date, est_arrival_date, real_departure_date, real_arrival_date) values (59732, 8, 303267000, 18137, 25007, 80342, 89260, '12/05/2021', '28/05/2021', '14/05/2021', '29/05/2021');
insert into shiptrip (shiptrip_id, route_id, mmsi, departure_location, arrival_location, loading_cargo_id, unloading_cargo_id, est_departure_date, est_arrival_date, real_departure_date, real_arrival_date) values (23183, 8, 210950000, 22522, 23247, 66729, 2025, '02/06/2021', '17/06/2021', '04/06/2021', null);
insert into shiptrip (shiptrip_id, route_id, mmsi, departure_location, arrival_location, loading_cargo_id, unloading_cargo_id, est_departure_date, est_arrival_date, real_departure_date, real_arrival_date) values (23255, 8, 303267000, 23247, 17941, 67603, 93962, '18/06/2021', '19/06/2021', null, null);

--US305 THIRD SITUATION
insert into shiptrip (shiptrip_id, route_id, mmsi, departure_location, arrival_location, loading_cargo_id, unloading_cargo_id, est_departure_date, est_arrival_date, real_departure_date, real_arrival_date) values (56778, 9, 229767000, 14113, 18433, 73258, 62698, '03/03/2021', '12/05/2021', '04/03/2021', '12/05/2021');
insert into shiptrip (shiptrip_id, route_id, mmsi, departure_location, arrival_location, loading_cargo_id, unloading_cargo_id, est_departure_date, est_arrival_date, real_departure_date, real_arrival_date) values (74590, 9, 636091400, 21451, 20826, 12366, 3598, '28/05/2021', '29/05/2021', '29/05/2021', '01/06/2021');
insert into shiptrip (shiptrip_id, route_id, mmsi, departure_location, arrival_location, loading_cargo_id, unloading_cargo_id, est_departure_date, est_arrival_date, real_departure_date, real_arrival_date) values (7326, 9, 229767000, 18433, 21451, 53304, 45806, '12/05/2021', '28/05/2021', '14/05/2021', '29/05/2021');
insert into shiptrip (shiptrip_id, route_id, mmsi, departure_location, arrival_location, loading_cargo_id, unloading_cargo_id, est_departure_date, est_arrival_date, real_departure_date, real_arrival_date) values (92307, 9, 256888000, 20826, 23428, 12366, 78991, '18/06/2021', '19/06/2021', null, null);

--US305 FOURTH SITUATION
insert into shiptrip (shiptrip_id, route_id, mmsi, departure_location, arrival_location, loading_cargo_id, unloading_cargo_id, est_departure_date, est_arrival_date, real_departure_date, real_arrival_date) values (5468, 10, 257881000, 18137, 21556, 80342, 9062, '03/03/2021', '12/05/2021', '04/03/2021', '12/05/2021');
insert into shiptrip (shiptrip_id, route_id, mmsi, departure_location, arrival_location, loading_cargo_id, unloading_cargo_id, est_departure_date, est_arrival_date, real_departure_date, real_arrival_date) values (70007, 10, 258692000, 27792, 11174, 53304, 69477, '28/05/2021', '29/05/2021', '29/05/2021', '01/06/2021');
insert into shiptrip (shiptrip_id, route_id, mmsi, departure_location, arrival_location, loading_cargo_id, unloading_cargo_id, est_departure_date, est_arrival_date, real_departure_date, real_arrival_date) values (34710, 10, 636019825, 21556, 27792, 45228, 73258, '12/05/2021', '28/05/2021', '14/05/2021', '29/05/2021');

--FOR US407
insert into shiptrip (shiptrip_id, route_id, mmsi, departure_location, arrival_location, loading_cargo_id, unloading_cargo_id, est_departure_date, est_arrival_date, real_departure_date, real_arrival_date) values (74072, 1, 303267000, 29239, 22522, 52328, 723, '24/01/2022', '25/01/2022', '24/01/2022', '25/01/2022');
insert into shiptrip (shiptrip_id, route_id, mmsi, departure_location, arrival_location, loading_cargo_id, unloading_cargo_id, est_departure_date, est_arrival_date, real_departure_date, real_arrival_date) values (65759, 2, 258692000, 21206, 18476, 79225, 77328, '25/01/2022', '26/01/2022', '25/01/2022', '26/01/2022');
insert into shiptrip (shiptrip_id, route_id, mmsi, departure_location, arrival_location, loading_cargo_id, unloading_cargo_id, est_departure_date, est_arrival_date, real_departure_date, real_arrival_date) values (55009, 3, 256888000, 18937, 10563, 9062, 25442, '26/01/2022', '27/01/2022', '26/01/2022', '27/01/2022');
insert into shiptrip (shiptrip_id, route_id, mmsi, departure_location, arrival_location, loading_cargo_id, unloading_cargo_id, est_departure_date, est_arrival_date, real_departure_date, real_arrival_date) values (14734, 4, 303221000, 25007, 30045, 66729, 34491, '27/01/2022', '28/01/2022', '27/01/2022', '28/01/2022');
insert into shiptrip (shiptrip_id, route_id, mmsi, departure_location, arrival_location, loading_cargo_id, unloading_cargo_id, est_departure_date, est_arrival_date, real_departure_date, real_arrival_date) values (47538, 5, 636091400, 17941, 20072, 83244, 93962, '28/01/2022', '29/01/2022', '28/01/2022', '29/01/2022');
insert into shiptrip (shiptrip_id, route_id, mmsi, departure_location, arrival_location, loading_cargo_id, unloading_cargo_id, est_departure_date, est_arrival_date, real_departure_date, real_arrival_date) values (97997, 6, 258692000, 21381, 21206, 77328, 86476, '29/01/2022', '30/01/2022', '29/01/2022', '30/01/2022');
insert into shiptrip (shiptrip_id, route_id, mmsi, departure_location, arrival_location, loading_cargo_id, unloading_cargo_id, est_departure_date, est_arrival_date, real_departure_date, real_arrival_date) values (7282, 1, 212351000, 21852, 18937, 54091, 78548, '30/01/2022', '01/02/2022', '30/01/2022', '01/02/2022');
insert into shiptrip (shiptrip_id, route_id, mmsi, departure_location, arrival_location, loading_cargo_id, unloading_cargo_id, est_departure_date, est_arrival_date, real_departure_date, real_arrival_date) values (9474, 2, 636091400, 20072, 18867, 53304, 69477, '24/01/2022', '25/01/2022', '24/01/2022', '25/01/2022');
insert into shiptrip (shiptrip_id, route_id, mmsi, departure_location, arrival_location, loading_cargo_id, unloading_cargo_id, est_departure_date, est_arrival_date, real_departure_date, real_arrival_date) values (79138, 3, 256888000, 17941, 21556, 53304, 89260, '25/01/2022', '26/01/2022', '25/01/2022', '26/01/2022');
insert into shiptrip (shiptrip_id, route_id, mmsi, departure_location, arrival_location, loading_cargo_id, unloading_cargo_id, est_departure_date, est_arrival_date, real_departure_date, real_arrival_date) values (69693, 4, 235092459, 29876, 24795, 54561, 77328, '26/01/2022', '27/01/2022', '26/01/2022', '27/01/2022');
insert into shiptrip (shiptrip_id, route_id, mmsi, departure_location, arrival_location, loading_cargo_id, unloading_cargo_id, est_departure_date, est_arrival_date, real_departure_date, real_arrival_date) values (29730, 5, 212180000, 13176, 13390, 73258, 54091, '27/01/2022', '28/01/2022', '27/01/2022', '28/01/2022');
insert into shiptrip (shiptrip_id, route_id, mmsi, departure_location, arrival_location, loading_cargo_id, unloading_cargo_id, est_departure_date, est_arrival_date, real_departure_date, real_arrival_date) values (6843, 6, 258692000, 14226, 224858, 9004, 93962, '28/01/2022', '29/01/2022', '28/01/2022', '29/01/2022');
insert into shiptrip (shiptrip_id, route_id, mmsi, departure_location, arrival_location, loading_cargo_id, unloading_cargo_id, est_departure_date, est_arrival_date, real_departure_date, real_arrival_date) values (68973, 1, 636019825, 20351, 20847, 96922, 37588, '29/01/2022', '30/01/2022', '29/01/2022', '30/01/2022');
insert into shiptrip (shiptrip_id, route_id, mmsi, departure_location, arrival_location, loading_cargo_id, unloading_cargo_id, est_departure_date, est_arrival_date, real_departure_date, real_arrival_date) values (18507, 2, 256888000, 18454, 13176, 69477, 73258, '30/01/2022', '31/01/2022', '30/01/2022', '31/01/2022');
insert into shiptrip (shiptrip_id, route_id, mmsi, departure_location, arrival_location, loading_cargo_id, unloading_cargo_id, est_departure_date, est_arrival_date, real_departure_date, real_arrival_date) values (69451, 3, 303221000, 29239, 10860, 86476, 57650, '31/01/2022', '01/02/2022', '31/01/2022', '01/02/2022');
insert into shiptrip (shiptrip_id, route_id, mmsi, departure_location, arrival_location, loading_cargo_id, unloading_cargo_id, est_departure_date, est_arrival_date, real_departure_date, real_arrival_date) values (75733, 4, 210950000, 20512, 18200, 66729, 78548, '01/02/2022', '02/02/2022', '01/02/2022', '02/02/2022');
insert into shiptrip (shiptrip_id, route_id, mmsi, departure_location, arrival_location, loading_cargo_id, unloading_cargo_id, est_departure_date, est_arrival_date, real_departure_date, real_arrival_date) values (26085, 5, 303267000, 21206, 21852, 45228, 79225, '02/02/2022', '03/02/2022', '02/02/2022', '03/02/2022');
insert into shiptrip (shiptrip_id, route_id, mmsi, departure_location, arrival_location, loading_cargo_id, unloading_cargo_id, est_departure_date, est_arrival_date, real_departure_date, real_arrival_date) values (17423, 6, 212351000, 20826, 20826, 82845, 83244, '03/02/2022', '04/02/2022', '03/02/2022', '04/02/2022');
insert into shiptrip (shiptrip_id, route_id, mmsi, departure_location, arrival_location, loading_cargo_id, unloading_cargo_id, est_departure_date, est_arrival_date, real_departure_date, real_arrival_date) values (31374, 1, 305176000, 10136, 29002, 78991, 79225, '04/02/2022', '05/02/2022', '04/02/2022', '05/02/2022');
insert into shiptrip (shiptrip_id, route_id, mmsi, departure_location, arrival_location, loading_cargo_id, unloading_cargo_id, est_departure_date, est_arrival_date, real_departure_date, real_arrival_date) values (19356, 2, 249047000, 25007, 28082, 86476, 47409, '05/02/2022', '06/02/2022', '05/02/2022', '06/02/2022');
insert into shiptrip (shiptrip_id, route_id, mmsi, departure_location, arrival_location, loading_cargo_id, unloading_cargo_id, est_departure_date, est_arrival_date, real_departure_date, real_arrival_date) values (52877, 3, 636092932, 14277, 29239, 54561, 9062, '06/02/2022', '07/02/2022', '06/02/2022', '07/02/2022');
insert into shiptrip (shiptrip_id, route_id, mmsi, departure_location, arrival_location, loading_cargo_id, unloading_cargo_id, est_departure_date, est_arrival_date, real_departure_date, real_arrival_date) values (98427, 4, 636091400, 18867, 29749, 87507, 77328, '07/02/2022', '08/02/2022', '07/02/2022', '08/02/2022');
insert into shiptrip (shiptrip_id, route_id, mmsi, departure_location, arrival_location, loading_cargo_id, unloading_cargo_id, est_departure_date, est_arrival_date, real_departure_date, real_arrival_date) values (95119, 5, 228339600, 15107, 29749, 67603, 723, '08/02/2022', '09/02/2022', '08/02/2022', '09/02/2022');
--END US407


--?? shiptrips inserted

insert into client (registration_code) values (1);
insert into client (registration_code) values (2);
insert into client (registration_code) values (3);
insert into client (registration_code) values (4);
insert into client (registration_code) values (5);
insert into client (registration_code) values (6);
insert into client (registration_code) values (7);
insert into client (registration_code) values (8);
insert into client (registration_code) values (9);
insert into client (registration_code) values (10);

--10 clients inserted

insert into shipment (container_id, route_id, registration_code) values (9803333, 1, 6);
insert into shipment (container_id, route_id, registration_code) values (1386341, 2, 6);
insert into shipment (container_id, route_id, registration_code) values (531766, 3, 5);
insert into shipment (container_id, route_id, registration_code) values (3086183, 4, 3);
insert into shipment (container_id, route_id, registration_code) values (8335151, 5, 2);

--FOR US305 CONTROLLER
insert into shipment (container_id, route_id, registration_code) values (144449, 7, 10);
insert into shipment (container_id, route_id, registration_code) values (1962396, 8, 9);
insert into shipment (container_id, route_id, registration_code) values (7560668, 9, 8);
insert into shipment (container_id, route_id, registration_code) values (5655299, 10, 7);

--9 shipments inserted

--FOR US208 AND US209:

insert into ship (mmsi, vesseltypeid, imo, callsign, shipname, currentcapacity, draft, length, width) values (212351001, 70, 'IMO9305686', '5BZP4', 'HYUNDAI SINGAPORA', '79', 14.5, 303, 40);
insert into ship (mmsi, vesseltypeid, imo, callsign, shipname, currentcapacity, draft, length, width) values (636092933, 79, 'IMO9225642', 'D5VK7', 'MSC ILONO', '30', 11.8, 299, 40);

insert into cargomanifest (cargomanifest_id) values (19822);
insert into cargomanifest (cargomanifest_id) values (724);
insert into cargomanifest (cargomanifest_id) values (39824);
insert into cargomanifest (cargomanifest_id) values (45807);
insert into cargomanifest (cargomanifest_id) values (77329);
insert into cargomanifest (cargomanifest_id) values (87508);

insert into containerincargomanifest (container_id, cargomanifest_id, temperature_kept) values (8234084, 19822, null);
insert into containerincargomanifest (container_id, cargomanifest_id, temperature_kept) values (628900, 19822, -18);
insert into containerincargomanifest (container_id, cargomanifest_id, temperature_kept) values (2183409, 19822, 20);
insert into containerincargomanifest (container_id, cargomanifest_id, temperature_kept) values (8561707, 19822, null);
insert into containerincargomanifest (container_id, cargomanifest_id, temperature_kept) values (2650387, 19822, -26);
insert into containerincargomanifest (container_id, cargomanifest_id, temperature_kept) values (7749375, 19822, 11);
insert into containerincargomanifest (container_id, cargomanifest_id, temperature_kept) values (9661114, 19822, null);
insert into containerincargomanifest (container_id, cargomanifest_id, temperature_kept) values (7857665, 19822, 6);
insert into containerincargomanifest (container_id, cargomanifest_id, temperature_kept) values (8889089, 19822, -28);
insert into containerincargomanifest (container_id, cargomanifest_id, temperature_kept) values (4107082, 19822, 21);

insert into containerincargomanifest (container_id, cargomanifest_id, temperature_kept) values (5351520, 724, null);

insert into containerincargomanifest (container_id, cargomanifest_id, temperature_kept) values (3705156, 39824, -11);
insert into containerincargomanifest (container_id, cargomanifest_id, temperature_kept) values (3753096, 39824, null);
insert into containerincargomanifest (container_id, cargomanifest_id, temperature_kept) values (4162565, 39824, 24);
insert into containerincargomanifest (container_id, cargomanifest_id, temperature_kept) values (6807391, 39824, null);
insert into containerincargomanifest (container_id, cargomanifest_id, temperature_kept) values (5308377, 39824, -11);
insert into containerincargomanifest (container_id, cargomanifest_id, temperature_kept) values (6956397, 39824, -17);
insert into containerincargomanifest (container_id, cargomanifest_id, temperature_kept) values (4074022, 39824, -4);
insert into containerincargomanifest (container_id, cargomanifest_id, temperature_kept) values (6915770, 39824, 21);

insert into containerincargomanifest (container_id, cargomanifest_id, temperature_kept) values (2353883, 45807, null);
insert into containerincargomanifest (container_id, cargomanifest_id, temperature_kept) values (3011850, 45807, null);
insert into containerincargomanifest (container_id, cargomanifest_id, temperature_kept) values (4847076, 45807, -7);

insert into containerincargomanifest (container_id, cargomanifest_id, temperature_kept) values (123768, 77329, 15);
insert into containerincargomanifest (container_id, cargomanifest_id, temperature_kept) values (1558071, 77329, null);
insert into containerincargomanifest (container_id, cargomanifest_id, temperature_kept) values (896255, 77329, 19);
insert into containerincargomanifest (container_id, cargomanifest_id, temperature_kept) values (7329290, 77329, 7);
insert into containerincargomanifest (container_id, cargomanifest_id, temperature_kept) values (140768, 77329, null);
insert into containerincargomanifest (container_id, cargomanifest_id, temperature_kept) values (7827555, 77329, -15);
insert into containerincargomanifest (container_id, cargomanifest_id, temperature_kept) values (3951071, 77329, 8);

insert into containerincargomanifest (container_id, cargomanifest_id, temperature_kept) values (9803333, 87508, null);
insert into containerincargomanifest (container_id, cargomanifest_id, temperature_kept) values (5734111, 87508, -12);
insert into containerincargomanifest (container_id, cargomanifest_id, temperature_kept) values (4661451, 87508, -13);
insert into containerincargomanifest (container_id, cargomanifest_id, temperature_kept) values (5577067, 87508, -5);
insert into containerincargomanifest (container_id, cargomanifest_id, temperature_kept) values (7104943, 87508, 20);
insert into containerincargomanifest (container_id, cargomanifest_id, temperature_kept) values (961837, 87508, -9);

insert into shiptrip (shiptrip_id, route_id, mmsi, departure_location, arrival_location, loading_cargo_id, unloading_cargo_id, est_departure_date, est_arrival_date, real_departure_date, real_arrival_date) values (81342, 4, 212351001, 224858, 16485, 19822, 724, '06/02/2021', '08/02/2021', '26/02/2021', '08/05/2021');
insert into shiptrip (shiptrip_id, route_id, mmsi, departure_location, arrival_location, loading_cargo_id, unloading_cargo_id, est_departure_date, est_arrival_date, real_departure_date, real_arrival_date) values (67132, 5, 212351001, 13012, 11771, 39824, 45807, '11/02/2021', '20/02/2021', '11/03/2021', '17/06/2021');
insert into shiptrip (shiptrip_id, route_id, mmsi, departure_location, arrival_location, loading_cargo_id, unloading_cargo_id, est_departure_date, est_arrival_date, real_departure_date, real_arrival_date) values (68139, 6, 212351001, 18867, 24795, 77329, 87508, '24/02/2021', '26/02/2021', '27/03/2021', '26/04/2021');

--END OF INSERTS FOR US208 AND US209.

--FOR US308:

insert into ship (mmsi, vesseltypeid, imo, callsign, shipname, currentcapacity, draft, length, width) values (212351004, 70, 'IMO9307686', '5BSP4', 'HYUNDEI SINGAPORA', '30', 14.5, 303, 40);

insert into cargomanifest (cargomanifest_id) values (19823);
insert into cargomanifest (cargomanifest_id) values (19824);

insert into containerincargomanifest (container_id, cargomanifest_id, temperature_kept) values (4853420, 19823, -25);
insert into containerincargomanifest (container_id, cargomanifest_id, temperature_kept) values (8054992, 19823, 2);

insert into containerincargomanifest (container_id, cargomanifest_id, temperature_kept) values (4853420, 19824, -25);
insert into containerincargomanifest (container_id, cargomanifest_id, temperature_kept) values (8054992, 19824, 2);

insert into shiptrip (shiptrip_id, route_id, mmsi, departure_location, arrival_location, loading_cargo_id, unloading_cargo_id, est_departure_date, est_arrival_date, real_departure_date, real_arrival_date) values (81347, 5, 212351004, 224858, 16485, 19823, 19824, '06/02/2021', '08/02/2021', '26/02/2021', '08/05/2021');

insert into cargomanifest (cargomanifest_id) values (82846);

insert into containerincargomanifest (container_id, cargomanifest_id, temperature_kept) values (144449, 82846, 4);
insert into containerincargomanifest (container_id, cargomanifest_id, temperature_kept) values (666915, 82846, 3);
insert into containerincargomanifest (container_id, cargomanifest_id, temperature_kept) values (1049486, 82846, null);
insert into containerincargomanifest (container_id, cargomanifest_id, temperature_kept) values (1382188, 82846, null);
insert into containerincargomanifest (container_id, cargomanifest_id, temperature_kept) values (1475321, 82846, null);
insert into containerincargomanifest (container_id, cargomanifest_id, temperature_kept) values (1506075, 82846, 4);
insert into containerincargomanifest (container_id, cargomanifest_id, temperature_kept) values (1623809, 82846, -4);
insert into containerincargomanifest (container_id, cargomanifest_id, temperature_kept) values (1736584, 82846, null);
insert into containerincargomanifest (container_id, cargomanifest_id, temperature_kept) values (2650387, 82846, -26);
insert into containerincargomanifest (container_id, cargomanifest_id, temperature_kept) values (2661497, 82846, -30);
insert into containerincargomanifest (container_id, cargomanifest_id, temperature_kept) values (2701262, 82846, null);
insert into containerincargomanifest (container_id, cargomanifest_id, temperature_kept) values (2733809, 82846, 6);
insert into containerincargomanifest (container_id, cargomanifest_id, temperature_kept) values (2802505, 82846, -12);
insert into containerincargomanifest (container_id, cargomanifest_id, temperature_kept) values (2877511, 82846, null);
insert into containerincargomanifest (container_id, cargomanifest_id, temperature_kept) values (3011850, 82846, null);
insert into containerincargomanifest (container_id, cargomanifest_id, temperature_kept) values (3113560, 82846, null);
insert into containerincargomanifest (container_id, cargomanifest_id, temperature_kept) values (3143910, 82846, 18);
insert into containerincargomanifest (container_id, cargomanifest_id, temperature_kept) values (3272382, 82846, null);
insert into containerincargomanifest (container_id, cargomanifest_id, temperature_kept) values (3355821, 82846, 0);
insert into containerincargomanifest (container_id, cargomanifest_id, temperature_kept) values (4107082, 82846, 21);
insert into containerincargomanifest (container_id, cargomanifest_id, temperature_kept) values (4847076, 82846, -7);
insert into containerincargomanifest (container_id, cargomanifest_id, temperature_kept) values (4853420, 82846, -25);
insert into containerincargomanifest (container_id, cargomanifest_id, temperature_kept) values (4889108, 82846, -18);
insert into containerincargomanifest (container_id, cargomanifest_id, temperature_kept) values (5002135, 82846, -19);
insert into containerincargomanifest (container_id, cargomanifest_id, temperature_kept) values (5887416, 82846, -18);
insert into containerincargomanifest (container_id, cargomanifest_id, temperature_kept) values (6686080, 82846, -8);
insert into containerincargomanifest (container_id, cargomanifest_id, temperature_kept) values (7213722, 82846, -25);
insert into containerincargomanifest (container_id, cargomanifest_id, temperature_kept) values (7305599, 82846, null);
insert into containerincargomanifest (container_id, cargomanifest_id, temperature_kept) values (7636252, 82846, -21);
insert into containerincargomanifest (container_id, cargomanifest_id, temperature_kept) values (7749375, 82846, 11);
insert into containerincargomanifest (container_id, cargomanifest_id, temperature_kept) values (8054992, 82846, 2);
insert into containerincargomanifest (container_id, cargomanifest_id, temperature_kept) values (8364967, 82846, null);
insert into containerincargomanifest (container_id, cargomanifest_id, temperature_kept) values (8527619, 82846, 23);
insert into containerincargomanifest (container_id, cargomanifest_id, temperature_kept) values (8284377, 82846, -25);

insert into cargomanifest (cargomanifest_id) values (82847);

insert into containerincargomanifest (container_id, cargomanifest_id, temperature_kept) values (4853420, 82847, -25);
insert into containerincargomanifest (container_id, cargomanifest_id, temperature_kept) values (8054992, 82847, 2);
insert into containerincargomanifest (container_id, cargomanifest_id, temperature_kept) values (2701262, 82847, null);
insert into containerincargomanifest (container_id, cargomanifest_id, temperature_kept) values (8364967, 82847, null);
insert into containerincargomanifest (container_id, cargomanifest_id, temperature_kept) values (1736584, 82847, null);

insert into route(route_id) values(1020);

--END OF INSERTS FOR US308.

--INSERTS FOR US306

insert into PlaceLocation (location_id, locationlatitude, locationLongitude, country) values (111, 10.48333333, -66.866667, 'Venezuela');
insert into PlaceLocation (location_id, locationlatitude, locationLongitude, country) values (555, 8.966666667, -79.533333, 'Panama');
insert into PlaceLocation (location_id, locationlatitude, locationLongitude, country) values (222, 39.93333333, 32.866667, 'Turkey');
insert into PlaceLocation (location_id, locationlatitude, locationLongitude, country) values (333, 41.31666667, 19.816667, 'Albania');
insert into PlaceLocation (location_id, locationlatitude, locationLongitude, country) values (444, 52.51666667, 13.4, 'Germany');

insert into warehouse (warehouse_id, name, maxCapacity, location_id) values (11111, 'WarehouseA', 10, 111);
insert into warehouse (warehouse_id, name, maxCapacity, location_id) values (22222, 'WarehouseB', 20, 222);
insert into warehouse (warehouse_id, name, maxCapacity, location_id) values (33333, 'WarehouseC', 30, 333);
insert into warehouse (warehouse_id, name, maxCapacity, location_id) values (44444, 'WarehouseD', 40, 444);
insert into warehouse (warehouse_id, name, maxCapacity, location_id) values (55555, 'WarehouseE', 50, 555);

insert into cargomanifest (cargomanifest_id) values (82848);

insert into containerincargomanifest (container_id, cargomanifest_id, temperature_kept) values (4853420, 82848, -25);
insert into containerincargomanifest (container_id, cargomanifest_id, temperature_kept) values (8054992, 82848, 2);
insert into containerincargomanifest (container_id, cargomanifest_id, temperature_kept) values (2701262, 82848, null);
insert into containerincargomanifest (container_id, cargomanifest_id, temperature_kept) values (8364967, 82848, null);
insert into containerincargomanifest (container_id, cargomanifest_id, temperature_kept) values (1736584, 82848, null);

insert into cargomanifest (cargomanifest_id) values (82849);

insert into containerincargomanifest (container_id, cargomanifest_id, temperature_kept) values (4853420, 82849, -25);
insert into containerincargomanifest (container_id, cargomanifest_id, temperature_kept) values (8054992, 82849, 2);
insert into containerincargomanifest (container_id, cargomanifest_id, temperature_kept) values (2701262, 82849, null);
insert into containerincargomanifest (container_id, cargomanifest_id, temperature_kept) values (8364967, 82849, null);
insert into containerincargomanifest (container_id, cargomanifest_id, temperature_kept) values (1736584, 82849, null);

insert into truck (truck_id, name) values (11111, 'Axel');
insert into truck (truck_id, name) values (12345, 'Blaze');

insert into trucktrip (trucktrip_id, route_id, truck_id, departure_location, arrival_location, loading_cargo_id, unloading_cargo_id, est_departure_date, est_arrival_date, real_departure_date, real_arrival_date) values (11111, 1, 11111, 1741, 111, 19823, 19824, '08/12/2021', '9/12/2021', '10/12/2021', '14/12/2021');

--US305 THIRD SITUATION
insert into trucktrip (trucktrip_id, route_id, truck_id, departure_location, arrival_location, loading_cargo_id, unloading_cargo_id, est_departure_date, est_arrival_date, real_departure_date, real_arrival_date) values (11113, 9, 12345, 111, 333, 19823, 19824, '02/06/2021', '17/06/2021', '04/06/2021', null);

--US305 FOURTH SITUATION
insert into trucktrip (trucktrip_id, route_id, truck_id, departure_location, arrival_location, loading_cargo_id, unloading_cargo_id, est_departure_date, est_arrival_date, real_departure_date, real_arrival_date) values (11114, 10, 12345, 4366, 444, 19823, 19824, '02/06/2021', '17/06/2021', '04/06/2021', '26/06/2021');
insert into trucktrip (trucktrip_id, route_id, truck_id, departure_location, arrival_location, loading_cargo_id, unloading_cargo_id, est_departure_date, est_arrival_date, real_departure_date, real_arrival_date) values (11115, 10, 12345, 444, 555, 19823, 19824, '18/06/2021', '19/06/2021', '19/06/2021', '21/06/2021');

insert into cargomanifest (cargomanifest_id) values (19825);
insert into cargomanifest (cargomanifest_id) values (19826);

insert into containerincargomanifest (container_id, cargomanifest_id, temperature_kept) values (4853420, 19825, -25);
insert into containerincargomanifest (container_id, cargomanifest_id, temperature_kept) values (8054992, 19825, 2);

insert into containerincargomanifest (container_id, cargomanifest_id, temperature_kept) values (4853420, 19826, -25);
insert into containerincargomanifest (container_id, cargomanifest_id, temperature_kept) values (8054992, 19826, 2);

insert into trucktrip (trucktrip_id, route_id, truck_id, departure_location, arrival_location, loading_cargo_id, unloading_cargo_id, est_departure_date, est_arrival_date, real_departure_date, real_arrival_date) values (11112, 1, 11111, 111, 1741, 19825, 19826, '18/01/2022', '19/01/2022', '18/01/2022', '20/01/2022');

insert into cargomanifest (cargomanifest_id) values (19888);
insert into containerincargomanifest (container_id, cargomanifest_id, temperature_kept) values (7572031, 19888, 10);

insert into cargomanifest (cargomanifest_id) values (19889);
insert into containerincargomanifest (container_id, cargomanifest_id, temperature_kept) values (7572031, 19889, 10);

insert into route(route_id) values(1098);

insert into trucktrip (trucktrip_id, route_id, truck_id, departure_location, arrival_location, loading_cargo_id, unloading_cargo_id, est_departure_date, est_arrival_date, real_departure_date, real_arrival_date) values (11199, 1098, 11111, 1741, 111, 19888, 19889, '18/12/2021', '25/12/2021', '18/12/2021', '25/12/2021');

--END OF INSERTS FOR US306

--INSERTS FOR US307

insert into PlaceLocation (location_id, locationlatitude, locationLongitude, country) values (14011, 54.1505, 12.105, 'Germany');

insert into warehouse (warehouse_id, name, maxCapacity, location_id) values (1401111, 'WarehouseA', 3, 14011);

insert into route(route_id) values(1401);
insert into route(route_id) values(1402);

insert into cargomanifest (cargomanifest_id) values (19846);
insert into containerincargomanifest (container_id, cargomanifest_id, temperature_kept) values (4853420, 19846, -25);
insert into containerincargomanifest (container_id, cargomanifest_id, temperature_kept) values (8054992, 19846, 2);
insert into cargomanifest (cargomanifest_id) values (19848);
insert into containerincargomanifest (container_id, cargomanifest_id, temperature_kept) values (4853420, 19848, -25);
insert into containerincargomanifest (container_id, cargomanifest_id, temperature_kept) values (8054992, 19848, 2);

insert into cargomanifest (cargomanifest_id) values (19847);
insert into containerincargomanifest (container_id, cargomanifest_id, temperature_kept) values (4853420, 19847, -25);
insert into cargomanifest (cargomanifest_id) values (19850);
insert into containerincargomanifest (container_id, cargomanifest_id, temperature_kept) values (4853420, 19850, -25);

insert into trucktrip (trucktrip_id, route_id, truck_id, departure_location, arrival_location, loading_cargo_id, unloading_cargo_id, est_departure_date, est_arrival_date, real_departure_date, real_arrival_date) values (14111, 1401, 11111, 111, 14011, 19848, 19846, '18/12/2021', '19/12/2021', '28/12/2021', '29/12/2021');

insert into cargomanifest (cargomanifest_id) values (19851);
insert into containerincargomanifest (container_id, cargomanifest_id, temperature_kept) values (9608504, 19851, -25);
insert into containerincargomanifest (container_id, cargomanifest_id, temperature_kept) values (3462818, 19851, -25);
insert into cargomanifest (cargomanifest_id) values (19852);
insert into containerincargomanifest (container_id, cargomanifest_id, temperature_kept) values (9608504, 19852, -25);
insert into containerincargomanifest (container_id, cargomanifest_id, temperature_kept) values (3462818, 19852, -25);

--END OF INSERTS FOR US307

--INSERTS FOR US10

insert into route(route_id) values(81999);
insert into route(route_id) values(81900);
insert into route(route_id) values(81901);
insert into route(route_id) values(81902);

insert into truck (truck_id, name) values (81901, 'Blabla');

insert into PlaceLocation (location_id, locationlatitude, locationLongitude, country) values (14099, 54.15087, 12.10543, 'Germany');

insert into warehouse (warehouse_id, name, maxCapacity, location_id) values (1401999, 'WarehouseLinda', 3, 14099);

insert into ship (mmsi, vesseltypeid, imo, callsign, shipname, currentcapacity, draft, length, width) values (636092948, 79, 'IMO9225789', 'D5LK9', 'MSC ILANA', '30', 11.8, 299, 40);
insert into ship (mmsi, vesseltypeid, imo, callsign, shipname, currentcapacity, draft, length, width) values (636092949, 79, 'IMO9225790', 'D5L10', 'MSC ILANE', '30', 11.8, 299, 40);
insert into ship (mmsi, vesseltypeid, imo, callsign, shipname, currentcapacity, draft, length, width) values (636092950, 79, 'IMO9225791', 'D5L11', 'MSC ILANI', '30', 11.8, 299, 40);
insert into ship (mmsi, vesseltypeid, imo, callsign, shipname, currentcapacity, draft, length, width) values (636092951, 79, 'IMO9225792', 'D5L12', 'MSC ILANU', '30', 11.8, 299, 40);

insert into shiptrip (shiptrip_id, route_id, mmsi, departure_location, arrival_location, loading_cargo_id, unloading_cargo_id, est_departure_date, est_arrival_date, real_departure_date, real_arrival_date) values (81901, 81999, 636092948, 10136, 16485, 19851, 19852, '06/02/2021', '08/02/2021', '26/02/2021', '30/04/2021');
insert into shiptrip (shiptrip_id, route_id, mmsi, departure_location, arrival_location, loading_cargo_id, unloading_cargo_id, est_departure_date, est_arrival_date, real_departure_date, real_arrival_date) values (81903, 81999, 636092949, 10136, 16485, 19851, 19852, '08/02/2021', '10/02/2021', '02/05/2021', '03/05/2021');
insert into shiptrip (shiptrip_id, route_id, mmsi, departure_location, arrival_location, loading_cargo_id, unloading_cargo_id, est_departure_date, est_arrival_date, real_departure_date, real_arrival_date) values (81904, 81900, 636092950, 10136, 16485, 19851, 19852, '08/02/2021', '10/02/2021', '03/05/2021', '04/05/2021');
insert into shiptrip (shiptrip_id, route_id, mmsi, departure_location, arrival_location, loading_cargo_id, unloading_cargo_id, est_departure_date, est_arrival_date, real_departure_date, real_arrival_date) values (81905, 81901, 636092951, 10136, 16485, 19851, 19852, '08/02/2021', '10/02/2021', '04/05/2021', '05/05/2021');
insert into trucktrip (trucktrip_id, route_id, truck_id, departure_location, arrival_location, loading_cargo_id, unloading_cargo_id, est_departure_date, est_arrival_date, real_departure_date, real_arrival_date) values (81906, 81902, 81901, 1741, 14099, 19851, 19852, '18/04/2022', '19/04/2022', '05/05/2021', '06/05/2021');
insert into trucktrip (trucktrip_id, route_id, truck_id, departure_location, arrival_location, loading_cargo_id, unloading_cargo_id, est_departure_date, est_arrival_date, real_departure_date, real_arrival_date) values (81907, 81902, 81901, 14099, 1741, 19851, 19852, '18/04/2022', '19/04/2022', '07/05/2021', '09/05/2021');

--END OF INSERTS FOR US10

--US304
update containerincargomanifest set temperature_kept = 2 where container_id=8950208 and CARGOMANIFEST_ID=11031;